sample_id,lambda_pattern,G_exact_minus3,G_eff,unstable
0,-0.0367574223740655,1.3885413647838137e-05,0.0001899586411587046,False
1,-0.0144516677462365,3.733968960154431e-08,5.6837261585640964e-08,False
2,-0.2328733591451914,0.004717380637555265,0.007367388669904166,False
3,0.1211456278742695,5.965946574493464,11.906904883819829,True
4,-0.1115335710190151,0.001982200822997532,0.053153463591151376,False
5,1.2136387944084073,3.90558053517998,10.271623298849498,True
6,0.0861914975596341,2.3138631154237954,2.339238573866748,True
7,0.1781956153315242,11.81759202579499,11.87925416529357,True
9,-0.0143722402432891,5.561327295599161e-06,7.29640727614843e-06,False
10,0.2725663638490229,4.680590922622504,6.7618710823089785,True
11,0.1495510098872439,2.580441792989464,4.437385866169438,True
12,-0.0403450120113405,3.697162227719293e-10,8.082833133404819e-10,False
13,0.787385307164062,7.837218291499888,4.269319544408242,True
15,-0.1984562470743551,3.253019552085054e-05,4.3850453502983866e-05,False
17,-0.1629844041732965,0.1137366933255212,1.0493111537877564,False
18,0.2228714561349276,3.8149560112292042,5.270656287432411,True
20,-0.2528176734203898,0.03192323072442962,0.30202992018795494,False
21,-0.0129261605958289,0.000476562909327556,0.0003221132281947295,False
22,-0.1513944112136104,8.370097138151258e-09,2.8327055557840084e-09,False
23,-0.0160804105055611,5.019304544891524e-05,8.293983251910964e-05,False
24,0.0052007381218733,1.346808871790582,3.3181280580509167,True
26,-0.0355515087623767,0.0001801220524433332,0.03377190083644274,False
27,-0.0386841725499485,0.008877436643664333,0.20332623094229202,False
28,-0.0305863052265994,1.171671203602317e-07,2.0704281188819085e-06,False
29,-0.4066458958171788,1.291840680599732e-06,2.8995943456823394e-05,False
30,-0.140999077571239,6.02391210757084e-12,5.006293938096792e-12,False
31,-0.0667788195611844,0.21177142413335565,0.25452548036871575,False
32,-0.14310547985825,0.0002997663858016962,0.00027573140869912454,False
33,0.2242906480884831,1.8927384120972477,1.8997417933158187,True
34,-0.133630673633507,0.12736289469769585,0.1671583330803686,False
35,-0.2015890780423001,0.008361290176776157,0.37911509446783254,False
38,-0.0972152109812874,0.24997178468889955,0.8297795909740829,False
39,0.0961920916350667,2.9549860507302355,2.9760166763668705,True
40,0.2555536311073501,2.455936305284259,2.652338720353391,True
41,0.0614638137405784,3.4344638290074476,3.5908672793591325,True
42,0.1264533696966987,7.821264659363523,8.565606549139428,True
44,-0.0596797716594316,0.007837220521513581,0.7753784959981666,False
45,0.2947050575170463,1.7106208811330732,4.8774275382924595,True
46,-0.0937763275229857,9.139625051371525e-06,0.0010353479945246322,False
47,0.2604599619021394,6.7394437496262976,7.330954022019514,True
49,0.1687349381415183,2.124999365882488,2.667533556851898,True
50,0.0742828813607513,1.2895153902998615,1.5479732057746949,True
51,-0.2325811454252748,0.0010966419610897594,0.0006640248556829586,False
53,0.1734272440362965,6.6192755356139426,7.356288236065898,True
54,0.4369349794743736,6.9061271447771535,8.349522065553765,True
55,-0.0102860380975047,0.00011346101877095139,0.00044613199715881456,False
56,-0.0144338423106371,0.0001800222391454187,5.877556623532731e-05,False
57,-0.0941364587493044,4.433588368443247e-06,4.96467705497346e-06,False
58,-0.0178190150000876,1.3599286292521114e-07,2.9826315376610736e-06,False
60,-0.011596219735136,0.09954054768051718,0.31912384883879263,False
61,0.0813595300368883,1.5053620106028587,1.5229455695030631,True
62,0.2434701376931956,2.5701553056533366,3.2731562030803243,True
63,-0.0607077078211791,0.007719686482269912,1.2598167238691844,False
64,-0.0206810727108642,0.08803706556778684,0.08925354627406468,False
65,-0.0113957633870016,0.0005270245010499897,0.01234640514389772,False
66,0.0486879743534123,5.530986962391697,8.100765125241088,True
67,-0.0259588710747855,0.000254829793038337,0.0004271740055936442,False
69,-0.0633011398850316,7.351053608865672e-08,1.150123792428285e-06,False
70,-0.0635537925641447,4.974626664803237e-07,2.4777465262188615e-06,False
71,0.332511135392827,3.8302539147707653,4.491467498387915,True
73,0.059033973579973,5.855348806709253,7.315763842514375,True
74,-0.0131542781059469,0.8003606941052082,3.200965074532933,False
75,-0.603468522665934,0.01688683378838836,0.17179583460394848,False
76,-0.0123877477064722,1.135254230704989e-06,1.2866196771215562e-06,False
77,-0.1535177583339097,2.2997075889981197e-12,2.0304108173441293e-12,False
79,-0.0763898477313236,0.00034998795629546275,0.0013154795314472964,False
80,-0.1026329380541822,8.516262117248798e-11,6.443687054421219e-10,False
81,-0.0595510000589699,0.004020767643752581,0.38442073592537174,False
82,-0.0475278933275386,3.9588245424846605e-05,0.0013633199875167888,False
83,0.08175145239233,3.1317036183178675,3.946657915692961,True
84,0.3073211351417284,6.249265456776815,8.143903465905725,True
85,-0.0239855719478921,0.00010026046568953074,0.011950230454180122,False
86,-0.1193621130949628,2.9185169264008787e-05,7.096472003371869e-05,False
87,-0.0156981053459109,0.5956713713909739,1.8228184589102376,False
88,0.0960407534028667,3.6374889092870886,5.504334781921861,True
89,-0.0267603616818021,8.613806995908766e-08,1.4641963417648319e-07,False
90,-0.0202500130922855,7.710048945622963e-06,7.4593803740593315e-06,False
91,-0.0165953430623319,4.2138054091544005e-11,2.3463508502186967e-11,False
92,0.2807560739013052,6.378587245871974,8.762777436339483,True
93,-0.0114959601593741,0.034499375271828024,0.7217006854617775,False
94,-0.0800203715602349,2.480255979990909e-09,3.1392036846282186e-09,False
95,-0.0728804015304872,3.334166414030621e-09,1.854509994637496e-08,False
97,0.0904045521024723,2.0327406321556305,6.764448298851249,True
98,0.2577890917874407,7.474181033685506,7.617498258826737,True
99,-0.0286446081242715,2.485258260796551e-14,3.064066947427143e-13,False
100,-0.1075792942471848,0.005463363582949557,0.055236573492534115,False
101,-0.1101180989636398,0.13211593107226016,0.6370688065237489,False
102,-0.0496689832888848,1.73891866197738e-11,2.3438640374127e-09,False
103,0.129430828867897,11.886301164611433,13.126641027507551,True
104,-0.046212166922882,8.439865348336493e-27,8.44540104513425e-27,False
105,-0.0147657446492306,0.0971360919539252,1.1456059143667552,False
106,0.0155185238633602,1.4012515183634766,3.8972448870210887,True
107,-0.0010470291732035,0.9849554947931637,3.614532598430442,False
108,-0.0254866460891838,1.5579975660369135e-06,9.449776334678972e-07,False
110,-0.0284241427026779,0.0018432259050743128,0.0034780657536057757,False
112,-0.1750714041088429,0.00037512296074670916,0.0020511973833805095,False
114,-0.0181891002879843,1.0070504306414397e-08,3.6808122614972233e-09,False
115,-0.0112859384602553,0.00028453450831513713,0.0006190279935265533,False
116,-0.0495875430458981,4.125912356473004e-06,0.00046139272137401193,False
117,-0.0329040360591158,0.5513104108780904,1.440151842537247,False
118,0.0145616824512878,1.2329549514212212,4.631189203053015,True
119,-0.0441679778317828,0.032830546823140114,0.06638974986154474,False
121,-0.0145300343164937,0.0008475575630094437,0.06986527565618407,False
122,1.6087277525333143,11.175751982708165,11.320169860541036,True
123,-0.2129679328744084,6.838928399540932e-09,1.6235419834992e-08,False
126,-0.0232699669951483,3.277849965610918e-10,4.5935390884287495e-10,False
127,-0.072810127262403,0.03485256697227875,0.027213145693789676,False
128,-0.2164894868008774,2.9416352368766453e-05,0.00019353948763507116,False
129,0.0390383179314236,1.49377506489286,2.0470230078148575,True
130,-0.0270998980282094,1.3218258800144165e-05,1.0527385776283776e-05,False
131,0.1557811428832151,8.70685249136578,8.93658727119652,True
132,0.0103244260945165,1.2072163218061458,2.9699809409578486,True
133,0.0032176791663349,1.092362365199055,5.302447222711726,True
134,-0.0485355716814315,5.335491954340539e-05,0.0009051087627588775,False
135,-0.0250822073711517,5.975346072230742e-05,0.00024318048475282063,False
136,-0.1854612328477655,0.28754384567496255,6.376796580796183,False
139,0.4135383126728178,3.123860928596769,11.931741785474555,True
141,0.3585985549039082,9.786570122495396,9.387308738624103,True
142,0.0549841034777758,1.9780812370925411,2.5477914250218707,True
143,-0.2615709765856692,0.004149890070161787,0.024175388503660435,False
145,-0.0171254518647621,5.010085819983015e-05,9.36194321959433e-05,False
146,-0.0379826252668903,7.27477852407863e-06,0.0001870437614578546,False
147,-0.0471134368215357,0.010503500710308368,0.2641846099130667,False
148,-0.2343378818665903,1.6635375671130072e-08,2.8718033174187746e-06,False
149,0.0509585040276511,2.1372930299369317,2.235762327869751,True
150,-0.3698132921789108,1.0468116096253908e-07,1.5377915904096142e-06,False
151,0.1625231424478824,3.508275492373557,3.7003325665630262,True
152,-0.2845235763702297,0.02934628797551544,0.03228914078330994,False
153,-0.0279917581701655,2.2162507582040307e-14,6.636818636010849e-13,False
154,0.0167070897122361,1.431865472191488,8.723942601728886,True
155,-0.0442749300182893,0.11103022651247102,1.4266466793494874,False
156,-0.024836340726335,0.1388991526456014,0.8173982229796523,False
157,0.088278273141189,5.505003405962852,6.385207008980599,True
158,-0.2804755044324163,0.015034273065173784,1.060109477368964,False
159,0.1452134487990544,11.35702230245626,13.363670162439972,True
161,-0.0237734283976276,0.005338033091688496,0.010511216798020724,False
162,-0.0400780244254789,6.10917314848085e-08,1.2807940481833321e-06,False
163,-0.0157613306074809,0.00010504647643888796,3.9937726197768295e-05,False
164,-0.0234731431635517,2.3612893061746547e-07,2.297210076656473e-07,False
165,0.0417502329694119,1.4887860159256836,1.9407212527636597,True
166,-0.0236587694265445,0.002923828305538221,0.03869178358790779,False
167,1.0222576318391634,1.8914954635004064,12.03630882158822,True
168,-0.0835078077786832,0.0003308855788718996,0.002986195081344288,False
170,0.0082150231193506,1.5817324825413295,3.2879381270622323,True
172,-0.1361672909265077,0.002085796610609155,0.009117639798886875,False
173,0.3207766684679671,10.116109530705499,10.101139244356753,True
174,-0.0315615678857724,1.1557035501734488e-11,1.444778503692864e-10,False
175,-0.1491811723517468,0.0003576929002375366,0.008209416811265875,False
176,-0.0139090097829652,0.029646718577403048,0.19366377633563392,False
177,0.0334278772408885,2.5014315194706955,1.2142334699670043,True
178,-0.0340917254438899,6.770691358688567e-05,0.0027087135721655543,False
181,0.6550990159091622,9.702964370588994,9.425756857777218,True
182,0.2851466835266613,3.4879254967193645,3.574139207742284,True
183,-0.0633558674426574,0.10344718724923037,3.1797770905282845,False
185,-0.0235873460721027,5.205863331743221e-10,3.1778518808863957e-08,False
186,0.3770220704905092,6.730060160210841,7.807867214073192,True
187,-0.070763871862007,0.05059008246238626,0.13345787362168465,False
188,-0.0353341597084699,0.4164728165324569,1.7920841924061564,False
189,0.2883084739113349,11.97290308451469,12.1641322734808,True
191,-0.0258326737854303,1.4050272709702272e-05,4.7241979801239394e-05,False
192,0.3082605318773001,4.690198652858925,5.6179758944536,True
193,-0.0114625280718061,1.861083701142409e-07,7.343031791574838e-08,False
194,-0.0221870888983583,0.004147370141730341,0.003896430595888443,False
195,-0.2571687011867386,2.431429465918062e-05,0.00011915911819967459,False
196,-0.0487324039821227,3.6461890384303e-07,2.6926687609963435e-06,False
197,-0.0192233323444137,0.9016563966492509,5.2205362679333716,False
198,-0.0314291716592298,3.6849655885874724e-09,3.172333491132947e-09,False
199,-0.0227409475172234,1.7978314821929755e-11,1.646121207560216e-10,False
200,0.0679015946259568,3.8720739394913792,4.205816157877385,True
201,0.0843933539448223,4.711535054319974,6.320113176692839,True
202,-0.032035976242558,0.028585078390670773,0.020012880800743534,False
203,0.9724915148738172,3.2949739647727476,6.708361442753147,True
204,-0.0667571420160231,6.006961464709074e-07,2.256994509339549e-07,False
206,-0.0302787737056663,6.120314741321039e-05,5.106338556414084e-05,False
207,-0.120497731738574,0.003533361332272493,0.20393650838993366,False
208,-0.0286340894464081,0.5744963523440889,1.0400072232230315,False
210,-0.0216847915422479,0.004229401474966149,0.05986982368535509,False
211,-0.0900071270847509,8.257059848703747e-11,1.0277402368543388e-10,False
212,0.1565612498826588,4.775560778434244,13.920375840506894,True
214,-0.2534275098104935,1.640832772532378e-05,3.102542175233295e-05,False
215,0.001913188308915,1.0484763656319633,3.3136929426075814,True
216,-0.0562566554990854,1.3371945923764216e-11,1.1957482113794477e-10,False
217,0.0792333446849922,1.3679860431739619,1.3889290244901344,True
218,0.2744080431416377,12.06424262857787,12.924701111478953,True
219,0.0609977455405156,3.0864968868271863,3.1962607698552046,True
220,0.1364465695163498,1.8031975105788822,1.9843124701216657,True
221,-0.0864687214990098,0.18770570588331226,1.941653027168674,False
222,-0.0116656417294944,6.080831136834143e-11,9.715862234461764e-11,False
225,0.1407831226118205,3.6471021199226348,6.837082228826451,True
226,0.0845136683556023,1.5068711062344993,5.878609845433533,True
227,-0.0620240374055,0.0004168118219597828,0.012235020595234911,False
228,-0.0283196687568594,0.7062098939208566,1.1044001587598857,False
229,-0.0247040067651573,5.923081176332165e-08,5.4859978049625664e-08,False
231,-0.0259154251514167,0.0011389463576829144,0.04125945290390209,False
232,-0.142694870608816,0.00015276438818861746,0.003981813206575078,False
233,-0.0138262160788809,0.0186949227974557,0.40391869697793376,False
234,-0.0145974651461997,0.004404874930004462,0.26665404636146317,False
235,-0.2273068186430373,3.384563260993613e-11,5.903095613829235e-10,False
236,0.1153087836152983,12.109366789973347,12.272264421461005,True
238,-0.0460703724114429,0.3373066118765044,2.037318832856948,False
239,-0.0538082428174258,0.00012841426108396077,0.0003517908588519378,False
240,-0.0114939404878708,0.029202426971059032,0.18458984384325897,False
241,-0.11235215240897,2.1717822520916315e-12,2.172361240249916e-12,False
242,-0.1278560956820273,0.00011666725585522514,0.00015961894728380862,False
243,-0.0562024959055709,0.13410361615398156,0.5462055234885151,False
244,-0.0988688286990291,5.40530513368638e-08,3.582583317423555e-08,False
245,-0.0158981498646978,3.817444869971246e-05,0.00014171912568710922,False
246,-0.0524709962567654,6.972448521966172e-08,3.090477653781858e-08,False
247,-0.0998518013975328,0.003134134086246557,0.14114260256267416,False
248,0.0495333256023448,4.072769868342165,4.107188214285708,True
250,1.2351951049012524,7.190165401335427,7.544542221318098,True
251,-0.0332246293599606,2.0332709008934858e-11,2.748751578251985e-09,False
252,0.1545721407435884,2.2959477408899174,2.42428172846374,True
253,0.0334444294150823,1.604252548701367,1.7889992681775992,True
254,-0.0423337365636398,0.002012337956799015,0.004837759015029755,False
255,0.479884481089312,20.232068232773983,12.415962615225903,True
256,-0.0125543476524068,0.07648485781010811,4.367258143201686,False
257,-0.0161973895437438,0.14015398423295616,9.86720891503018,False
258,-0.0655348237400438,0.02854435771304515,0.03872250909976387,False
259,-0.0873588675756631,0.00010813305951600108,0.00024223838555794796,False
260,-0.380351184981873,5.886564048236958e-09,2.2567740689565667e-07,False
261,0.0710705383391652,1.8841188888599119,7.8325597546595445,True
262,0.1714638318237974,2.635645928064386,14.791415403079355,True
263,-0.1864593444215879,1.3002215827940135e-08,4.389228560503712e-07,False
264,-0.0512777977997844,5.013033570355228e-07,1.2777843777661092e-06,False
266,-0.0327226714378488,0.004227617973853668,0.06068028906342887,False
267,-0.0183629082673734,0.03200808538683448,2.096426389663249,False
268,0.2289719000383343,1.887999755700855,2.038214119611964,True
269,-0.0418143036177941,0.32087999876028117,3.235288339820288,False
270,-0.0537527138332762,2.0058528744128896e-12,4.372383935604583e-12,False
271,0.2098312556841715,3.9830612666599436,6.625927876990017,True
272,0.6389794593546531,11.580616349682206,11.898371469629694,True
273,-0.1666775149251508,0.017836750307444454,0.039349376456306595,False
274,-0.0939760405948564,0.0073796044562871345,0.006998245584595164,False
275,0.2573293651418702,3.1467954253095294,3.217200225555097,True
276,0.0822043794102614,1.832896720871121,1.691789555108405,True
277,-0.0235461864768051,3.634734967024693e-05,5.665994159175428e-05,False
278,-0.0760871593641157,0.17914537096586833,2.2147151108572705,False
279,-0.0823679712592744,1.4563615811293815e-06,2.1739916075842507e-06,False
280,0.0568683495779823,4.249597312961698,5.116064521199758,True
282,0.0536962967731734,2.2790110069783442,3.821061381393195,True
284,-0.0708715794465082,0.013763366604571765,0.0071735694817227896,False
285,0.3626252112901921,12.678339205182798,12.514406404760216,True
286,0.2023312070553158,4.05353979383018,4.678111058004958,True
287,-0.0223301825399923,1.2695584498092404e-11,9.245103024582451e-12,False
291,-0.0166122525101517,4.212183950785535e-06,1.9499409244724413e-05,False
292,-0.0025810952068983,0.7743821903984053,1.0455182735185795,False
293,-0.1694570384302141,1.3612695075117546e-07,1.3339351914791984e-07,False
294,-0.2958429303739749,0.05866653786169039,0.02259938980097609,False
295,0.0425692606179435,2.3629998846594207,2.272073694027945,True
296,0.4082005706324647,3.013677627615863,3.140870449980639,True
297,0.0288546646356691,2.2049992012932584,4.946441281199186,True
298,0.2955040779724623,5.701196548974024,5.677853161716444,True
299,-0.0176765214212401,1.0541566067897187e-13,1.3858724938634464e-13,False
300,-0.0547650753537556,3.8496882359435746e-05,0.0032971064090549134,False
301,-0.0434107394439483,1.79772791844139e-08,7.285540007216093e-08,False
302,-0.0164119556305974,0.0004331829296591109,0.0005500538738043465,False
305,-0.0520772520416584,0.00020830641960331006,0.00024752054998984744,False
307,-0.0543480946420592,3.948105783636434e-05,0.0005314362355790248,False
308,-0.0169678276192571,1.7960739206489519e-06,1.7262557673207818e-06,False
311,0.0458680264830205,4.932222388482208,4.489424484396833,True
313,-0.0296859059722771,4.0796688006655163e-16,1.638155900847379e-14,False
314,-0.0414803627103541,4.266394235999359e-10,5.341622424673282e-10,False
315,0.5215856296325252,4.032288952064965,4.059199896840018,True
316,0.1713156237225576,2.6277564841307712,3.497995180835772,True
317,0.3812120439766337,4.609108000136074,5.26761898587048,True
318,-0.0198678173615786,9.593285163449827e-13,1.9448213868791567e-12,False
319,-0.0194707732388224,2.9483479317239716e-20,5.659271696160631e-19,False
321,-0.0178440965896316,5.861835150799275e-07,4.1423192360013985e-06,False
323,-0.0136037820665983,0.003908809881008164,0.005798564873173893,False
324,0.2537239831513021,8.756570686242673,9.434036182623755,True
325,0.2970086302629757,4.828274629787453,4.9419548767951875,True
326,-0.0160282299888596,0.001713037962876476,0.018818849066387623,False
327,-0.3747992163405494,0.0012168464808134344,0.001275261165754405,False
328,-0.0113867049167367,3.149977239273019e-06,3.813212521914901e-06,False
329,0.0206688227731843,1.839530290596072,2.2074939914857095,True
330,-0.0741279784529283,8.31977249333162e-05,0.008762873287475924,False
331,-0.020484561306826,0.00012338424507377644,0.00022870966397852048,False
334,0.8320334647804979,16.053468727186345,11.511771741585308,True
337,-0.0107718819188954,0.0009000253221242225,0.009639327138797383,False
339,0.400877984548857,11.03188317949739,8.128457917151799,True
341,-0.0134339058721156,2.402385658011e-11,3.8477088220972614e-11,False
342,0.4291366654553466,6.830029086978096,6.952961491148561,True
343,-0.1078511857830674,0.00011803132113972513,0.00024779463561627654,False
344,0.0907822510444175,3.264199622882398,10.993674142424192,True
345,0.4065047852799794,9.219475271356949,9.420071432711762,True
346,0.0728423142546892,9.29231950859923,2.829187948204667,True
347,-0.0100225996620459,0.1719523207213491,6.709348654884973,False
349,-0.0254299632368906,0.04798926485998259,0.08522701324016954,False
350,-0.040430759044601,0.005571963137851996,0.011150284255331504,False
351,4.506375044015388,13.803709357280255,15.175671946296315,True
353,-0.0304549251868603,6.348483679219804e-05,0.00032422734709617435,False
354,-0.0437926672328402,1.1529079528611028e-12,3.034739101994556e-11,False
355,0.0745986951961216,2.383987595703008,3.506959101816347,True
356,-0.1449323694472767,8.350115096624541e-07,8.419641874954765e-07,False
357,0.9385624977616832,10.374985081050808,10.676763455533806,True
358,-0.0216744468990524,4.28590190590399e-09,2.7894092327067096e-08,False
359,-0.0129522104357407,0.06591984844800829,0.5266669764231227,False
360,0.1908345733492452,1.8408453993076532,6.342815107689926,True
361,-0.0536068453032251,3.666827992045297e-14,2.565200449152546e-13,False
362,0.1699331559345762,6.618797926432966,6.757366357229207,True
363,-0.0182273870220818,0.00020484842331629395,0.00013120352278335113,False
364,0.2680201945072969,3.0075516630552896,9.408643418043004,True
365,0.7194170480972746,31.251508314370458,9.7284705071531,True
366,0.982099243036042,13.259122089087395,9.880437692724747,True
367,0.2379996831461906,6.357073508129005,6.721969796517659,True
368,-0.010413608097502,2.453501220428948e-07,1.0477730535127783e-07,False
369,0.0878889016765957,5.98864034843771,6.5050484889201625,True
370,-0.0389335122592066,1.0386984887297421e-05,8.237968363453612e-06,False
373,-0.0284985601452105,0.35505464585324825,0.39673553567089787,False
376,-0.010496122309643,9.381998896671439e-05,0.000482300635360815,False
378,-0.0161531489325364,2.1041196510507835e-05,1.3668530196947271e-05,False
379,1.507061558983137,4.162146034115307,5.14184311841348,True
380,-0.0344257397576443,1.4995330231215766e-07,1.4303884368266399e-06,False
381,-0.018141031326725,6.49526776890579e-10,1.0127244301600363e-08,False
382,-0.0252094644111608,0.0068976385519328885,0.15909657889767168,False
383,-0.0246124546160921,0.00033521354172108553,0.0004888515364609719,False
384,0.0277705523475929,3.4085206791381197,3.610146502970909,True
385,0.1426113669630223,1.8473283938664224,3.134468225089026,True
386,-0.0248968374174984,0.04691346152633813,0.1003879424913682,False
387,0.1212825848131923,1.8732501983699628,1.924596554953175,True
388,-0.0503979879414474,0.32421858358082417,6.142803344349841,False
389,-0.6434096574042488,6.775366509884893e-07,2.743989010498442e-05,False
390,-0.0683289445500361,8.440872433541632e-07,4.728990955508556e-06,False
391,-0.0152480063369592,0.5240091901870744,0.5364904329737609,False
392,-0.0145373122827027,2.8321913900432934e-11,8.883298308724256e-11,False
393,-0.0792905281777767,3.0489208891207763e-05,1.6011156003610156e-05,False
394,0.2343788325793002,3.3019465024730565,3.4533823607476783,True
395,0.0791912957067329,4.826662655884035,8.083145395251067,True
397,-0.0915504211860046,0.260562646167291,2.050938126805862,False
398,-0.0076689531044555,0.7297091989348514,0.743782014096937,False
399,-0.0650728216023985,0.38341686516051643,0.19883677303510083,False
401,0.1537153561877601,2.6412081812620425,2.5911651191591965,True
402,-0.0322186281465557,0.02348811901132576,0.023317802136941547,False
403,-0.1374948641459356,3.5932393915501424e-11,9.573496103269687e-10,False
404,-0.0681340718959056,0.000281203126325179,0.0001390949311839813,False
405,-0.0327177135922637,1.0742282934266374e-08,1.7468683903747147e-07,False
407,-0.2248317915831794,0.01841931550343604,0.15327477364391254,False
408,0.0212250793613289,1.5465636956627373,6.778316336940947,True
409,-0.1658759971728307,0.8051087884499092,2.338485260914193,False
410,0.0511803237638161,4.801490951034564,14.741846552030113,True
411,-0.0407620807112596,2.691594239938875e-17,2.1682841962244314e-16,False
412,-0.0173158024165344,0.29705925828146296,0.9399707566308307,False
413,-0.0219552578718564,2.1201401560719742e-08,1.49539603916267e-08,False
414,-0.0424429119998082,1.63056627418465e-06,2.0165628935125556e-06,False
415,0.5770253442646591,3.6552721008543685,4.210821444833597,True
416,-0.035565506968431,8.017344692202158e-07,1.9247919371590546e-05,False
417,0.2531167793190728,4.330106137167261,6.027185278458667,True
418,-0.0897518961550782,7.889682567077906e-08,6.031828129568995e-06,False
419,0.2300806856948577,16.228637047504826,16.326319404870624,True
420,0.0088507182226462,1.2397632900251432,4.039503718909667,True
421,0.0050817253349946,1.2602879684156416,1.1266597024276532,True
422,0.1110244591744877,3.0943516346577993,2.637290526110412,True
423,-0.0167535868137639,0.006095928774626973,0.015050476443476677,False
424,0.263144607598455,11.711809096075507,12.75189861234531,True
425,0.0019545880076757,1.0360209128876028,1.1655665713551902,True
426,-0.0169003655825233,1.1992106450387535e-09,1.8949186025646844e-08,False
427,0.1328669066815788,1.6572356350562105,1.8578784210134622,True
429,-0.1098221136576959,0.005514383493948525,0.2658336825127028,False
430,0.3271632432003261,2.6802449884945676,2.746859810900753,True
431,-0.0111832195589817,0.6060563492122167,0.9149369411996027,False
434,-0.010295097668656,0.0008351211444557103,0.002784213034622801,False
435,-0.0180750936883691,0.0781224425057989,0.48707016248460755,False
436,0.6029422680798052,7.803451652268856,9.465149702921405,True
437,-0.2125439908801775,0.28770373963379725,0.8832106922159035,False
438,-0.0260448962288066,0.054132093205095794,0.16507094007393452,False
439,0.0597172508824038,1.7961401230585423,4.375470514116973,True
440,-0.3145600396490929,0.0011591526909784321,0.0005540009314590853,False
442,-0.0087817073443694,0.1632998358204042,0.7510816648165664,False
444,-0.0143446771519714,0.004080532533548046,0.003400927359222765,False
445,-0.0303533454414282,7.181176842626964e-09,1.1992995160777182e-08,False
447,0.1869843971533013,9.183214802697648,10.305035199538748,True
448,-0.0684934273224337,1.025848792050715e-10,4.548125942464805e-09,False
449,-0.0634679860269827,2.9473599119948373e-09,4.163467767175964e-09,False
450,-0.0549233065435883,1.1865558005066964e-11,2.435192225005558e-10,False
451,-0.0313334710467175,0.010013202945631183,0.09434987946448167,False
453,-0.0267266516584911,0.000791730178615634,0.0009258468151615053,False
454,0.308990868350704,2.2074815025653645,3.998470570964275,True
456,-0.0541695904016258,0.018941069207257057,0.14717400740091627,False
457,0.0900488590413095,2.3709501178813537,3.2000284291638184,True
458,-0.363538041437928,3.781240182734588e-10,1.919402023390075e-10,False
459,0.0195920339937681,2.8751119211986627,3.254296571327387,True
460,-0.0564352835368051,0.00889602630960539,0.2574386706070474,False
461,0.908491197162818,8.919931540854053,9.324680268146802,True
462,-0.0378899414800777,0.0010313399556405028,0.004024954635208333,False
463,0.2009337021014704,3.8489613739086312,4.306237571116493,True
464,-0.0310870199661179,4.373738746841737e-14,1.1530942657380104e-13,False
465,-0.0131523710895095,0.05816391629011884,5.278164983548898,False
466,0.1524570592201944,3.932707101012127,6.99575356198845,True
467,0.0450683435982012,4.395796908061247,7.276720005973894,True
468,-0.0139016687804437,8.28521254381287e-06,8.088860554788585e-06,False
469,-0.0040408284668644,0.7586662919909872,0.6445912300668764,False
470,-0.0776858682912108,9.986630334778542e-11,1.1118664105594403e-10,False
471,-0.0950712461369743,0.0034108480005081397,0.008756242534575043,False
472,0.0560191838409316,6.165479172936678,7.3786228276747226,True
474,0.148678232231648,4.2424631781553765,3.587155754308272,True
475,-0.0265011328495816,0.9158283488431875,0.5536970665908745,False
476,-0.1603728948945888,8.029807150579181e-10,7.498155537782107e-09,False
477,0.6837045392912708,4.173391151217356,8.516703431924713,True
478,0.0518630191010488,2.784960748448146,4.197597890893746,True
479,-0.0497709546538588,1.8904374377649888e-07,2.054015685167973e-07,False
481,-0.0535196064108855,0.01593330005577218,0.007057882220143183,False
482,0.0377889014730436,1.0562351052669807,1.2216934422810486,True
483,-0.1033235410023717,1.1011424685557461e-07,2.3442778709568442e-07,False
484,-0.0254670929229229,0.0005448897873115661,0.030210949411440827,False
487,-0.0435357540136257,0.5815025227621735,0.8224555837303481,False
488,0.1865489925172634,12.537494865800742,13.777144139762019,True
489,-0.1470776682329386,9.33614300803141e-06,0.00014257044997986556,False
490,0.5831556651221378,10.267129348983108,9.735547433755825,True
492,-0.0780322765599841,4.869848774785231e-06,0.0003338888769300514,False
493,-0.0119105366335621,0.6588833484398879,0.7876048564424695,False
494,-0.0479075825680728,0.0004204850831788146,0.0005305682919498104,False
495,0.2319566509368474,5.588491687557442,7.568991134860204,True
497,0.0867446095596241,2.7739253317952604,2.7692116967262193,True
498,-0.0103696792114714,0.005759674809845468,0.007310857699701869,False
499,0.1635042797864936,3.1118153680940077,1.9339568005380305,True
500,-0.0674242030369325,0.01341608311044724,0.017837584814249113,False
501,-0.011321826302389,0.13845052222227325,1.3883744829658509,False
502,-0.3427335324002219,7.87190578577619e-05,0.00022155712947903204,False
505,0.0346010063106349,2.476236686312742,2.7288182310550564,True
506,-0.0370181250576156,1.6914505539966513e-11,4.3292198919654553e-10,False
507,-0.0217231306492818,7.858389072180267e-11,1.0860721355594333e-10,False
508,-0.045193322611953,0.023376856984013625,0.4234321366466868,False
510,-0.0466244572649149,0.0008396683774787832,0.0030262208574469572,False
511,0.2429017439173225,7.86352442576941,7.939447899880241,True
512,0.0352189298518625,1.6920853976636057,1.5432992307273874,True
513,0.1471698876921461,2.40423356558071,4.591092018178589,True
514,-0.0165379970351143,5.250621569310119e-11,3.487023899655836e-11,False
515,0.5136844086538248,5.565208703985525,2.886457391713879,True
516,0.1030123886790472,3.9448386440695975,6.526162731489911,True
517,-0.0175609497954247,0.9249506794386607,1.802305213526959,False
518,-0.0358815830329132,0.06084157414593673,0.41743370340858527,False
519,-0.052328897253945,2.8062293522015484e-05,3.180491779031265e-05,False
520,0.0296872812112849,3.9020275327251164,4.885880315018958,True
521,-0.0207195709885075,2.994599433114177e-07,1.1328334023659675e-07,False
522,-0.0163761615045497,1.7931263881715672e-08,1.1349085435176926e-07,False
523,0.1201352753138675,8.84943349678296,9.026294612855859,True
524,0.807774779626294,6.6170495366214785,7.5396098051915486,True
525,-0.2349612325277412,4.7088054445357915e-09,6.915032004843293e-09,False
526,-0.0239202207044285,0.5693338066228735,0.6176764728249925,False
528,-0.0111034763972868,0.5891776134823635,0.49451452393768014,False
530,0.6476966171970052,7.980264510493626,7.953679720398509,True
531,-0.0688339379113713,0.18480646650501856,0.11323552712777696,False
532,0.0828007449848339,6.332829202995551,7.084749249248241,True
533,-0.0099789151768822,0.12608448436688088,8.390867272406604,False
534,-0.0291243820285545,6.076522047783683e-07,6.458118995581991e-07,False
535,-0.0051809917740377,0.9672820850973464,3.609945268884482,False
537,-0.030473951824345,0.007793129949363392,1.0458272813494596,False
539,-0.0103074386568145,0.001027263548833973,0.0006242487463335272,False
541,-0.0373871417707629,0.12571296972504828,0.47931172541653533,False
543,-0.0234255386394638,3.744144288261513e-06,1.9320817392439817e-05,False
544,-0.0252507547975125,1.4765158381532546e-09,2.087110435516889e-09,False
545,-0.100484438282189,6.626646892652813e-09,9.039838014095988e-08,False
546,-0.0188990789664414,1.0035838274976405e-11,6.958645564214212e-12,False
547,-0.1507599807563014,0.0002160176466916312,0.0013254586257664047,False
548,-0.0102549533564661,1.9068222056643282e-09,8.601340238991101e-10,False
549,-0.0769366431108672,0.04909570206790945,0.09653892215398382,False
550,0.0367491507562784,1.3935637048275784,1.4440291442465443,True
553,-0.0871265087184361,0.00039011068160144417,0.000663035128828462,False
554,1.5788540716398685,12.315994881625,13.569721003098453,True
555,-0.0283625373682122,2.9304478734074036e-10,1.723406107652047e-10,False
556,-0.0199583757916915,0.8065606068605818,5.805650765445437,False
558,-0.0315029963722329,0.45010288333285325,0.5504178009602673,False
559,0.12354662529604,4.921190141855723,3.9612911171020313,True
560,-0.0837487819240388,0.04340938385733287,7.035195999025204,False
561,-0.0244060745562054,1.2576381028692064e-05,8.841842027866104e-06,False
562,0.1455542088671244,2.8742971077543995,3.056250658633138,True
563,0.8158543481127174,6.212724607402137,7.134284845370793,True
564,-0.0698347745079841,0.19060282178332813,3.2069565629704555,False
565,-0.1553050191870803,4.3016138278958303e-14,6.607138434790391e-13,False
566,-0.351814688339544,0.0009908809633168236,0.00240759885710558,False
567,-0.0344042890651389,1.1330809624083927e-09,1.1589246207646948e-09,False
570,-0.0403938592015434,0.0012412689907781377,0.0007227048804329852,False
571,-0.0395299215622941,0.4681775631976699,0.4499812317971346,False
572,-0.3526605545345597,1.1089657168081881e-08,1.0622540755183574e-08,False
573,0.4530829698297669,9.03272645213334,8.95861006286217,True
574,0.901420554691914,14.759265862167423,15.420267106744479,True
575,-0.033564745823421,0.7704482147832585,1.4406807662150976,False
576,-0.10232759646731,0.00601611389434059,0.006864968538530577,False
578,-0.0800559339595035,0.0007170005382882721,0.0005495039832403404,False
579,-0.0626436269995812,1.5028661814757493e-09,1.232734487945541e-09,False
580,-0.041602105758921,0.10675757702938217,0.31232460058661216,False
581,0.1896436177212345,3.879170249311068,4.042120868307302,True
584,0.3938818783993841,7.8118505579595325,7.991296859943325,True
585,-0.067965251897547,0.1954120121555182,3.4878595123256275,False
586,0.0226412944645245,1.5965003621109881,0.919356331892988,True
589,0.0188463423986155,1.6876222394004643,2.571261283156886,True
590,-0.1110713689295127,7.075403003772015e-10,3.849035879096038e-10,False
591,0.157507906588809,9.823510519200408,9.616050572224644,True
592,0.0947710983169484,10.020162578907582,9.527077998128572,True
593,-0.1583951268687891,0.00011864797970767056,0.0014082180274216634,False
595,-0.0348408241894379,0.3280162978473019,4.214661512137994,False
596,-0.0180808279976987,2.88338652508677e-07,1.7339815273453153e-05,False
597,-0.0110086448946232,0.06960451705527075,0.07030839021294827,False
598,-0.0225559455277699,2.3337396300167007e-06,5.970407947309344e-06,False
599,-0.0258857340811887,1.3893936448839551e-06,6.841778020525312e-05,False
601,-0.0642698919752094,0.3843234451078236,2.4460922408194135,False
602,0.2478461436428218,11.250002341698654,12.207499609727675,True
604,0.1373777887489007,4.457813335323588,6.679960385921735,True
605,0.024081148838003,2.0355516547896095,2.473525369756995,True
607,0.839081140113798,7.478437297660021,9.430329605846527,True
608,-0.0555296434088876,0.16052669792558358,0.190077075733846,False
609,-0.2859379074654625,6.159281844992482e-11,1.212363161571895e-09,False
611,-0.0335520101795524,0.001087950658892701,0.021737181658498233,False
613,-0.0436150580872793,0.4686377801690189,9.963423720076278,False
616,3.2733037145282218,12.783712358923205,9.702638496617322,True
618,0.1835123936553177,3.8800253846036843,1.248493559143543,True
619,-0.013086372443976,0.8760063122366217,1.7780914500203662,False
620,0.1125554364539378,1.5467023461250113,2.4368675136914413,True
621,-0.1230502611226031,4.901520455696004e-07,3.920234260789566e-06,False
622,-0.0154493400162365,5.3086654040794434e-14,5.908933136710743e-13,False
623,-0.0160800386326232,1.1550008152606942e-13,4.3272488809194264e-14,False
628,0.3817743428630662,5.91116515666868,7.313364890167337,True
629,-0.0374523990759931,0.015129509096504174,0.033626380601230015,False
630,-0.0381177930889889,0.07971093171284743,0.8162647754104702,False
631,-0.0112634540575216,0.22442592082122514,0.1265085277479015,False
632,0.1007012614944466,8.374958212448222,8.827752440563229,True
633,-0.005578612687344,0.9236409158319845,4.236149151403399,False
637,0.1233312637757488,2.8558140388986777,2.736005016663778,True
638,-0.0606032304159841,2.5134638181517648e-05,2.616965088124709e-05,False
639,-0.0100622734954522,0.02338672318395009,0.017066710804820345,False
641,-0.043834546269127,2.5362259612003597e-06,0.00020797123704897384,False
642,0.0821425234645546,1.2666733407061248,1.1279162026119107,True
644,-0.026328544298309,2.4902661177155378e-06,2.2065183229749702e-06,False
645,-0.0443607663903012,0.4175807383837384,7.164612885338782,False
646,0.2055910410150331,11.928188707916373,8.757372743213232,True
647,-0.1115587750397608,4.749024994968434e-07,2.9666129674385883e-07,False
648,-0.016340352702854,0.6871352764886425,0.46545755685839235,False
649,-0.02767521094329,0.00018615663917417134,0.00039105327655995087,False
650,-0.0098483603697378,0.7937249595846895,1.803748998800114,False
651,-0.0244884353822306,1.3167895152850222e-09,1.8330144893092388e-08,False
652,-0.0156946310828032,7.639264499833763e-08,3.1377239373942365e-08,False
653,-0.0307145657664244,6.327938108938158e-05,8.484598764329022e-05,False
655,-0.0149746495765503,0.0001554209220661098,0.0004766337617085835,False
656,-0.1173528847770909,4.778699308630828e-10,1.3043595370678528e-09,False
657,-0.0123338298460922,9.967724341870677e-07,1.3847043103191205e-06,False
658,-0.0120771156180878,0.005139432497470686,0.4769933350159212,False
659,-0.0701307631576037,0.004188855202034553,0.2095813107239103,False
660,-0.0288007625806606,0.4367468247055698,0.9345149156960706,False
662,0.1620119098059881,11.836489297932575,8.014081399417469,True
663,-0.0396543250287008,0.002254490728786911,0.0024443412269731825,False
665,1.7473102101943183,3.3263556149302174,3.459961469435553,True
667,0.1655309710693221,8.157873818368596,8.572101907756574,True
668,-0.0114164547779675,8.327156054893468e-11,3.096403001823101e-10,False
669,-0.0364436714248884,1.4238994100259902e-10,1.9434425163003724e-09,False
671,-0.2422925357330003,0.0003009424051565681,0.00034626955781220616,False
672,-0.0497986001244433,0.02517234091796381,1.3398114254862061,False
674,0.0778249349881027,2.6528859875155306,3.268439980719814,True
675,0.2535125654456775,8.825545626688024,10.51726152934124,True
677,0.7766260234619724,18.49164990023148,11.535166088100855,True
678,0.745322679282283,8.650908979948678,9.327285442363056,True
679,0.2895061787103596,0.5635391504718693,3.168568443084304,True
680,-0.0129121557777336,1.4513893444058287e-05,5.282205314687522e-05,False
681,-0.0734137315218562,5.99539211345977e-13,2.2290691483848905e-12,False
683,-0.0642803151122705,0.002203842764772503,0.002223125385120763,False
684,0.2495919192265605,2.7076341192210367,4.159372315521915,True
686,-0.0452244020768274,0.001331790554741997,0.014333199928513054,False
687,-0.0448990013701216,5.4919685631250424e-08,2.2504678200130663e-08,False
688,-0.0447639591266884,1.1425919849308176e-11,1.0024054914682376e-11,False
689,-0.0330894135477327,1.5221587678013243e-08,8.260073714898548e-09,False
690,-0.5449771911019418,6.75933075725963e-05,0.002724419068530066,False
691,-0.0372497008959784,1.2361224042012356e-06,1.2396577766074523e-06,False
692,-0.0692255103641247,7.85764394346477e-14,8.109023084071077e-14,False
693,0.0311383661701338,3.042637556793732,7.877422976365493,True
694,-0.1663871436161768,0.00045086742332691744,0.01366056006941406,False
695,-0.0153400087763768,1.9372596300727933e-09,4.296467235743796e-07,False
696,0.1783180899853951,4.525805178220417,5.314071354019963,True
698,0.5173249107561364,5.6017177298632115,6.455473266341673,True
700,-0.0299532035176304,2.554268881801678e-05,0.0011369746919187111,False
701,-0.0166396938276605,0.0030806473263942672,0.014139752990633673,False
702,-0.0111623830711489,9.770506168784357e-13,2.787239481332877e-12,False
703,-0.1248134101693687,0.03450288477237966,0.07095552337540868,False
704,-0.0107439075225692,5.330442967457687e-05,4.476597337897715e-05,False
705,0.7857256356950318,4.47326882062119,7.13113880229884,True
706,0.4098535854323045,5.73429405792358,4.155509228131415,True
707,-0.2530806327161744,8.628953043193316e-08,4.495540627007042e-08,False
708,-0.0227804521517522,9.302598344674092e-05,0.0005415951649747718,False
710,0.0010807556294988,1.0450946165692174,1.2209349786150967,True
711,-0.0134619452522631,0.04780240356502426,0.1579057358404699,False
712,-0.031134031678474,0.2637259961723479,4.7930496710054395,False
713,-0.0183800341935858,0.005968429695355915,0.0021049565398807723,False
714,-0.0410500760020796,5.915404773323265e-05,4.595915669906521e-05,False
715,-0.03423582442296,8.627138476715143e-07,1.4257237425675382e-06,False
716,-0.2360061813941794,1.6388846316126832e-05,8.914580174142084e-06,False
717,-0.2140719971235289,1.843925916120392e-11,6.724671013920248e-10,False
718,0.0014213618022163,1.1286412413495623,0.7814543086344232,True
719,-0.1135405551552002,4.250492517629225e-05,0.0001490976903801083,False
720,-0.2101544660225457,0.04130573587974896,0.02332839244764755,False
721,-0.1316967167379387,5.528340228160833e-07,6.110343746247171e-07,False
723,0.0527599699271621,1.4492010820513253,1.8542321528588472,True
724,-0.0177147657219787,0.021259509250013086,0.2167609654440462,False
725,-0.0351375918092814,0.00032787584971936853,0.0007707209647963211,False
727,0.1030538607487341,5.954696090811217,6.92588098603273,True
728,0.3662802553289742,2.7996100779715314,2.594242414593372,True
729,0.5010601883417277,6.398940503672851,5.569215570076688,True
730,0.0135792287412604,1.9196797737322056,3.5457221530897964,True
733,0.1202138468262723,6.0385875090776295,6.603009894446692,True
734,-0.0620347131692244,0.0022236044478512753,0.0028862559776539768,False
735,0.9989051238428316,2.4138765635675763,4.946405755934743,True
737,-0.0194979802899602,0.00979934419792401,0.010360997045295778,False
738,-0.0508088438137006,7.129567280613852e-05,0.0038589274374242625,False
739,0.0661045816607565,6.250574301789617,6.424838614007857,True
740,-0.0230753611212211,0.0020911963225553236,0.0013911668206460065,False
741,-0.0214378837417764,8.167800275469338e-06,7.267727958878485e-06,False
742,0.0694345363530704,4.176129304800538,3.2747091187814803,True
743,0.5548996045211724,14.71775056747069,9.539457579619143,True
744,0.0575568648229543,1.9807073311414498,2.2350116642354245,True
745,0.1830203433629943,3.080104844219098,3.660740258583494,True
746,0.0827934341542192,2.7954585559148826,2.990703178509138,True
747,0.1334801270155936,3.4820334620806626,4.156599961095273,True
748,-0.0220781172774715,0.004604582270576696,0.07524649927659656,False
749,-0.0909195886568814,6.595431604974901e-06,6.238636503132611e-05,False
750,-0.2718903709110214,0.017290219840780767,0.5527282044999356,False
751,-0.0101506787344361,5.937377498905497e-08,1.5741435904302964e-08,False
752,-0.0146796942025675,9.938746373187398e-05,4.7057461395007237e-05,False
753,-0.057715337817737,7.099186253028354e-07,1.2064599475950371e-05,False
754,-0.0622781185624351,0.009638380309512804,0.0059460405329153365,False
756,0.5442441620860133,10.633250926575272,11.268456943182008,True
757,0.7058057511483637,14.75549479592922,14.905336951495688,True
758,-0.0107573355172573,6.305027375170093e-11,3.51480781104616e-11,False
759,-0.3316888763042206,0.00014863708289205224,0.0028575399897068834,False
760,0.6769468744687676,1.8576861933611082,2.5839318454850004,True
762,-0.0132683279615819,1.719673663319398e-06,2.1307458916699805e-06,False
764,-0.0478658318410066,0.191184982591584,0.15735417349792782,False
765,-0.5542269297644481,0.005963947595454581,0.003964826776042543,False
766,-0.1726163778785948,0.02263664703466261,0.10775988922878424,False
768,-0.0153144761039958,0.027527334869407612,0.08805914826745,False
769,0.5776872314759954,2.378231528317904,3.9486895610502457,True
770,-0.0429651691577368,4.6896519782203466e-06,4.725356205123619e-06,False
771,-0.0145676725172866,0.022243648750339007,0.04007164381755421,False
772,0.0824569934592351,1.6977148353342209,1.6862300662553054,True
774,0.0968058912991009,3.3474755804165333,3.762683037712371,True
775,-0.0421845149745656,5.198088091849885e-07,9.321035077443155e-06,False
776,-0.0945905363902233,0.004279962870733723,0.001933476336128063,False
777,-0.0599652389053292,2.4871433461718697e-09,2.6942509652373917e-09,False
778,-0.0103193288395059,0.6041747110322564,8.999416008407408,False
779,0.6813821338330642,8.742126530943045,9.659315817715864,True
780,-0.0386475790635253,0.037902534765514695,0.04217625164948706,False
781,-0.0100892112180685,1.2237074247081553e-07,4.967701258804128e-08,False
782,-0.3276890870211661,4.071659498921492e-06,3.6591006127711713e-06,False
783,-0.0187126925389032,4.591409107028285e-07,1.1159699438147715e-06,False
784,0.3165380411179249,4.141790566362483,4.386456237346001,True
785,0.0106166207217405,1.1086889977041856,1.9777577574831073,True
786,0.1608868659404543,1.4348981146864965,1.6545275010443175,True
787,-0.0521837064499455,2.4473069183158266e-07,3.7085189697696734e-05,False
789,-0.0276523039243064,0.004665860160275006,0.03145465942485149,False
790,-0.0124484925140694,1.578987247866308e-07,3.3688244590096775e-06,False
791,-0.4211313360408904,0.0031053286826171053,0.0019584676388499423,False
792,-0.0309941750568938,0.01931782948116786,0.09591628656713773,False
793,-0.0330547961326914,1.159867135087554e-06,3.919933808196176e-06,False
794,-0.0233209054025622,0.0011230898146380984,0.002323892647017417,False
795,-0.0136029103762569,1.0278740583482765e-10,5.609729872049268e-09,False
796,-0.1073008621977575,4.753469020494145e-05,0.010057855007228797,False
798,-0.0114844390281346,0.00023325309490153758,0.005667210936754401,False
799,0.0004594084776397,1.0264799350070855,3.439292087925841,True
800,-0.136735833197423,1.9419851791989193e-09,1.6899005148784324e-09,False
801,0.1482250086704482,5.729905019245696,4.9368817045228575,True
802,-0.090699445518871,1.6111018350372032e-11,1.0036112033630903e-10,False
803,0.5222301188251053,5.551029589275303,6.095411330237303,True
804,-0.029199337781962,7.233471518316013e-15,1.5916048512836628e-13,False
805,0.0560609379525529,3.352974507502111,3.9523656745251783,True
806,-0.011729063462198,8.126178453380216e-11,1.2021512210498674e-09,False
807,0.0751392654568443,1.1706548152099439,1.5413306639673339,True
808,-0.0192382557732193,9.901208027252506e-12,1.971299540011992e-11,False
810,-0.0107479606866154,0.013837985887202376,0.03569960276378387,False
811,0.1892865017753603,14.771004075632472,15.659127018171755,True
812,-0.0237148382237418,2.0330497045764115e-15,3.663190759343595e-15,False
813,-0.0168449709843601,2.959638267525859e-07,3.8149849878822644e-07,False
815,-0.124005434040231,0.6290591401086519,0.7541865062543253,False
816,0.0134676338571629,1.8129101700325438,2.1309605576483777,True
817,-0.0125257301817232,5.937823819176724e-05,4.594126710099709e-05,False
818,-0.003778937973166,0.714144926290864,1.811719276673321,False
820,1.2135375257436476,11.149957282322843,9.640001927716687,True
821,-0.0788628774362807,8.763214049576983e-09,3.166122223916879e-07,False
822,-0.0788774347952017,0.06283819549871437,0.04231044863391414,False
823,-0.0387302827798226,0.11493657262427322,0.06520784729088216,False
825,-0.0388633646711712,0.10857757804269165,3.2548934998986048,False
826,0.0624706818876483,1.859330138171589,1.1958532892217624,True
828,-0.3388467606071765,2.5859307065392808e-05,1.5843560217671658e-05,False
829,0.7759956352814753,15.82728013751404,11.295898560638271,True
830,0.319108204695977,10.060767073161195,12.252741129866441,True
831,0.0691325059981661,1.697491080580279,1.7654725860336373,True
832,-0.5720374201966674,5.48328498653712e-13,2.6729646677582395e-12,False
834,0.3074631451112718,7.701064963133904,7.184192688466848,True
835,-0.341127436938644,0.033593635265482966,0.13394608640954808,False
838,0.1550451263450768,5.701585965185087,15.818652275944128,True
841,-0.0358647427786479,0.002596793496867808,0.005158096091138914,False
842,-0.0108134066073842,0.061496447309303634,0.05744304449493309,False
843,-0.0811285654469653,0.05217193281888632,0.11583743694895146,False
845,-0.476523092352616,2.309815708348608e-05,6.79390215892835e-05,False
846,-0.0251913477306665,5.2957933203160614e-09,5.6451920173169875e-09,False
847,0.0057359159599477,1.2950238447910687,2.2207101349642295,True
849,-0.0189084056285068,1.5834147052895533e-19,9.3682969495467e-20,False
850,-0.0780796033076854,0.27130042182987046,0.2976392370202948,False
851,-0.0346783793540754,0.018992010192611954,0.06131252171317732,False
852,-0.0774223124088999,0.051992746848639484,1.5945483518427948,False
853,-0.0415329454878489,0.009657481214683237,1.071919024257164,False
856,-0.0238438943432183,1.1099057920083746e-06,5.416672053218959e-06,False
857,0.0661635080384093,8.72002514067635,9.05906134192343,True
858,0.0068468129798784,1.072101227107247,3.5213353246308214,True
859,-0.4212050177564955,2.948579653426665e-07,2.2149015212273852e-07,False
860,-0.0643369406795426,1.4987197256865868e-07,2.219152405408862e-06,False
861,0.1852359113077909,4.606417129247909,4.998311401697056,True
862,-0.0428581775523892,4.477649297712306e-06,3.688599407886403e-05,False
863,-0.0199743889772805,4.628069073345682e-06,2.269219058961692e-06,False
864,0.0572713282266269,2.191356249656198,2.6539519203227657,True
865,0.3686852837819572,12.149052982852936,5.647129742444665,True
866,-0.0105123517800589,7.569044184360086e-11,7.574221128824187e-11,False
868,-0.0202462589265535,0.2960510020965818,0.3431017867323137,False
869,0.0638191652389088,7.836919590935977,6.213513062174987,True
870,-0.2370893597558186,8.270879365180734e-08,8.91932490207387e-06,False
871,-0.0133642918600782,2.9459518341057193e-05,0.00017486143480053933,False
872,-0.055816000947371,1.5885686602156502e-13,5.6161420434818345e-12,False
873,-0.1466685375359543,2.5048400794656944e-06,2.7029938517379127e-06,False
874,0.1042353552103111,5.058998484993196,5.406253144695762,True
875,-0.0313508377785148,0.3373570247174363,4.09824672786052,False
877,-0.0412998805845992,1.437660977084491e-16,5.319609161177211e-17,False
879,-0.0980379732600153,1.5757132252085935e-06,6.976716698512192e-07,False
880,0.0431196376079718,1.267851263336933,0.7666362938604355,True
881,0.5485945082102037,10.503454435649383,12.087761012410956,True
882,0.202692200353929,5.7770676988092164,5.938113823314241,True
883,0.381875258666301,7.473727119642176,7.878765862317951,True
885,0.2216561960622103,3.9624994796198303,3.767181632895458,True
886,0.4049727622539835,2.3227153476090607,5.060269127955527,True
888,-0.0504457423444507,2.6068882840531394e-12,7.79635378102048e-11,False
890,-0.0251118017756334,1.8140609754710315e-05,0.0001433743635050116,False
891,-0.0325007052307567,3.1569937432049823e-06,1.155838521101289e-05,False
893,-0.0340358005504754,0.2160317711247599,0.4442590260676432,False
894,-0.1184658106024038,0.07509246601809601,0.08346198404839227,False
895,1.3996745034074702,17.57940703134332,5.732385174261323,True
896,0.482960987473611,6.683945882409454,8.39619227850385,True
897,-0.0656699052564383,0.05676029617883422,0.04061826095141182,False
898,-0.2865624176148501,0.00010559875074136748,0.00013103523687926183,False
899,-0.0556162908012512,2.694479713901513e-13,1.5541208958971033e-12,False
900,-0.0247814349345297,0.13566784784136193,3.005802440055197,False
901,0.1739332573665655,4.314484344407336,4.139916239689218,True
902,-0.1158160721224365,0.0014482206447860254,0.02894979134188709,False
904,-0.0146001636322233,1.2993120560290504e-10,7.542561182325769e-11,False
906,-0.0433733045988337,0.0014420842034618493,0.1725431959757867,False
907,-0.0133126109931508,2.4039941506820957e-05,2.3568817964842267e-05,False
910,0.0408552048479679,1.7491610982985006,1.9588090428992266,True
911,-0.0380749133595676,0.0804504707061304,0.06207258295542234,False
912,0.2334768024782084,5.744245470300754,6.154951374708265,True
913,0.0183773867673586,2.3503203919813247,2.6933085311178266,True
914,-0.0109749272487482,4.676563173190573e-07,2.6902419080032243e-06,False
915,0.2021025498850975,7.089675132130265,8.35907572384218,True
916,-0.0138222362791198,3.7946753655707403e-14,3.7086803969341214e-12,False
917,-0.1952227133631952,6.025916769021799e-08,3.6004500446367815e-07,False
918,-0.0129846446476582,0.31164758072286153,0.27285919485810495,False
919,0.0831509790878227,3.6533478069823224,4.55728395058372,True
920,-0.0527875822741283,0.5482359510997985,0.536154637684246,False
921,0.0233299761905037,1.7137925723041596,1.9665063525173745,True
922,-0.4385791530608172,0.012192729505471142,0.09461898801907655,False
924,-0.0261914206578834,0.15542029670765087,3.0437716039147493,False
925,0.1164489549416492,11.596016382852063,10.478220751401196,True
926,-0.0126605772202767,0.15566215181974563,0.20258963735416222,False
928,-0.0330650246464754,0.7029825231126768,2.6790667543860622,False
929,0.6627887382782636,4.185397649158739,10.235038064412551,True
930,0.633600235958877,2.5462809488155003,3.2973652237000706,True
931,0.124472852938115,15.297459184852407,7.5848320052596945,True
932,1.0508929391177948,8.786579777656192,10.048716750894421,True
933,0.2115500176428903,1.2723863732923553,1.9012387033499862,True
934,-0.3116864855575025,0.0004966505721624879,0.00046338923363278,False
935,0.0306589870097667,2.2076943498986568,1.8695535632943923,True
936,0.2447052253623683,7.227112375882232,4.926252627357614,True
938,-0.1780552072936647,0.002382880149165977,0.0030607398366779255,False
940,0.4840221103889054,10.455798780656725,10.721223758356563,True
941,0.1960704762898932,13.949181270475844,9.973917590276027,True
943,-0.0126939766852694,0.6629900750120014,1.9456016272668297,False
944,-0.0121447976030251,1.428777860830161e-10,4.4602463358177123e-10,False
945,-0.0342488892473627,4.37238472002695e-08,1.288762165303984e-07,False
946,0.1360817635717428,1.2161864164595964,1.533600855565657,True
947,0.0238642913714245,1.3766732396486736,0.596266471097931,True
949,-0.1200855998843238,0.0001578806535030553,0.00010549121691227713,False
950,-0.3098203014794453,7.681931859180039e-05,9.819821301403413e-05,False
953,0.2635698042229686,1.9038637898702202,3.911174502822763,True
955,-0.1100487441093703,0.013336315434337574,1.4904408612196889,False
956,-0.025182920392259,0.003179166284993314,0.0014186964786180145,False
957,1.0308907395452562,4.91635406275775,7.161149544169432,True
958,-0.0057714228480647,0.2000161147069784,8.319270236508492,False
959,0.0177034554710886,1.103786954000421,1.7470381903084,True
961,0.0131607212087549,2.016838735591002,2.896716814673794,True
962,-0.1980206173041047,0.01135312698545711,0.012316897271109604,False
963,-0.1712823368607537,0.004290374352153913,0.004887803312517367,False
964,-0.0172981287418515,3.904340274855767e-06,8.213558528162411e-06,False
965,-0.018629007355855,5.401147772657534e-06,6.05295253630919e-05,False
966,-0.0439824907503957,4.364652508330397e-05,0.0005705725618695914,False
968,0.3560260088278416,8.449172205855145,8.717440593281149,True
969,-0.0887888632155634,0.0001271651683380486,0.0012652271487565141,False
970,-0.2265396781006851,0.0001376324660134197,0.00020535395291794914,False
971,-0.013656165406487,0.00037447493285312213,0.01080208474266459,False
972,-0.0153664376139037,2.7046351786927345e-11,4.163536494151308e-11,False
973,0.2211241937377801,9.441157375056823,11.427104198461414,True
974,0.1958354982451018,3.5206396564608773,4.128732964515341,True
975,-0.4377778692636683,0.00030422839900252734,0.001695671807388064,False
976,-0.2335784098025155,1.1340877292959936e-08,4.70815316769535e-09,False
977,-0.0248948766184523,1.9987627178343766e-06,7.603677889943781e-07,False
978,-0.0420853048348011,2.0761027723099777e-08,3.862120342324825e-07,False
979,-0.0185055720391355,0.07310254543657616,0.048271361721418875,False
981,-0.1718054051388554,0.00016156352380857902,0.00024680106924341314,False
982,-0.0353904917207583,2.0128535358103618e-13,5.129696927059496e-12,False
984,-0.0337444117218804,0.10430138486462834,0.9602570604608135,False
985,0.2998971230185828,4.627819179619778,7.629526131029418,True
986,-0.0699361359716783,2.4567651893642987e-09,7.240711347531171e-09,False
991,0.0498215271634486,1.4127568810448456,1.800091718696111,True
993,0.0022943009737183,1.071994651573415,1.2982321919570954,True
994,0.030501212669736,2.486970427777548,2.9811354252374556,True
996,-0.1083626929194371,0.2510006597074601,7.556775510164451,False
997,0.4144642604227243,6.7227215851078785,6.9540381127990525,True
1000,-0.0118466843117288,1.169286496307503e-13,3.815934765793492e-12,False
1003,0.2666968462407567,3.745539270693833,4.017186669815145,True
1004,-0.1504052303347355,5.204239002976215e-09,3.476289734514562e-08,False
1005,-0.1362132088222328,0.4456838955355022,2.0276359351222175,False
1006,-0.0685420597023982,1.3698727278169822e-16,6.463317351552979e-16,False
1007,0.5183819429684422,2.2564948287488096,4.577413036424352,True
1009,-0.0140266727865897,0.0004498955012967384,0.0016585602795961593,False
1010,0.6149976976106116,7.330006540068584,11.164845322135646,True
1012,-0.0123699904028503,1.0308084408180145e-11,5.056260924240385e-12,False
1013,0.0458001872788162,2.4255982955799635,4.012374690905046,True
1014,-0.0682319586527883,0.02724037643367186,0.14579847362759019,False
1015,0.2562010890944619,10.622654249765393,11.17354597967364,True
1016,-0.0188544043974988,4.504859877612967e-10,1.8212905787069115e-09,False
1017,-0.0237242213982746,0.0012328084465797722,0.05221216571545284,False
1020,-0.4668959363536116,0.00040629883474744514,0.003411970218326093,False
1021,-0.0476284353431289,4.170154746274529e-08,2.015897884026547e-08,False
1022,-0.2716950808713373,1.6532587646102458e-06,4.361671863791704e-06,False
1024,0.1465105445025287,2.920169687118698,2.645040194460185,True
1025,0.1861778568982718,4.325327813323606,6.403914249215277,True
1026,-0.0324395492467602,2.6370978430060852e-05,3.971615590470033e-05,False
1027,-0.4432667762434506,0.0005608183562400785,0.006865821817114053,False
1028,0.4277868290128084,8.291336136440943,7.701053204685191,True
1029,-0.1364517872213757,1.8174314287653207e-05,7.692227454021407e-05,False
1030,-0.0108245525070339,9.202680378925613e-06,4.74927618913119e-05,False
1031,-0.0450391153669613,7.763916933246339e-11,1.7226800080304163e-09,False
1033,-0.0125519614930417,1.6176016711639616e-05,5.1629711100161424e-05,False
1034,0.2167829379551601,4.108713611767324,4.122980880447594,True
1035,0.0401118488045493,2.516663156943835,3.23947933745277,True
1036,-0.0850305437537145,0.0007316340947381723,0.00036415421784318674,False
1037,-0.0957346199990191,3.4947522269313027e-06,3.054629552923024e-06,False
1038,-0.0105598132117213,0.03422777265537779,0.05021565836738616,False
1039,0.5477458762557635,4.380732407659772,5.690131981576456,True
1040,-0.013340639606241,8.482888748678343e-08,4.278224936225381e-07,False
1041,-0.0598515303334713,3.2747889053054133e-09,4.241716669183135e-09,False
1042,0.0438773815848143,3.0327945731859307,4.173980601835222,True
1045,-0.0212465640196923,0.0001483405813034143,9.961757166206525e-05,False
1047,0.2804650794287366,15.910684484340278,16.58028896026067,True
1048,0.0396311473953618,5.745566384689562,13.514905574537906,True
1050,0.010832962892815,1.357873793863251,4.005527878971659,True
1051,-0.0169429729791056,9.528258767286982e-11,2.770576487574985e-10,False
1052,-0.0255336726700239,1.0155385425961486e-10,2.0512873887281046e-10,False
1053,-0.0360067937902066,8.126547015245137e-06,1.880377885053078e-05,False
1054,-0.0242893585697648,3.071611645630435e-07,5.518899027452074e-07,False
1057,-0.1496107797390611,2.4166535175782904e-11,5.286314672688968e-11,False
1059,-0.0024613492489266,0.8809289736778375,1.698638351534421,False
1060,-0.0412628698934124,1.899601741086319e-11,1.8097162039979362e-11,False
1061,0.1517459371625049,10.475344417966733,10.667029187569618,True
1063,0.0774310298745783,5.996025299190724,7.308183629805879,True
1064,-0.0270198330913765,4.8204886678746635e-06,3.9956676329309026e-05,False
1065,-0.0336203950928499,0.07174964937580994,0.06208497702043065,False
1067,0.5827225468608651,9.346489261257938,9.457247948691466,True
1068,0.4948603299284352,11.328381320156572,10.611607789267975,True
1069,0.6609531573644326,6.915453014628551,7.234247306132354,True
1071,-0.081985918036474,3.968119751809517e-05,0.0005146556895462116,False
1072,0.1054023878688619,2.3386135742445164,2.3743458090498564,True
1073,-0.0681006873008664,1.688183659605182e-05,1.2306522449305901e-05,False
1074,-0.1492261818838855,1.2069612535223402e-06,7.46849606069002e-07,False
1075,-0.0240965695977887,5.369761046846162e-09,1.021392105351661e-07,False
1077,-0.0174544706700676,0.0021375979421021257,0.007174853982163227,False
1078,-0.1475079493466673,0.062231123545419695,0.17026531197291292,False
1080,-0.0112683282378061,1.8945466338105038e-13,4.591444230715662e-13,False
1081,0.2106401078278261,13.957616379926959,15.854070390466715,True
1082,-0.0135130908070752,2.628074585153492e-13,9.48002486796047e-13,False
1083,0.1009086964603262,10.489452721056214,14.649380734964183,True
1085,0.4550263468892795,6.1684541713458945,3.2207917958448142,True
1086,0.0035528875671475,1.2716957433050822,2.393340724916021,True
1088,0.0008547239955113,1.0389437723211963,1.3010686480815525,True
1089,-0.0161142533226398,0.21202144555589425,2.6218481079794356,False
1092,0.1963797549382081,2.730213449182216,3.015070179104816,True
1093,-0.0193514796382316,4.462388091401203e-13,3.289548309967725e-13,False
1094,-0.0233747383169995,3.59215370701488e-05,8.310843468099959e-05,False
1095,-0.0247440369111164,2.430214723433848e-06,0.00013558999016207102,False
1096,0.0099796134201666,1.1506126757467763,1.9485158665866384,True
1097,0.0623319476687546,5.048164645947739,4.209177170075859,True
1098,-0.026143697282036,5.318593590883473e-05,0.0003755337955575708,False
1099,0.0779760453655563,2.325094143743847,2.6891463626465044,True
1100,0.0896846712448432,6.002833111714155,8.8466663955749,True
1101,-0.069223653431775,0.8546817761801793,0.9041881819428087,False
1102,-0.2681438214362391,0.08075606016344518,4.828628042229798,False
1103,-0.0113669889899489,8.708864823011332e-11,7.760521543498815e-11,False
1104,0.1910818038649557,6.398365148759407,7.433515805479746,True
1105,-0.0392697074401778,0.0002152941826591612,0.0004972196853142841,False
1106,0.5913497504165324,5.152643286940703,3.7073439265353008,True
1107,0.2041391441291007,2.086921213726122,3.224584916827323,True
1108,0.0981330832689625,4.5219623221693945,6.069122146556735,True
1109,-0.0206058777538727,2.455676926331602e-12,2.2166392275314295e-11,False
1110,0.0016201426457063,1.1043958168543193,5.125123070679096,True
1111,-0.1582491581132427,0.12192436718325415,0.09614880686965624,False
1112,-0.0234001838518399,1.4242096295494396e-05,3.4835826099820184e-05,False
1113,-0.0770032217906658,0.9102249222409617,1.5488176782536107,False
1114,0.7083075257780854,3.672938818564373,3.9562663074636255,True
1115,-0.138141521531364,0.06603862153015704,0.5793356081503905,False
1116,0.3964640208775445,11.626058581447358,12.039531206656939,True
1117,0.2366617586053599,3.9036768919802753,5.1216614029333165,True
1118,-0.0292595482792216,0.8171215317258155,2.815382353212918,False
1119,0.1120165061194184,2.1114313621499132,2.2667256790460995,True
1120,-0.1313928550020153,1.0737116447469794e-08,1.0689235305827988e-08,False
1121,-0.0103823734387081,0.00019556670207236408,9.129222606205603e-05,False
1122,0.3541335357364789,7.739471741480426,9.924756690848783,True
1124,0.1407920469393717,3.2957054273051174,9.73675337462509,True
1125,0.7887794316544418,5.724344998212119,5.806107272548375,True
1126,-0.0206325644806438,2.6681810194367632e-06,0.00042661595217560104,False
1127,-0.1076820670336654,0.0005769931142831842,0.0008726726204151867,False
1128,0.1050052919168455,2.1133192573298953,2.2919806530904125,True
1130,0.044321891461571,1.9663808401440133,2.542477724717231,True
1131,0.2754479310857715,8.325391259612127,5.92736398172898,True
1132,-0.0102555263898165,0.0003874259370539171,0.0015495080140304268,False
1133,0.0310936258251985,1.5622321766988532,5.564186105015933,True
1134,1.0993730824889558,10.982971942309977,12.049608220674948,True
1135,-0.1137063766580729,1.9755065244804866e-06,4.807678927475599e-06,False
1136,-0.0387477893492975,5.073520796882818e-07,1.0752737672245219e-06,False
1137,0.0766216963971443,6.533941617720635,2.604412063826698,True
1138,0.1598977083005122,2.8912253157123415,3.229408084197274,True
1139,-0.058863759908925,0.0554023723441199,0.3392600304663889,False
1140,-0.3766198328124613,1.1916469677176958e-06,4.5019929656395325e-07,False
1141,0.0710022802151146,3.020453235999997,3.106792485137515,True
1142,-0.5919298673665265,9.256658543328983e-13,9.280699240278738e-13,False
1143,-0.0528280200113164,1.8045531954065565e-05,9.447040183045535e-06,False
1144,0.0449549094761108,3.686456082321083,4.428840400468396,True
1145,-0.0302544575496696,6.129382391951027e-10,4.154826115070772e-10,False
1146,-0.0297665437817562,5.814108002382156e-09,3.0242081053889027e-09,False
1147,-0.055120542268889,5.7944699914230996e-08,2.2047253950762167e-07,False
1148,0.35349994410095,10.128194332804087,10.804307646627912,True
1150,0.0802409054500672,1.8334732968996779,2.7281412335297976,True
1152,-0.0662675093935758,1.3590911610252616e-11,5.2931956657519474e-11,False
1154,-0.0100462297124281,0.015838896594046054,0.013367312420096348,False
1155,0.4672347863297447,8.530568368382927,8.994372512412806,True
1156,-0.030402256175724,5.279175655679434e-07,1.2915781984457758e-06,False
1158,0.0019268083870054,1.0261516040690895,8.46596732778536,True
1162,0.4040225615397068,8.821402372540138,9.244419409961322,True
1163,-0.0221730614916304,1.6861696271686313e-09,3.3187968797954592e-09,False
1164,-0.243787265680105,2.8752192312009787e-05,0.0002257157186122984,False
1165,-0.0298075150712572,0.4752246197959285,0.6361439964241771,False
1166,-0.0104015115602805,4.063537961727304e-10,1.539932774542013e-10,False
1169,0.1376505826943915,1.7827492943139027,2.039284625797967,True
1170,-0.1330592328089368,1.972388308385701e-05,3.129176891863329e-05,False
1171,-0.4710901632823784,0.003391807499664668,0.03343856572557273,False
1172,0.0928122130578054,10.877953807827623,11.170229451134757,True
1173,0.109610235336461,5.947992890298814,13.846137170100647,True
1174,0.5596047049683652,3.557013743974711,4.073755487613149,True
1175,0.3741464474707798,6.770749215009135,6.81442143770212,True
1176,-0.0218224142468535,0.00832310305370787,0.20999264977527873,False
1177,0.0658818095663468,5.638435295723858,7.117353303378013,True
1178,-0.092820800852377,0.24677210718521417,0.2489907417275483,False
1180,-0.0477452982857022,2.385978150042102e-07,2.482823280939992e-07,False
1181,-0.0790375812040451,0.011977809901949677,0.03136207500822428,False
1183,0.0868408727451683,7.332099773859514,8.473577816333167,True
1184,-0.0183709895151326,7.102492321560297e-08,5.632027934770409e-06,False
1185,-0.0495211209604934,4.155324778696309e-11,7.348897700934667e-11,False
1186,0.0500500186997953,4.513772516941708,5.643247559870279,True
1187,0.3469876615336972,11.187605402778633,11.389233535900892,True
1188,0.1739949028686155,3.1386992817683113,2.615465655736475,True
1189,-0.6432923008777662,2.1722056850248853e-06,2.1887705712316938e-06,False
1191,-0.0107561531695674,1.7426333087403724e-11,5.155773298224149e-12,False
1192,0.1978800917282236,3.4165676322261653,4.41555553962034,True
1193,0.9560722916221488,11.997111708414458,12.038499435254963,True
1194,0.193568547143755,3.65198490564302,3.878438553015694,True
1195,2.861355424113733,9.975137623204004,10.193154487362992,True
1196,0.1294133027528498,3.3850028986461838,3.22718360384576,True
1197,-0.080237252493778,3.164111911432313e-06,2.0437962731807643e-05,False
1199,-0.0164520145841622,0.31356159787187204,11.7045230337098,False
1200,-0.0411130175315792,0.4932815861208912,0.27849790443992534,False
1201,0.1396156227574344,4.196118995347071,5.893788018929127,True
1202,-0.0160970783762379,1.68550594406377e-10,1.6044104640596216e-10,False
1203,-0.044221544525215,0.0006438399593409423,0.0019983863972305956,False
1204,0.6212913990509203,5.165731499012664,6.424494306962316,True
1206,-0.0781235114298227,1.6812548275449087e-08,7.623090296378432e-08,False
1207,-0.0102609695661986,0.09426252557106407,1.1848901045062223,False
1208,0.1864671223888441,2.48282706092571,3.1965228122827156,True
1209,0.0299672573485145,1.883315132483948,4.573053184303321,True
1210,0.1039022359548045,2.824287978397544,6.623576131480528,True
1211,0.201502718575848,3.2725751962719167,3.88292668872104,True
1212,-0.0480409347764513,0.04907680684730016,0.055372461023346864,False
1213,-0.0152015317203536,8.118198456596769e-21,4.836323503468395e-19,False
1214,-0.0103444795667674,0.15044124445174412,0.12059747752649717,False
1216,-0.0518097723148325,0.0032992286871712843,0.345773702418675,False
1217,-0.024424730760751,0.2938487802749914,1.3351199344970752,False
1218,-0.0155973369421281,0.3617967163697265,8.19815360023438,False
1219,-0.0106270222085106,5.456262550445288e-08,6.461169493304622e-08,False
1220,-0.0103701347620714,1.6393399071798504e-13,1.4636640669223462e-12,False
1221,0.6450555771628091,1.1313721406722101,2.2159283880557985,True
1222,-0.0116366802464635,8.79304206708415e-12,2.7173021253581824e-11,False
1223,-0.1975913622658799,1.031337659341809e-06,3.218768648175466e-06,False
1224,-0.1254420500461646,5.085419859176951e-07,4.603915567489359e-06,False
1225,-0.068521392459684,1.2605207538210533e-05,1.4710954815139895e-05,False
1226,0.2945206709807027,1.9867142102606317,2.3655421771273266,True
1227,-0.0128556465416469,2.491289870832873e-14,1.0990500904292724e-12,False
1228,-0.0380608896662812,9.205719961644062e-11,3.523409406062399e-09,False
1229,-0.0182588885563835,5.176330691559699e-12,3.462259612039616e-12,False
1230,1.9779501964181123,6.730466427505817,7.62983598274939,True
1232,0.0492536033137942,1.6618942778275165,2.9845613994800804,True
1233,-0.1655673745872499,0.04178739056567867,0.22763414869623474,False
1234,-0.4586613021056627,0.027631143900889298,2.8139950218474628,False
1236,0.0088096431551031,1.506147142987038,3.912670524542886,True
1237,-0.0502875405861499,0.057641622918901576,1.4814920787722485,False
1238,0.0029413875567518,1.0425143004720265,1.3983409880031346,True
1240,0.0414566561319832,1.2165177683180624,1.151331441824942,True
1241,-0.1912602765101752,0.013875761274938074,0.04032019876936864,False
1243,0.0117208081061183,1.377975304216412,1.3008434241011126,True
1244,0.1759815757267906,9.826609816063305,8.247342175830568,True
1245,-0.0331944565333295,0.08062540643400688,0.13477639431444977,False
1246,0.2169713058094376,5.687819662191457,6.491886511005321,True
1248,-0.0185636418538293,1.4937883053050446e-07,2.1579689768651637e-06,False
1249,-0.0646121321835493,0.053943525656022284,0.4468686820945329,False
1250,0.0358890762403993,3.6045696605915003,3.6272073546385775,True
1251,0.0664860876730094,9.402237936855897,6.597963480557425,True
1254,-0.1263294719749294,0.4114043016284194,0.9538205301452528,False
1255,-0.0121393484934616,1.380881769901796e-09,1.5029850004707777e-08,False
1257,-0.0607230675597065,0.30066257773764576,2.1579601518354665,False
1258,0.1226582537689966,6.739111769860309,6.986965891229906,True
1259,-0.0446190410833742,0.33575010644482545,0.31807995739143335,False
1260,0.0585040216731847,1.3148780295295277,1.4526940421516548,True
1261,0.0422451625265527,1.7977423526405345,1.354614195884638,True
1262,0.043690504998082,2.786453486192746,4.814048315026226,True
1264,0.924686101525752,5.8687248302427175,4.302630360488655,True
1265,-0.0248373577253917,3.5401020679712244e-05,0.0005057699936645778,False
1266,-0.0192988461554181,4.889450284362839e-12,1.6092923207779195e-11,False
1267,-0.0288484800265826,0.788473269818335,1.3043329401720336,False
1268,0.1582210350641739,3.672475514309089,4.190816780913271,True
1270,-0.1304643059145372,0.14670020926764224,3.939311028659536,False
1271,3.3524080599075825,6.746412466015992,9.660710623823675,True
1272,-0.0258835852155221,3.5923426172815803e-07,1.7763690570862852e-05,False
1273,-0.2194469963588513,0.0002679703205153885,0.0005717213278673066,False
1275,1.4731559632248634,8.943401755269337,9.471288141322013,True
1276,-0.2776390214374926,9.471093330663196e-09,1.0218449876594062e-07,False
1277,0.2170931259200084,6.5750016664274025,6.725003314795805,True
1278,-0.1002612311880345,0.01047575478635613,0.29347406679827437,False
1279,-0.0323613847310874,8.42454443167809e-06,0.0002062841255696794,False
1280,-0.0622736418339955,0.09285859618087605,0.11583466757570915,False
1281,-0.0131183471585222,0.001017474440824962,0.005526120695486335,False
1282,-0.0137047074649797,0.0007699401598868934,0.022924427043847673,False
1283,-0.1007340276484902,0.14695817392699226,0.05787046347835668,False
1284,-0.0462833623640108,4.955537198121143e-08,3.059116797256195e-08,False
1285,1.3746996466204886,15.674053464398536,16.875754169013003,True
1286,-0.033858844979412,0.0029884569482665022,0.0027524172973205753,False
1288,0.1656492774387014,3.659576746623577,5.7392915737047625,True
1289,0.1779500184212046,3.2025011739460885,3.301502853056584,True
1292,-0.0152468618866319,1.0139148537795558e-08,8.21180387197557e-09,False
1294,0.0798521812896581,7.3549253026872385,7.466422294466931,True
1295,0.4473462550484102,5.080578081542337,5.0898467214843235,True
1296,-0.3434582600792601,0.01934917474538405,0.029719849851043898,False
1297,-0.1131900369144619,3.3754440417041665e-09,3.929790864978083e-09,False
1298,0.3612112434752574,4.715337370384843,5.396465138812106,True
1299,-0.1110698077553699,0.0003359635950094561,0.022615969265933695,False
1300,-0.0137895365679211,0.11051228536039095,0.1036174619174114,False
1301,-0.0258637460705388,0.0034131181280082318,0.03187443682222315,False
1302,0.2486706030957294,1.5221964107320387,2.6190932171271597,True
1303,-0.0282496713805299,0.03966161889149266,0.023059254584077305,False
1304,-0.0755489534551888,0.00011538240350536341,0.0004305915749501062,False
1305,-0.0518669241233423,0.0349761570101447,0.08252788887288712,False
1306,-0.0242930137027793,0.00010723137710447608,0.00012523312840055095,False
1307,-0.0304272850811765,0.03200369108273299,0.06122102029734408,False
1308,0.0179408499542448,1.6591494421817192,3.156423151809926,True
1309,-0.011732687264263,1.924813429971209e-11,1.2980069423554964e-10,False
1310,0.0133383475070395,2.032379678833016,2.9140795811633766,True
1312,-0.0187297815885139,0.00021795473810702284,0.0019746322062354086,False
1314,0.2504677916193626,3.781067482477636,3.6881202293945172,True
1315,0.5802044894101546,5.9753549680628,7.273392847780174,True
1316,-0.0101047023225208,3.882912151329572e-15,7.933310513739414e-14,False
1317,-0.3169083892056568,0.022715403098397157,0.06241918678868908,False
1318,0.1235841257891266,4.207550975760243,4.497835008700871,True
1319,0.0978532801744817,4.706501312821961,4.265736273173106,True
1321,-0.0211362212011644,0.519076672202386,0.4750719627569716,False
1322,0.0353531219022672,1.9147548554778813,1.4729492475082437,True
1323,0.1229429743780496,2.4073518423065368,2.646116897424624,True
1324,0.1595103603549907,10.361258741015702,7.120801474647609,True
1325,0.4223709180298347,7.912503771448078,8.506597022406755,True
1326,-0.104490707975021,0.000637569550764588,0.012586862379093993,False
1327,-0.0390075745597786,1.1295053529151192e-05,0.0009149351013119135,False
1328,0.1114388899920725,6.43920066819024,6.584793341626956,True
1329,0.0454359657938001,2.8186650728832072,2.52235532548961,True
1330,-0.065265301374799,1.2215333480853313e-05,9.622566041258003e-05,False
1331,0.5565946461359498,6.573179378998619,6.762621244131625,True
1332,-0.0102122289076609,0.0016286432814030891,0.08283057995717956,False
1333,-0.0669910558087137,7.243760950055122e-05,0.0004045416722880057,False
1334,0.0822181856468312,4.311924398143713,5.084654044535926,True
1335,-0.1883623517904498,1.202942299894827e-08,9.715949300194232e-08,False
1337,0.2887578893134865,5.862343504379932,6.049326488140578,True
1338,0.0285224631351354,3.841270528264616,4.727434021232724,True
1339,-0.1651182233163483,0.0035807320727884308,0.004548358073560115,False
1340,-0.033657055308236,3.475269411559695e-06,3.30940181821451e-06,False
1341,-0.1766616217293025,0.20160504994849943,0.21076230110719787,False
1342,0.3178253762766838,4.683982364594677,5.122267297298127,True
1344,0.5643667084179127,4.0989652978182605,4.47078906483489,True
1345,0.0711853355193869,6.245337583822873,8.486592865049921,True
1346,-0.0253671926340507,8.55610187815736e-06,9.062333012241027e-06,False
1347,0.0270904622361445,1.5683276543280436,1.5098275711782239,True
1348,-0.0196752071601083,0.13312001268804197,0.2306995048038935,False
1349,-0.2065792794515208,1.8125485408529082e-10,2.6384951531236537e-09,False
1351,-0.0761074547473054,2.748761441337723e-09,1.5212770310407336e-09,False
1353,-0.0415309602875585,0.1313924728558046,2.2050108928612677,False
1354,-0.1716629939942751,1.1376827552855112e-11,1.1425556506649086e-11,False
1355,0.0117587711949465,2.016466898476959,4.393803256676547,True
1356,-0.0127931489248837,0.40086313521779654,2.833883299439827,False
1357,-0.1517560236831893,0.029751199128640507,0.017909367115277002,False
1359,-0.0763736318527001,0.0006524045516402375,0.0015771793707337846,False
1360,0.4051242813163235,7.662046806751184,9.324757365731676,True
1362,-0.0731058755848708,0.10406328694356864,1.626780069243822,False
1363,-0.0177081996240434,0.034539001643754015,0.22128289873368007,False
1364,-0.0637236753130228,0.19580907641557216,0.10413818541363168,False
1365,0.0100778670308354,1.4410953899578214,1.4401623079209231,True
1366,0.1367524124736682,7.286294072055881,8.075899865861853,True
1367,0.0034670345538057,1.3156394176280257,8.03923697160181,True
1368,-0.045580354430968,0.0029256903380829777,0.06395983711646416,False
1369,0.1330294672480796,3.8227874798063546,3.9458024348049032,True
1370,-0.0095469218260173,0.08173827362496078,0.0931852260713608,False
1371,0.1254658827863732,7.224493676356955,7.2982906811062,True
1372,-0.1438226564577675,8.670073753964314e-07,9.098990886309749e-07,False
1373,0.1136562949537041,2.3312331324869833,3.8322142223870492,True
1374,-0.2522454484980017,2.8589934172418445e-07,3.04945538354204e-07,False
1375,0.4544494841550043,12.776434735343003,14.266549666808434,True
1376,-0.5259380821221772,0.00012753060112269328,0.00013841528710964508,False
1377,-0.0481552199920418,0.006076697158194436,0.12902337802339175,False
1378,-0.1439080413815642,1.9294931933947395e-06,2.5708592992938117e-06,False
1379,-0.0566239853295087,0.007192758681294743,0.0033236906515658462,False
1380,-0.2041358612023288,0.007988931077524278,0.005025888883947311,False
1381,0.1550786454254202,10.352051196892884,10.486437200107803,True
1383,0.6622483723306762,5.508729405364312,6.975717836441147,True
1384,0.1312842623204886,15.315897585176382,15.551593145621172,True
1385,-0.2088348636334665,0.011780153391032533,0.05761815610417419,False
1386,0.8337441932366525,3.943835970816737,5.553860278700449,True
1387,-0.0948105313369062,0.0007674343644718562,0.03410779976181185,False
1388,-0.0137850689796851,4.462427149238537e-12,2.060438575610339e-11,False
1390,-0.0358897702833579,1.0617997016797717e-09,6.209090574688014e-10,False
1391,-0.0194853057708928,4.877667873546113e-07,1.7495933957518366e-06,False
1393,0.0766911636350292,2.1584396271562545,2.3046306481909364,True
1394,-0.1070989837492793,4.864476222101988e-08,4.7559874102611646e-08,False
1396,-0.013693297319704,4.539778129341272e-18,2.00855084011589e-16,False
1397,-0.0101779124652738,0.3348161839659889,1.4909813013410274,False
1398,-0.1162716183143883,0.021545400988902102,0.022220662550253494,False
1399,0.55106135501504,4.608651351128677,5.602587499684955,True
1401,0.1100361360770392,4.455829646004871,4.4928787485674855,True
1402,-0.0166981713242396,5.8217489318948415e-08,2.9534330826643436e-08,False
1403,-0.0143389237997413,8.876227823411456e-11,2.133305079012685e-10,False
1405,-0.0117127291194798,0.0037561337740830343,0.03906120554366476,False
1406,0.3297395191143352,3.350937946471555,3.963874463510348,True
1408,-0.0931924168460084,0.0015581332071406225,0.0010572008523529062,False
1409,-0.1214535450402929,6.666857253725368e-06,0.0005421394537725231,False
1410,-0.0600227585949838,4.17450253451674e-13,6.590501212524191e-12,False
1411,-0.0292991714070097,9.207845980332968e-10,9.365639508381403e-10,False
1413,-0.0122162003869207,0.11326819554821642,0.22433566840204555,False
1414,-0.1002725233283989,1.5713532723328837e-09,1.9096528854601484e-09,False
1415,-0.0405562539584299,4.5109872933599385e-15,1.7194014375261723e-14,False
1416,0.2227619681624474,7.1415442138536465,8.567505527978565,True
1417,-0.0017483442525142,0.9328336626101187,1.2566347015577664,False
1418,0.0818089657457258,2.5637852689479157,5.852322042417437,True
1421,-0.0370240514631622,0.00013710772757819553,8.586193871514652e-05,False
1422,-0.0214333529350633,0.512088860419416,2.531875529459222,False
1423,0.7712265598169585,17.858333905525196,8.94066910173584,True
1424,-0.0625644728676553,0.01365928591482568,0.11493491789464864,False
1425,0.4070871711701542,9.200916111659653,9.275403854685758,True
1427,0.2970267068380052,5.465198390715716,5.519192726602762,True
1428,-0.0127330226953788,0.43007064909528014,0.17177426698726714,False
1429,-0.0136808675509786,0.05036704043553274,0.028239030792281208,False
1430,-0.0513450513393728,0.02247443609254,0.16026323078159588,False
1431,-0.065487818962617,3.5695289176998336e-05,0.00216788739797712,False
1432,-0.2632124552338624,1.0309279934190758e-10,1.2929714252449886e-10,False
1433,0.0053472924781904,1.0295925439680977,1.056936110437494,True
1434,-0.056456039771236,0.0004599091928533288,0.00023360459507128112,False
1435,0.2681775120728695,10.688973304568865,12.719769375132797,True
1436,3.032152347489074,6.80846893410454,9.776958776158736,True
1437,0.2386405594390676,6.078938113599486,7.017698797446887,True
1438,-0.0113008363669695,0.4177047610231563,4.079186211122885,False
1439,-0.0131486114635932,0.000982366235918565,0.0009611542372601441,False
1440,-0.0242960433718605,0.33859198579847816,3.47203753359168,False
1441,-0.0382519157886619,1.7280704074936084e-13,8.435707457317522e-14,False
1442,-0.0484139772559547,4.600035399992e-09,4.817696422485796e-07,False
1443,0.3793772696470536,13.777229745908484,14.146892294446957,True
1444,-0.0427737236875365,0.28496740217511685,3.0226437739525513,False
1447,-0.0154851951520492,8.928512453265336e-09,2.3736624309673444e-08,False
1449,-0.0238189953406975,0.38676800445197274,0.3921398882031691,False
1450,-0.0393625706272479,7.091032262700347e-07,7.929055310424714e-06,False
1451,-0.0509914669082484,0.0012261848765095103,0.00047929331959616046,False
1452,-0.0435374906167931,2.924383424537987e-06,1.8007555063514105e-05,False
1454,-0.0129952026183785,2.2957238445767875e-06,2.217342398010017e-06,False
1456,-0.0561181426189111,0.46612131133143464,0.9512867154782542,False
1457,0.1920062657796699,7.251709365878214,9.688331859426562,True
1458,0.2067441237710869,5.554820974580259,6.552524370197867,True
1459,-0.1662824135907749,1.7671220092680939e-06,0.00028999287869914647,False
1460,0.0598377380594813,2.6289228176583497,5.607539041299722,True
1461,-0.0171499705069041,2.5188849027169774e-05,2.646258296691882e-05,False
1462,0.0395697619411155,2.9094923742639813,5.418539139148005,True
1464,0.193723803399556,4.264980084055117,4.23781552825677,True
1465,-0.0155709431261151,8.324128149231873e-06,4.131371032989034e-05,False
1466,-0.0510224471610278,8.700928678412854e-07,6.332854941793128e-05,False
1468,0.1981020375220537,3.21502142145022,3.0445818436149565,True
1469,0.1631137756002605,2.519338427658892,2.3581850397776947,True
1470,-0.0316297301374925,3.83585894775416e-08,6.488454196077815e-08,False
1471,-0.440906171929999,3.963428452192564e-07,2.3103087016301536e-07,False
1472,0.4358406106669076,1.0664608708606695,1.7045067314647586,True
1473,2.0713803286018875,8.176170339308342,7.924116502162103,True
1474,-0.0177385856842349,7.899235320790389e-13,1.029870140554385e-12,False
1475,-0.041096450134974,0.0003031737123234861,0.00317673988444437,False
1476,-0.0102494120980708,1.289921311261942e-09,4.735338887925897e-09,False
1478,0.0667571968782596,6.115945530013636,6.2201202810803355,True
1479,0.2155461601852087,11.449974338180994,12.57793069034241,True
1480,0.0868409541863567,3.063092412691984,5.80110571872619,True
1481,0.1220663678312909,7.69464665266969,7.8084481492618405,True
1482,-0.2172418776146891,1.7212052100858682e-06,1.3120463615159367e-05,False
1484,0.061186525305381,3.09805996527834,3.3509742946486285,True
1485,-0.0338157914407365,0.008200411342740525,0.03860368127393147,False
1486,-0.0303952601518494,5.355483001268038e-07,2.0049537101711988e-06,False
1487,0.0419646880440742,2.4504434388147738,2.993556324161562,True
1488,0.1086803137189947,13.360717770069302,12.33569111376212,True
1489,0.5394583066567843,2.3219995329510112,3.800267971925768,True
1490,-0.0363060277907327,1.0629895014336581e-07,1.5952729115146594e-06,False
1491,-0.0108578054392025,1.8618352573477765e-12,9.403229869219633e-12,False
1493,0.2017796850151217,3.017874802095708,4.164011811632066,True
1494,-0.0209645575385071,1.5321794540426244e-07,2.0473366556361145e-06,False
1495,0.1178036791695232,1.5472630593312906,1.8536734438357803,True
1496,-0.0101491498095147,2.5750247829421436e-05,0.00039608274240625097,False
1497,0.0174691688336959,2.3103022947578324,2.82438114376758,True
1498,-0.0331623697454893,4.821278617780016e-08,2.6513970884055435e-06,False
1499,-0.0126451434505492,5.670584647437072e-07,1.2230476977499758e-06,False
1500,-0.1664520990058028,3.037950499411905e-05,5.054281896710156e-05,False
1501,-0.0603657803239746,2.493813364319757e-08,1.0162173163609783e-08,False
1502,-0.4977453621659445,1.4345931360992217e-05,6.432879946614707e-06,False
1503,-0.0120282187096827,1.6660010730692171e-07,5.981893755197183e-06,False
1505,-0.0340219265056688,1.0227123228506795e-12,1.042217616591809e-11,False
1506,0.3249484933721577,6.102724152038999,6.318264308686893,True
1507,-0.0397309253008808,1.639971347080037e-08,1.497633109134932e-08,False
1508,0.1138354011830698,2.4356864625427384,3.9897540768037243,True
1509,-0.010832694576081,0.051600333667510004,0.052623541153747386,False
1510,-0.2389078189929463,0.023078078128591095,1.1848088582402176,False
1511,0.0485647250669761,2.7542369141909324,8.583741897131427,True
1512,1.861465276486245,6.913445049470569,8.837382172992477,True
1513,0.9425637151360556,12.370308324028038,12.657310695802286,True
1514,-0.8954887398043213,0.0019417938421337645,0.0038942499273572893,False
1515,-0.4519597233522692,1.067421359721831e-15,1.0675382577637325e-15,False
1516,0.1072944526346944,1.6598313016553594,2.865418530779789,True
1517,-0.0137428688473999,0.06203108418325568,0.6502269606906007,False
1518,-0.033298690529816,0.002707988738427315,0.005490314713339184,False
1519,-0.0284913714454223,3.4509506581570184e-10,1.510013234778035e-10,False
1520,-0.0303539391019229,1.9900163597133164e-07,6.96305123038719e-07,False
1521,-0.0232384348049008,0.012981878804887255,0.008803520999163763,False
1524,0.2990469203919561,1.9958234091982299,6.737057368246232,True
1525,0.1604890382658931,4.475420221760942,5.933842585929911,True
1526,-0.0292311248854407,1.6057073427100138e-11,6.948002913306427e-11,False
1527,-0.0773804850336843,0.0003493550648168533,0.0002464471985889191,False
1528,-0.040766783195066,3.614776916024011e-16,2.9614095375557037e-15,False
1529,-0.0265925768755838,3.797212793234021e-13,3.7216526796579937e-13,False
1530,-0.0316648339386538,5.450763051926204e-07,5.751286602809809e-07,False
1531,-0.0130963977803675,3.1551447856542266e-10,1.6597811456382371e-09,False
1532,0.5449491579964729,6.134637049046266,7.369795843161763,True
1533,-0.0147387192190829,3.7236691276868074e-11,5.567505913165629e-10,False
1534,-0.0515845398883042,0.017597606863908825,0.952550363854935,False
1535,0.1048987283841357,4.779382722126893,5.79205071413821,True
1536,-0.0163897318416164,0.6957307825643821,1.2320193920140732,False
1537,-0.0470266215955739,1.2271274079646874e-08,4.622866053461896e-08,False
1538,-0.3945545573115069,1.3182721695954893e-05,0.0015651021644234142,False
1539,-0.0224050553107064,7.507541833436402e-06,0.00026565221937938327,False
1540,-0.0165344964568976,9.11272784400793e-05,0.00016532311955242752,False
1541,-0.0233206576996612,3.848389372678259e-05,0.008802777198317478,False
1542,-0.0808075052230317,0.0029828667095397345,0.04299120892160738,False
1543,0.9641585151074816,0.8186684088850876,3.558541056448832,True
1544,-0.0557039741100827,1.4663097219340766e-09,2.3755220809297905e-08,False
1545,-0.2781925833473852,5.901390331710633e-10,4.810802461026593e-10,False
1546,-0.0222296878494244,1.731577999755519e-09,2.8650579570170174e-08,False
1547,-0.019487426077934,0.002863871066247472,0.008160245737971495,False
1548,0.5119788917624983,3.034291437229522,6.673060211282098,True
1549,0.6389996172233848,2.3800695891141936,3.546459444981775,True
1550,0.0293526697738944,3.773607089529169,5.338417373015037,True
1551,0.0272006983626242,1.521304669247805,1.477744670194041,True
1552,-0.0141888022785796,2.403411717357121e-08,1.3433895662319671e-08,False
1554,0.7860558088787789,3.6446086002861358,7.541688635143282,True
1555,-0.020860240488203,1.4164513346169388e-10,7.294443843642313e-11,False
1556,0.0942164259113207,1.23324013017305,4.648814817688408,True
1557,0.1062041230213105,5.966529041084431,7.294879882320237,True
1558,0.0361660416951249,2.8096563948640436,2.311243009908638,True
1559,-0.0162788412441897,1.1025811728502622e-08,8.758895897626954e-07,False
1560,0.041739284495432,2.464280193549896,3.6300420303075254,True
1561,0.263570176285584,4.699643120345388,5.880850169676351,True
1562,-0.0248791794644704,0.01259974814749173,0.03317385173808105,False
1563,-0.0388128178905274,0.0002592129280166476,0.014299144996426146,False
1564,0.1595930747895198,4.801082268024787,4.838403285141264,True
1565,-0.0117589057506655,1.8102516958903773e-11,1.3652428805239088e-10,False
1566,-0.1098231690958463,3.0374675462950765e-08,1.6597731517818992e-08,False
1572,-0.1499496332804422,0.00039798419975690605,0.0008992685187254433,False
1573,-0.0147912369817166,0.05683635413873975,0.20502272189844112,False
1574,0.6294151451655559,1.2424882278761795,4.07394381575625,True
1575,-0.9668544693809878,6.413505281516816e-06,1.3136627590174664e-05,False
1576,-0.0162319256987868,2.1034988940856407e-05,3.60179410521902e-05,False
1577,-0.0336520300705713,0.010324363107406842,0.46416837913463904,False
1579,0.1511731537902515,2.837004671262363,2.6867183253655478,True
1581,0.0307005289871531,1.598899382287988,1.7373457472259746,True
1582,-0.2260768020529771,4.512661472685984e-08,1.1637175237260916e-06,False
1583,-0.0419210812318425,5.936423147139673e-07,7.581947741645271e-06,False
1586,-0.0915974931353957,6.687564322250416e-07,3.8503420408786174e-05,False
1587,-0.10572567361292,0.0032865632372719817,0.00649142757999854,False
1588,-0.0326809468547987,6.608612333364708e-09,3.3822728019954763e-08,False
1589,0.2135336688171911,3.9433946525446673,4.0975984676828645,True
1590,0.3903652620778826,6.457113473048338,7.164103374361464,True
1591,-0.1387707183023427,0.0034863178015318,0.002593048274375591,False
1592,-0.0143688497309821,0.918483378217763,0.8358321260081931,False
1595,-0.0533093721268559,5.053234715360609e-05,9.873298622282545e-05,False
1596,-0.0144638622234316,2.9233667174470674e-08,2.9186595550848983e-08,False
1597,-0.1146248275260626,1.4483425060250904e-08,5.889502464793034e-09,False
1598,0.165362467928806,9.087069095062022,7.600747868540767,True
1599,-0.0187743260616261,0.0008933565421955944,0.0003758062528296503,False
1600,0.4573333307623865,1.8864516095422617,2.44271744885341,True
1601,0.1301678170504415,8.031197776714263,8.30233544089664,True
1602,0.0447269971213203,1.5709455117382565,1.699733098367109,True
1603,0.112510489524059,4.0959135074375945,3.9033769589288863,True
1605,-0.0418931261627306,1.8472852649977103e-10,9.195755916922006e-11,False
1606,0.058145264975546,1.540116517040663,1.802428885421792,True
1607,0.0078773345493236,1.4656555742217812,7.722898111938662,True
1608,1.3387012941483971,10.517343272696962,10.801699937793337,True
1609,-0.0123140873402265,1.8733914538670047e-08,6.855945084178935e-08,False
1610,-0.0224708163305001,2.0361639219974051e-07,7.753888744747712e-08,False
1612,-0.2978067945925574,1.3316235182876284e-05,0.0017306283783409732,False
1613,-0.0119948679816245,7.175654105631112e-09,1.6939562136536477e-07,False
1614,-0.0390056993297728,0.0014123234155631165,0.025136829398406016,False
1615,-0.2602903524612957,0.00011567988385031778,0.00010698403501244295,False
1616,0.1444915971150618,10.916374650213964,12.358089830926836,True
1617,0.2664402662786601,7.649910655426003,9.028689766439367,True
1618,-0.0799135290409348,0.0010152558045858698,0.0011028578673920647,False
1619,0.2203626560839574,4.842688696649568,5.440309117015429,True
1620,0.9598855585261926,12.445263640579835,11.239245611672498,True
1621,0.2380014077969445,11.699184772655215,11.937094804038317,True
1623,-0.2315954796399978,0.16017385312340057,0.4093988872079915,False
1624,-0.0120487326952873,2.0270052960306295e-06,6.605820911844698e-06,False
1625,0.0285488694118363,1.4861794511642508,2.1867265568500653,True
1626,-0.052369620190007,1.8227523076542165e-06,1.8352666702301658e-06,False
1628,0.1799189975994513,1.8781701154857435,4.064273590346485,True
1629,-0.3538914377061858,0.0002518546767028684,0.0002633548000246663,False
1631,-0.036549934871829,3.298691746279502e-07,2.0665453464549752e-07,False
1632,-0.1297659722906547,0.0009468242013219964,0.00040485989762941625,False
1633,0.8272949211956264,6.328043579069749,6.586630892767,True
1634,0.1501942540054542,7.728819055021799,6.22842080649277,True
1637,-0.0285295005631043,1.1708298370637082e-08,2.3920134926633356e-06,False
1638,-0.0158140078889792,6.809340287985454e-20,4.683658280594892e-20,False
1639,0.0810877201437878,6.703054914697576,6.811138607838236,True
1640,0.2840413688947527,3.723530208148608,5.7374842803439305,True
1641,0.322409696187635,4.486931171564556,5.694087535308093,True
1642,0.084657003719398,6.126691037956428,5.908486228908925,True
1643,0.9011928710828104,4.525927787327211,9.872993373778284,True
1644,0.0965189034767489,3.1034802611445462,2.8841066291511033,True
1645,0.8169672063208828,6.9545249921391745,7.586428459894929,True
1646,0.2739195311978422,5.5514068755040995,5.818600001407741,True
1647,-0.0966066881981665,0.08915070667244163,0.13765698328592904,False
1648,-0.0822181336864253,1.116368248179296e-11,6.270838897568235e-12,False
1649,-0.0181207157323416,1.2867674699909925e-14,9.82203590575878e-15,False
1650,0.0330467357526524,4.022486478049998,6.539136224037004,True
1651,0.5515240548576739,5.915428656701457,7.225481366443852,True
1653,-0.0302886120356203,9.290676997697157e-12,2.373102574492096e-10,False
1654,-0.1193872791986433,0.007817972860323168,0.002941232466349052,False
1655,-0.0341934454758525,5.0673003007944184e-11,4.586508902899928e-11,False
1656,-0.2412567330756923,2.2763006298448524e-05,2.785729403311832e-05,False
1657,-0.0155004930309813,0.05168348579626591,0.4631312980521911,False
1658,-0.0208984662607137,0.004113887317239132,0.019177410016351662,False
1659,-7.930113936357574e-05,0.9956287282052062,1.4643363362456097,False
1661,-0.0824555669404117,3.5789642125759944e-08,1.8552973403022655e-06,False
1662,0.2995840458186993,4.325661557709532,4.417514041774755,True
1663,0.0644480501985287,4.861817295882513,8.582039820466353,True
1664,-0.3845964671669074,0.003132377553914308,0.002329354015881691,False
1665,-0.0234488760700841,0.012063848547659291,0.00909297679245543,False
1666,-0.1950216910301804,1.0679283366358399e-07,7.471660468384991e-07,False
1667,0.2527625625803732,7.040948964173171,8.734764460860463,True
1668,0.0761590452614852,7.757226510616112,8.618171136261982,True
1670,-0.0498473155790357,0.14272202380899096,2.903883087750298,False
1671,-0.0772317759902518,0.0008059581782714507,0.0014578592198773675,False
1672,-0.0930223568326115,0.020323173112971955,0.05755457243228497,False
1673,-0.0279498256806777,3.089817932185317e-07,1.7222051083952852e-06,False
1675,-0.0225151935353929,0.06636101556363552,0.8267136261666826,False
1676,-0.2700731984257064,0.0009196556112688829,0.006549747418887105,False
1677,-0.0855527195317086,0.0002440525049011583,0.00010375703807625096,False
1680,-0.0352676368142259,0.0016402440046029893,0.011246728496870041,False
1681,-0.537525008577817,0.00017393291349471977,0.00011655493057023442,False
1682,-0.0333663578621926,1.610498515591717e-05,0.0001513904046616139,False
1683,-0.0102686816402925,1.01233102650383e-08,1.5974665654690318e-09,False
1684,0.7530371358102749,9.827395393316335,11.471031725547949,True
1685,-0.3263951313983252,1.469053844223022e-05,2.976810634778425e-05,False
1686,-0.1241055762180495,0.07627330247657653,0.207359240913378,False
1688,-0.1699270674261208,1.6780259463207284e-07,1.0702071921439114e-07,False
1689,0.0209374060839387,3.001678590059158,3.7061620140155216,True
1691,-0.0427263624767029,1.9580388810114877e-07,2.132737181964178e-06,False
1692,-0.0130031936480956,3.778350884657886e-13,1.498612626892145e-12,False
1694,0.8290195972591272,4.380301792973004,5.094944081804958,True
1695,-0.0463931460423353,3.9973334840244045e-06,4.032385191449218e-06,False
1696,-0.0941427557941074,0.5714043241312742,0.659510944949058,False
1697,-0.0482505743719141,0.003683588275348717,0.0722834768875468,False
1698,-0.0879424957602369,1.7161516395548887e-06,8.538820929474147e-06,False
1699,-0.0186444180372303,0.05155740343284009,2.535534380187019,False
1700,0.2576713266305416,7.620825328537482,9.945188520460832,True
1701,0.1329101022725751,4.231445161845631,4.237234378858066,True
1702,-0.0127014214634392,0.020193877326008143,0.05004701061517161,False
1703,-0.1497893608909363,8.226585764413739e-09,6.478793876148273e-07,False
1706,-0.0187860272106859,5.638592946139301e-15,3.9817658220067107e-14,False
1707,-0.0173918429962232,2.573299883659226e-09,2.885404950065278e-09,False
1709,1.1015083356351096,13.845270866153344,14.99973580751368,True
1710,-0.039299581620585,0.45967815967753833,0.3836430716241901,False
1711,-0.0752325108553348,9.650329479739055e-06,0.00031670960350342484,False
1712,-0.0314802822071716,2.341742060432005e-06,1.3695255883901192e-05,False
1713,-0.1792270774074492,1.1476604377176054e-08,6.182750180747299e-07,False
1715,-0.0217272081605393,0.40274513916761406,0.5167992432071342,False
1716,-0.1286540953190789,0.0008540425642980425,0.03373433031269308,False
1717,-0.0633728388727161,5.938404518338072e-09,1.1178651905237346e-08,False
1718,0.0877861061191773,13.295616381958869,13.491773202655123,True
1719,-0.1518978595610338,0.0007689351872852927,0.005904778774020894,False
1720,-0.0423869035026462,9.068591635609856e-05,0.0005289920966819989,False
1722,0.8461668381920754,4.181559362357643,5.527277756858595,True
1723,0.6301732249034837,6.062771894300727,11.599582221841455,True
1724,0.6442345376653756,2.3461708622165918,3.4302384403797195,True
1725,-0.0183454430642352,3.17855573304489e-11,2.0540679832562982e-11,False
1726,-0.3032063442909947,0.09098548220855655,1.458737699734486,False
1728,-0.1758006112345395,5.202832219798648e-13,4.909739058351482e-12,False
1729,-0.0186626461654844,4.3307891256202484e-05,2.910298129022329e-05,False
1730,0.1592299742651891,0.36564360156897474,3.308926909816398,True
1731,-0.0759779529910538,6.62860540345524e-06,6.892340038026192e-06,False
1732,-0.0874101940990075,1.238178267013591e-06,1.3303898648995117e-05,False
1734,-0.1695694052329216,0.26740163046550786,0.31092258054771205,False
1735,-0.0180194294030089,0.9700363598327887,4.169968653043562,False
1737,-0.0232650371656083,0.8823287887009313,1.2758368042433055,False
1739,0.5412322872298094,6.534570687314071,6.620118149927488,True
1740,0.0879776658690144,6.9615620858510585,10.521897129924685,True
1741,-0.0801634546891959,0.007906672061342962,0.017864245745589518,False
1742,0.3866476161721763,5.079401967360537,6.745647502524512,True
1744,-0.0329912221470669,0.0014509723694150654,0.004414749656258485,False
1746,-0.0807521965791414,2.7842686163343967e-05,1.8375793235354e-05,False
1748,0.4062942581346319,9.363004209595017,10.673140430499783,True
1750,-0.064211025320645,6.488319624463032e-16,2.0192598524434994e-14,False
1751,-0.0394754212994359,3.3080091750579156e-11,1.6756045578249962e-11,False
1752,0.2656579915213389,4.996569745659364,5.327576539710567,True
1753,0.3754361009672297,6.537428472983645,6.637146566672494,True
1754,-0.4913082260690249,2.4181857140965796e-06,4.92760885535112e-05,False
1755,-0.0276673391685787,0.00048049462963772806,0.005223142834369541,False
1757,1.408161175495355,10.520403813027619,11.19101765059717,True
1758,0.0530637547840859,4.295752269495246,10.416657886645192,True
1759,-0.0378728295808844,1.5303696905217825e-05,1.4636536524191625e-05,False
1760,0.5314672589303504,17.512142255749314,13.04424545908953,True
1761,-0.0173062481365161,5.013079137824937e-05,2.8976389556243473e-05,False
1762,-0.0392903642014694,1.7935265030751587e-05,4.325790678998421e-05,False
1763,0.1479353397753987,2.3300594142324407,2.9800589626914893,True
1764,0.0294925580189728,2.0514250436565735,3.803278962510158,True
1765,0.0796154255597065,6.653369267760621,8.634892458541369,True
1767,0.0201080124481652,1.2283677950561585,5.057251072120269,True
1768,-0.018745576179673,5.1807458032448615e-11,1.1578059037613593e-10,False
1770,0.7337356142005632,13.384007056966675,13.532305077772916,True
1771,0.0498336064601437,1.5471776551928507,1.5205130017071777,True
1773,0.0345961455000549,1.533978817891276,4.447324727465723,True
1774,0.1340860805537123,2.2830486821877276,2.3833101338774165,True
1776,-0.1454757635365768,0.0147835830262104,0.01880892444490728,False
1777,0.1737915659633581,11.430476601767513,13.364466307201873,True
1778,-0.0296256967235301,9.125465637822527e-05,0.0025415271147178433,False
1780,-0.018392589245993,4.854205980486335e-06,3.7128683228757466e-05,False
1781,-0.0062710735653693,0.3281835422974546,2.355970721956379,False
1782,0.0469041252707042,2.155630693151608,3.3887698864781672,True
1784,-0.0687626769575175,7.740298990323912e-11,6.332878424578713e-10,False
1785,-0.0132581297298835,0.8990176359686498,1.1419552039723788,False
1789,-0.1299414214176346,0.0032445711497503973,0.05738930437513837,False
1791,0.3971348835000531,1.4501791534974493,5.097679759888378,True
1792,0.2856997657740732,9.83690263149605,16.276255832995016,True
1793,-0.0265427705110257,2.2593607452232755e-07,2.1827748476455014e-06,False
1794,2.73325983361298,10.696215379833168,13.495826244495722,True
1795,0.4306444999357058,1.9583373086144833,2.376311626790021,True
1796,-0.0705605468254356,3.577641558881583e-08,1.060038354372256e-06,False
1797,0.5850721022574713,8.461490629579451,9.73737878115872,True
1798,0.0828854775460681,8.347385435066572,8.276917825038032,True
1799,-0.0397409432266135,0.0005867920788936005,0.0028760990210639605,False
1800,0.9837569617621664,3.3582972303610656,7.81909225698022,True
1801,0.6204285495184171,2.7003654668509522,3.5442315410124112,True
1802,-0.2056970741262093,0.00019261871913851345,0.004093506786114067,False
1803,0.1402219688061424,7.947325360829465,8.471063438173074,True
1804,-0.0840801351493528,3.064742245511418e-05,0.00019135378968861442,False
1805,-0.0184309533372607,0.0026746594831508273,0.007348564386327871,False
1806,-0.0208693694656365,4.7911588420356435e-09,3.6473341919725395e-09,False
1807,-0.1380088944298392,1.7339131970081032e-08,6.483779220317941e-07,False
1808,0.3444323485551465,12.413663163571199,5.40950439032134,True
1809,0.2964978095546028,5.4283504433857415,5.625802560862455,True
1811,-0.0190385043103066,1.5570144889063114e-05,2.628637026434502e-05,False
1812,0.3748114021690334,8.10642517516133,8.244402157215685,True
1813,0.2217473713027602,3.974746955949004,5.130254442327956,True
1814,0.4295577029254239,13.012523727155537,14.263818367765278,True
1815,0.1698118171115745,2.271260487518284,7.73012665478315,True
1816,0.1123648330441969,9.154169179386233,9.302598852278603,True
1817,0.0941527466381203,7.167685720304212,7.433384745796076,True
1818,0.3227121747144724,5.544492797686468,5.560795109055863,True
1819,-0.0488453537548562,1.398327405174296e-06,3.280298787063115e-07,False
1820,-0.0889881928854356,2.0235555177403017e-07,3.5375471075950833e-07,False
1822,-0.0658079086655078,6.537746929790144e-05,0.001798810934954448,False
1823,-0.108355291645432,0.00015761075974540066,0.006616046193064235,False
1824,-0.0105112148837649,2.910466154371147e-06,2.876328948358659e-06,False
1825,-0.0287195982932153,6.361876475682773e-05,0.004607095058839952,False
1826,-0.0138854311832841,5.453752806600028e-07,2.247605664854625e-06,False
1827,-0.1412309701168643,3.756098249604291e-06,0.0003378790168245169,False
1828,0.0903273493892183,2.7938483402669987,2.1980171546604237,True
1830,-0.0425156904216352,0.0026683598113945873,0.023236559229119737,False
1831,-0.0417698371053329,0.007939815538068058,0.010973830407651264,False
1833,-0.0301482997481345,2.223261466895684e-11,1.0031029515204687e-10,False
1834,0.2228472285549965,7.993719127838843,9.83481119656418,True
1835,-0.0140322045245277,7.35682888001032e-05,0.003818477860315987,False
1836,0.1796781196007217,5.069900931971245,5.056471640908348,True
1837,-0.0210653618559405,3.862144062525883e-11,1.1829220926684428e-09,False
1838,0.0119816842155452,1.2311601928888665,5.078244252597473,True
1839,0.263513067084543,6.336792345897946,6.581247261441817,True
1840,0.3746086951260163,8.860837743242334,8.856746103018933,True
1842,-0.0391351525118376,0.00030284707744151346,0.005998264531222713,False
1843,0.5790397456440031,8.936432313028615,13.537360828406529,True
1844,-0.019436342968598,0.0006026699214619318,0.0006574202784091073,False
1845,-0.0689458848800447,0.0001418000376959816,0.00013779799917679403,False
1846,0.0928955550466148,9.814562780058552,10.338132671464988,True
1847,-0.0536374340372103,0.014132507563253363,0.01783837428463965,False
1848,-0.1004381746400199,0.0199147736491379,0.346073872685028,False
1849,-0.0126168388145922,2.74581026578227e-18,4.795764665321265e-18,False
1850,0.0130244940581521,1.2843959437096202,2.2729104139789547,True
1855,0.0801446571953506,4.58926222251484,5.276130797189918,True
1857,1.5109664707691566,3.874025912679027,7.061983959222747,True
1859,0.1375484918338659,3.2682205573182888,4.846677356651985,True
1864,-0.0202593455468634,0.0040608053911772935,0.002492441116872728,False
1865,-0.0257581443198669,0.0012719902875527938,0.001570526988056305,False
1869,-0.0966045323142999,0.07657021429452958,2.1057242302313672,False
1870,-0.0504666886356646,0.0026981845424129073,0.03662603861112562,False
1871,-0.0399147995188304,0.0016665816259094132,0.002435441742258065,False
1872,-0.0154681118771128,2.2583789092602244e-12,1.8656319160599175e-12,False
1873,-0.0180233052256048,0.6097223829150586,2.6905147997390517,False
1874,0.800841774292962,8.780348150873287,10.302712199576687,True
1876,0.0205989874916248,2.404470543961467,6.9144559999376725,True
1877,-0.2833836332717958,0.08620318569217102,1.5870200724047918,False
1878,-0.1308653611719997,5.509522467214654e-10,1.0168507944435684e-07,False
1879,0.1135772050523361,2.67424731499969,3.0839831130649604,True
1880,0.1681945145495623,7.281045783181954,10.293149231914589,True
1881,-0.0125912453239627,3.466100036305685e-10,2.7708766683983104e-08,False
1882,0.3678430112995217,11.807848382490652,12.063748089440201,True
1883,0.0871992442853572,1.899824264292302,2.3998996546567932,True
1884,-0.0121810681411656,1.3859336805861521e-05,0.00014217792800066587,False
1885,-0.1648390252849302,0.005931480266615593,0.0520521269107559,False
1887,-0.0190573996728211,3.594112817955977e-17,2.1060169426508288e-17,False
1888,0.9941682651897532,3.114129577530742,9.284612754722595,True
1889,-0.0152646641547219,1.2319362444755515e-14,3.960568356878019e-15,False
1890,-0.0521757229201501,0.0033868736834952186,0.040136302489995,False
1892,-0.0394436082259685,0.17238937663808934,1.7326917594520415,False
1893,0.1383756849855472,2.1766817782836276,2.277147217216569,True
1895,0.0891742215769781,10.431024342258056,10.866220394709796,True
1896,0.2323008040664435,1.4397878404667193,1.617326497713369,True
1897,-0.0317587997972144,2.916741407951776e-10,7.618107995131639e-09,False
1898,-0.0774569309819155,0.1049419122297355,0.24626389294580506,False
1899,-0.0128155142026519,4.172381613488826e-12,2.6883223063967907e-11,False
1900,-0.0622329198334347,0.0007848874257976024,0.0005098409530044767,False
1902,-0.0517803022020724,0.0943264483708793,0.2159731682794908,False
1904,-0.6899383781984161,8.857031729372579e-08,3.0575915957489627e-07,False
1905,0.0305873348014375,2.429358437476599,3.2555146883173562,True
1906,-0.0177414936997324,1.9927074177747508e-10,1.559855286741831e-08,False
1907,0.6101973414834428,3.3212077580896815,5.590132810898435,True
1908,-0.2922635441618511,1.2873168046441672e-06,5.180862703521181e-06,False
1909,0.1236414373452291,1.7273047810128237,3.1141459067017947,True
1910,0.1740636569954341,17.153834084477673,17.232059673935375,True
1911,0.0605950703169451,1.0733387638143335,2.6274824207777483,True
1912,-0.020472676466501,0.0019895719267931026,0.06918918917220793,False
1913,0.0057297025745134,1.1989999543620766,1.1924501993749068,True
1914,-0.0688583202419632,1.0672849346518097e-10,7.830218823283663e-11,False
1915,0.0244215237733979,1.439959539793686,4.387422502176506,True
1916,-0.0309562714603354,0.13532874355883145,0.14599798215605508,False
1917,0.0243925946974414,3.7931148710607054,2.119008025035781,True
1918,0.4141536619843505,10.26344503539289,14.20302091531573,True
1920,0.2297809401835944,11.698912322530013,12.04370816754877,True
1923,0.2426824937434815,4.411713265771679,4.5033846497189165,True
1924,0.2166608907978951,4.533707162256041,5.00343884587064,True
1925,0.0047661531335805,1.4229977218209824,2.952760553921519,True
1926,0.1104603629670792,2.9208318569441087,3.3579480916916964,True
1927,-0.0699364631147473,3.7309584201460195e-13,8.551053174817216e-13,False
1928,-0.124843492812265,9.476062687207536e-14,7.831400288984437e-14,False
1929,-0.1748284997379078,0.00037442773244318454,0.00036539357270660956,False
1931,-0.0190782991877148,7.941112936663374e-06,0.0008733594745316938,False
1932,0.0107288823110859,1.4274728677014175,5.3322198915935735,True
1933,-0.0944499994393614,0.0005694182284362198,0.0006483448461329609,False
1936,-0.0303089614293178,1.5454112662436827e-09,4.186311574930698e-08,False
1937,0.1512141810226464,6.558456405655804,6.549818852047613,True
1938,-0.0203137343679542,1.6575716831923268e-07,1.3176277275354633e-06,False
1939,0.2532960883871522,10.253025813606877,10.332717782162128,True
1940,-0.030527561569274,0.08497763485015987,0.5383800367589914,False
1941,-0.1396030889718105,0.00016407879278665006,0.0019359022168350178,False
1942,-0.0774480189542593,2.1998329740117115e-07,1.4308703636889117e-05,False
1944,-0.0492720788106073,4.188294586572835e-06,1.2011827100136582e-05,False
1945,-0.029483070273979,2.270757936629112e-06,1.1454212931985586e-06,False
1947,0.0235564737482288,3.321704051354695,4.1257146097905,True
1948,-0.0574957507209238,0.04044962595852113,0.39688757073862063,False
1949,-0.0986741966419581,2.7237365418607765e-09,1.7147162920959209e-09,False
1950,-0.0196713526355949,0.21384589669878767,3.6463561407484204,False
1951,0.6631856450044171,9.489723849949083,13.380945197704031,True
1952,0.0852650842605127,9.072693187479281,9.221447922967243,True
1953,-0.0238256381227491,6.814383841864204e-13,7.978646983442577e-13,False
1954,-0.010038828854939,3.0388475789841226e-05,3.524887563443251e-05,False
1955,-0.1822374774964084,7.5411316126658e-06,0.00010930435761765238,False
1957,0.2970126070724704,8.144819950819391,8.644527447502172,True
1958,0.0098237089724191,1.5855341515169143,8.938962908863433,True
1959,-0.021933762673537,1.813110747463044e-11,1.0541275271915618e-11,False
1960,-0.1092796144843985,3.4654258829770177e-06,4.6333463737091255e-06,False
1961,-0.0124384342502862,2.28030768685946e-10,7.714952607397144e-10,False
1962,-0.0120002650319151,2.8009208699625423e-19,1.1908075688774417e-17,False
1963,-0.0360567963685437,0.27183486121816197,15.218822132859422,False
1964,-0.012763917525364,1.1007710045028586e-08,1.6566592921918714e-08,False
1965,0.1043684375388159,2.0439642957792787,2.0648622517017983,True
1966,-0.0340679541282296,6.231570800005736e-07,1.2275470711364471e-06,False
1967,0.3621438907934902,3.1026764501778277,3.618032584692672,True
1968,-0.0398523870580211,4.0858309394094526e-11,4.916343747910505e-10,False
1969,-0.0653750360223967,1.6495623044684686e-06,4.9077469726543696e-06,False
1970,-0.0204140979714824,7.828934968758831e-06,9.833791250248134e-05,False
1971,-0.0280888634042597,0.010044185677189274,0.007315429001782793,False
1972,0.0999271184321216,4.81391166106025,5.841153679147841,True
1973,-0.1688147955676505,0.06659371167839188,0.20450370097575446,False
1974,0.5071726609737277,4.057294296320247,4.158293168597144,True
1976,-0.0349265688158834,3.091791560429255e-06,1.611067821267994e-05,False
1977,-0.0556797863781433,0.02543383979218895,2.6964144895377817,False
1979,0.6794644605913919,5.274385388566278,5.334772867083327,True
1980,-0.082296865101118,0.03532826472128779,0.012521087900094067,False
1981,-0.0176833547469218,3.8287478788817303e-08,4.622995124078275e-08,False
1983,-0.0290428527824733,6.137969751282817e-05,3.2528513741856644e-05,False
1984,-0.0725833000967543,2.9242926490487006e-06,1.8493262623722206e-06,False
1985,-0.0256718518711363,1.3312850352176591e-07,7.964518312483579e-06,False
1987,0.9439919892950868,13.62862189749652,13.586436089930634,True
1988,-0.08095904066571,0.0005899464224264689,0.0012375398750588574,False
1989,0.4851287055496427,7.4111429498346135,7.28764936640737,True
1990,-0.0344309506291192,1.167423869494478e-10,1.306069120905023e-10,False
1992,-0.0292121668688395,0.37703283393426457,2.751747304009822,False
1994,-0.0122484856338721,3.517505514237732e-08,2.1972213045099092e-07,False
1995,0.1137482362706303,5.206503474781729,8.148399596009028,True
1996,-0.0336572970001413,0.06735679262784089,0.6549779312764976,False
1997,-0.0870188574950679,2.0399658623912082e-07,9.57578669446854e-08,False
1998,-0.1289652921770759,4.456888881466249e-07,2.077928144340571e-06,False
1999,0.2199272534356691,6.823887393493466,7.478693075831786,True
2001,-0.0126247679079955,0.3608359732763272,0.5922114573424934,False
2003,-0.0396579156347259,1.549534889216238e-10,4.6306589828863576e-10,False
2004,-0.0322967300874858,0.001546082989165236,0.011529541454410507,False
2005,0.0435886660670548,5.008983025436893,5.942546673120091,True
2007,-0.0558265732621063,0.08326892451756193,0.40960589130738945,False
2008,-0.05346805571552,0.2373873210337364,2.3550447960424834,False
2009,-0.1068892310937773,6.931627456254902e-08,3.009834958670067e-08,False
2010,0.2209570847202706,3.036878664776034,3.029430784750182,True
2011,-0.0015537547027767,0.9460372258908396,0.8510594307274103,False
2012,0.2872088401560533,8.907692909197932,9.7472203961923,True
2013,-0.0659530904686842,6.316266805623853e-06,1.3115036507302587e-05,False
2014,-0.2030503802120221,2.4836352984118394e-07,3.559162206049821e-07,False
2015,-0.1876462245300257,0.0017172503245900463,0.0016645078777006012,False
2016,-0.1653282895710535,3.144493270711297e-05,0.0006061303579128326,False
2017,-0.0244550788250515,1.8452384571298655e-08,2.3986964486616504e-08,False
2018,0.0855507902902483,3.757035130288997,4.400914021429479,True
2020,-0.0289261256236365,0.0001340957618779076,0.00011070696912790231,False
2021,-0.2109468731220806,0.4128504630255162,1.2175195086269215,False
2022,0.4411329175914675,7.232059953705814,11.094593074962964,True
2023,-0.0230541808532374,1.1056881266002198e-06,1.0655117375031178e-06,False
2025,0.9715853450009028,5.352353350004537,9.240748323405509,True
2026,0.2520762800571394,5.764351579652608,5.780765001671101,True
2027,-0.0777058824813199,1.0853662176367674e-05,7.626044684744314e-06,False
2029,0.5225848896821998,3.7692603282606174,3.9267423386827467,True
2031,0.2674058709162791,5.019530719894627,3.9766582426329142,True
2033,-0.2187948534773332,0.001526402219607725,0.013211681433803371,False
2034,0.1900411110373644,5.532204541776082,5.3040634964965205,True
2035,-0.0491170955882647,0.00019983277318934685,0.00028700169160711966,False
2036,-0.0615757783547586,0.0088177807909933,0.028106147451574092,False
2037,0.0082075431985964,1.1452692218138314,1.9696315979090149,True
2038,-0.0170093831773444,1.5219570574016665e-12,1.0111254494031712e-11,False
2042,-0.0472964193166602,5.4628190279226046e-14,5.725784452543407e-14,False
2043,-0.1812348412973162,0.00256007311040746,0.0022851298535850016,False
2044,0.1862712866295633,7.747204689043911,8.474923784667343,True
2045,1.3702994949205571,13.257090060585602,15.873581620022668,True
2046,-0.0188191193631973,0.6503607054974581,1.0750883424952353,False
2047,0.4499187210404572,1.5960897908114136,6.7271291738347765,True
2048,0.1729072374102968,8.27672574887369,8.807371502736196,True
2049,0.7383687415547868,11.974415245852487,10.436675789071867,True
2050,-0.0263965544860938,2.3273300658008197e-16,3.987997009365082e-15,False
2051,-0.2423646888523421,0.015531240327417014,0.011436527503256457,False
2052,-0.0383644418005252,0.004787851000152695,0.015905855711609514,False
2054,-0.0353752346861778,0.22120069416074284,0.2548511340938152,False
2055,-0.0417527080164345,3.532721211097504e-07,1.3329217736162316e-06,False
2056,0.3286305334467782,6.665228567634501,7.232533994342791,True
2057,0.3814720977587703,3.902002086963283,4.089117754318751,True
2059,1.242310479262138,25.544317578650414,8.600983442701168,True
2060,0.0129668955230122,2.0677391041239845,3.6474023247680574,True
2061,-0.0124691597407388,0.005500740216296952,0.001964728732237109,False
2062,-0.6091370537946232,0.002665922663113358,0.07396923520431681,False
2063,-0.0276961602249325,0.00032380675619733175,0.00025083458958592047,False
2064,-0.0363810437646293,0.0002007609083394768,0.0008120094423869867,False
2065,-0.0091075497320144,0.7479901014276443,2.291909225588663,False
2066,0.2855810281627554,4.2690298605580335,3.125649990313922,True
2067,-0.0305559168009993,2.5421461350253295e-07,6.599763557885579e-07,False
2068,-0.0107840895937819,7.141685011253975e-05,5.687386068703059e-05,False
2069,0.087553334177815,4.592662874446237,5.137412485019817,True
2070,-0.0852232029506314,0.0001825270926858177,0.00017160464263737325,False
2071,0.3371153586523897,3.740737714861216,4.498066005394019,True
2072,-0.0250466987151172,0.5395064315271321,1.5158197344626234,False
2074,-0.2654741176467479,9.275139119009953e-10,3.3130387434638104e-10,False
2075,-0.0585957383256772,2.407173757363239e-05,3.543935888664597e-05,False
2076,-0.0301560422606574,8.689987962247264e-07,2.2574045513601732e-05,False
2077,-0.0213852025448892,0.0001093632885897131,0.00012249197680406888,False
2078,-0.0321343486241716,0.19318391907877747,0.6070290483660425,False
2079,0.1772812013903284,2.6750034210286824,3.2653920125568057,True
2080,-0.0192812382623378,0.05386424540161669,1.0396681259040317,False
2081,-0.0277183375778353,0.20139877541847176,1.2405845855907576,False
2083,0.0365032635289522,1.7474515548399798,1.7758290038379234,True
2084,0.1099426444592374,10.442202452461839,11.193698699847566,True
2085,0.0135052802894549,1.7932079466705488,10.481224126785177,True
2086,-0.0433127984697067,0.11945374108771782,1.0329864958417194,False
2089,0.5260425151661962,5.616962867575985,5.430441340450809,True
2090,-0.0441599896366653,3.185579680885969e-12,1.660097439919401e-12,False
2091,-0.0270531227924574,0.0383886675292862,1.519030714677894,False
2092,-0.5132503618731666,0.00024326442677602094,0.0002572885467123928,False
2093,-0.0648911204799833,2.7660751697535994e-06,1.6412400134147256e-06,False
2095,-0.01529365061736,0.1605564282033313,0.16181058608479315,False
2098,-0.1057492434651433,0.5409599910329876,0.6160760527067959,False
2099,-0.023621082937845,1.2798148190043662e-09,5.4768510764891916e-09,False
2100,-0.02778534644961,0.0018568051975212689,0.012398256696106209,False
2101,-0.3847976485405608,0.0035361261660698906,0.004277519012772335,False
2102,-0.1607258623666003,6.810539700479426e-05,0.0006777757440756982,False
2103,-0.0178246122311342,0.17282879430993872,0.5444459435147044,False
2104,-0.0226551862177014,0.00043606868138269,0.0011489891318807379,False
2105,0.1115399221455569,3.634872844110184,3.3835419649363296,True
2106,-0.4311496974383764,3.74044882021372e-05,0.00047926913129570136,False
2107,0.0062320328313525,1.0363195520878994,1.5563819270521433,True
2108,0.000635942673327,1.0440359901813074,1.7991091747658599,True
2109,-0.094611412761022,7.622181140883777e-12,2.005238735528867e-10,False
2111,-0.0185045876093118,0.25318058214316874,2.9741744965011323,False
2112,-0.0395252077331015,5.295964222018283e-08,5.3768792048513934e-08,False
2113,-0.0156496679720174,9.596440130348668e-07,4.079140549722827e-06,False
2114,-0.0136445234850396,1.5573893553277072e-07,1.576428568848024e-07,False
2115,-0.0112311973233486,0.001954071007473449,0.04707925804545708,False
2116,-0.0773102125334506,0.00330833560192375,0.0017455683229391221,False
2117,-0.0195351129772612,0.021070255816658095,2.529739320540839,False
2118,0.2542607500319672,4.054549617893274,4.131636645055401,True
2119,0.3492671576787476,5.6707461580752705,5.22210354437862,True
2120,-0.0087857111047078,0.4512833669528999,2.719448233801924,False
2122,0.0788414775265198,4.465821606613641,1.7493025949636902,True
2123,-0.0139409622022215,1.0504217772798676e-06,3.4992722499301694e-06,False
2124,1.1327643276618549,5.834997461547187,10.547117739484118,True
2125,0.8202491995749615,2.8880773237796005,3.293692526230607,True
2126,-0.0668799658857494,0.46323075868350455,0.6486770408723601,False
2127,0.0166489646353409,1.252433150422408,1.340380945195418,True
2128,-0.0274104322013273,1.5106712344489138e-05,0.00017201186977445883,False
2129,-0.0956946144028088,6.225033307443615e-07,6.226878920131245e-07,False
2130,-0.081272445602543,0.07628467861189468,0.39254601493382,False
2131,0.1990712899379497,5.528595814146466,5.683165117902972,True
2132,-0.0223068546382982,0.06232853773106526,2.695686195680511,False
2133,0.0430536112262853,2.347506009105811,7.302095659211574,True
2134,-0.0205217220341772,0.06432273640548498,0.0754039538757914,False
2135,-0.0138331421460759,0.4432675159785854,0.2822579164368016,False
2137,-0.062510739139547,7.692194986013437e-07,1.37609007156137e-06,False
2138,-0.0103447777599792,0.012870144945580805,0.048417401349212824,False
2141,0.1042207668801415,1.8797549254075716,1.89952811011563,True
2144,0.1698604745438374,7.5989478005122555,12.679807517182894,True
2145,-0.096996159590576,0.18019312994025413,0.08205668442025071,False
2146,0.901749138125862,2.242878219653298,3.471954731002543,True
2147,0.349017164338219,6.024995627094341,7.42674736244893,True
2148,-0.0560128358563694,5.777084258178091e-06,2.6191522571477206e-06,False
2149,0.0082538351874309,1.2050676628106398,0.5065614462152715,True
2150,-0.0172958085597013,3.657846115743519e-08,4.390604967151593e-08,False
2151,-0.1925709000850849,2.0635169540099508e-10,2.9592311696501135e-10,False
2152,-0.0196675201485439,0.00047700407821044274,0.0016849947157023134,False
2153,0.1259838674229127,5.388389531558054,9.021048603863907,True
2154,0.0044065413151117,1.2601130377136651,2.6325688870425683,True
2155,-0.0474531613589522,9.065799304779177e-10,4.5817703992603505e-09,False
2156,0.9525500861615336,16.500598553151093,10.729264248275689,True
2157,-0.0263223551417506,0.0001301344392442384,0.0006190165085885457,False
2158,-0.0325186746040529,5.117886849092702e-06,7.327725870230702e-05,False
2159,-0.0293481757163053,0.010092666162938134,2.654541421282232,False
2160,-0.0100523454679602,3.7173692556735835e-05,0.00014394073954042874,False
2161,-0.1396185014168895,0.019034865643519198,0.027810375176496347,False
2162,0.3683329997925532,6.777681035109338,6.334369471354136,True
2163,-0.0595187144749328,0.0013371745558109515,0.0009771672683745118,False
2164,-0.0126853438582777,0.0021773784406754616,0.013144150318242594,False
2165,-0.01678196331371,2.3496456110397808e-06,5.5192621343074576e-05,False
2167,0.0576982519949009,1.6157104908297806,3.8883216005213392,True
2168,0.3447470002322061,6.7195663321792125,6.909297865542804,True
2169,0.331248946015451,6.885727321345249,6.216595030189509,True
2170,-0.2238057681612982,5.249047059196544e-06,9.983268431836579e-06,False
2172,0.1917341064917706,1.4988213592780324,3.5715927519811737,True
2173,0.0467010737920733,1.6874535957507806,1.7144735313404464,True
2174,-0.0100274390458699,0.6235493114158269,1.3010618224248278,False
2175,-0.0544017704912617,0.1813906188259775,2.3749631902169486,False
2176,-0.0353178103479831,2.2139911307161844e-08,9.847570542805652e-09,False
2177,0.0930533665716965,4.262732298619831,6.602249031613698,True
2178,-0.2006267578591024,0.04320217826051613,0.059463454176754395,False
2180,-0.0710998994646987,0.0004064278515709677,0.00016267830359799,False
2181,-0.0681587258213025,0.00023083795389718738,0.009495011174606924,False
2183,0.0057954129376845,1.193298941936546,2.380289930045111,True
2184,-0.0201587657556547,5.6459354571062383e-08,5.596777231471269e-07,False
2186,-0.019585443128118,2.2883600755603847e-08,4.121688222060858e-08,False
2188,0.851220193969112,3.5231008774119776,4.87872038015844,True
2189,-0.0853932102410847,0.03236823546241596,3.0297955293720955,False
2190,0.2073009299689509,21.58105472820502,9.15753089668095,True
2191,0.6879240744487066,5.912466859197086,4.540243101182464,True
2192,-0.0208235557731629,1.379776117883938e-09,1.4023659801982953e-08,False
2193,-0.0827858006990765,0.03735075947181666,0.9076694894924163,False
2194,-0.0261502860114808,0.026840136571964726,0.2839414245734039,False
2195,-0.0266607052104144,0.001640756124032752,0.003434913467232754,False
2196,-0.0106664865444415,8.123522266005595e-14,1.124448312443245e-11,False
2197,0.1946327488224384,8.748859335355768,9.340565829590133,True
2199,-0.012014688109219,1.1237341794406033e-17,5.750115836825884e-18,False
2200,-0.0326691952514927,1.355614271371393e-12,1.8035986082237417e-11,False
2202,-0.011896414086804,7.943145945560061e-10,3.360588161842555e-09,False
2204,0.3052374395715788,9.350744655961043,5.047943072772781,True
2205,-0.0504244965504961,0.00020372416751812471,0.0006453835389352971,False
2207,0.758750576769925,6.029214101188131,8.248005897400919,True
2209,-0.0117885204526422,6.878903871590297e-09,3.221567224724798e-08,False
2210,0.4124268066530481,5.740430014284872,5.906305352632915,True
2211,-0.0154073526651387,0.00022909147719135268,0.0033556100997583663,False
2212,0.5612106856428404,5.576174388365847,2.8952757943677097,True
2213,-0.0139065331227821,7.987144892860447e-12,1.439313221288519e-11,False
2217,0.9235509107128552,4.425773628061145,6.947401671652904,True
2218,0.210164924116832,2.776239787417611,3.3609146157401018,True
2219,0.0524413618286561,4.2766490977600515,6.486525451476772,True
2220,-0.3445927148158749,7.847564388829703e-05,0.0036218281549420853,False
2221,0.2715109504265369,10.34124249212895,8.621352575494832,True
2222,-0.135734809230255,0.00041507951089830267,0.0006102559013292965,False
2223,0.0082235229684132,1.5114024741960528,5.504843122145422,True
2224,0.2822364836203234,5.128706821405441,5.124627510478346,True
2225,0.1114656604236207,7.730317411458733,7.867389652629678,True
2227,0.5417317112197281,4.405381205794486,4.782603752289995,True
2228,-0.3464926009820262,0.16757911599439254,0.5359042276570465,False
2229,-0.0194276139940483,1.6903586105162878e-05,0.0012837212582953823,False
2230,0.1547683578373747,2.3306971042983067,8.46126741236364,True
2231,-0.0213441788411054,7.722975901241103e-11,4.4180259003022315e-11,False
2233,-0.0105029312475398,0.6394381245317042,0.254701132248724,False
2234,-0.2399013425787033,0.01330086636103958,0.24678613261874002,False
2235,-0.0124320737071635,6.075932314026383e-07,3.875959670098925e-07,False
2236,-0.0310401440346816,5.8249159547968995e-08,3.0841546742271337e-08,False
2237,-0.0096953668252321,0.03489716257407747,0.016959282917557213,False
2238,-0.1682135566984128,0.0012276024714511092,0.020727675710962724,False
2239,0.0074121250872809,1.2918558690261048,4.390400745448708,True
2240,-0.0109589702512702,2.6412352492209443e-05,0.002150137999784215,False
2241,-0.0396043803349048,0.12996008967133202,0.6468152745276926,False
2242,-0.0235233112736622,2.45381218884498e-10,3.997470206113039e-10,False
2243,-0.0390347312136082,2.465034538506076e-06,5.745297243927532e-06,False
2244,0.1136896776283373,6.900444959171883,15.474929002266668,True
2246,-0.0963897754570528,0.0017444503091791923,0.0019327228876756819,False
2247,0.1287989954093947,3.0858735964104054,3.640207690281284,True
2248,0.1400242786354709,3.634610653071579,2.827373168479767,True
2249,0.0888843117837313,13.702962761422084,13.681575729373566,True
2250,-0.0282125424637318,2.1184389529838707e-07,7.709770155066665e-07,False
2252,1.1916899874721747,12.743404079372002,13.56293268388076,True
2253,-0.1084035360061369,0.007447413483687437,0.031063008351262723,False
2254,-0.0701959319683411,1.7809715887378587e-06,0.00011781525616274466,False
2255,0.1121902265238891,1.804482394479003,3.336787588919643,True
2256,0.4726555173591526,5.86380011887593,5.923973602153425,True
2257,0.382841720901724,5.842352666918341,5.919719086526377,True
2258,-0.1370797364548227,0.02061908456380985,0.011094988158442395,False
2259,-0.0175432807854254,9.196940065439083e-06,0.0003551177989393829,False
2260,-0.0159066564819152,4.532093978335803e-05,6.66629988299021e-05,False
2261,-0.0335353661623387,8.354841830867616e-07,5.82655765281505e-07,False
2262,-0.1702891104718374,1.4107884102353982e-25,1.4108119184666996e-25,False
2263,0.2166912578521471,6.691242694194838,7.315826201438646,True
2264,-0.0988927057739523,4.8570402707888145e-05,0.0006668058670987677,False
2265,-0.0422506652512092,0.039609751045626446,1.1404105453993911,False
2266,0.2659186330538773,1.3673973216476538,2.197240647011733,True
2267,0.2171074730271269,3.540261714207294,5.443803852493221,True
2268,0.8027563374505422,14.814854642565518,11.130545999984431,True
2269,0.2975598813525758,11.51199558981325,7.135040872401917,True
2270,-0.03400932031988,0.0007411793354466837,0.0006740154491063964,False
2271,-0.2806368187696373,1.1018707451377944e-07,1.5667998305661735e-06,False
2272,-0.0157827126071159,3.7167733829094274e-18,9.169846321337192e-18,False
2274,-0.0241185146231489,0.0014236837781273456,0.014845784254767574,False
2275,-0.4460080081884574,0.04482033840335884,0.2824303613359969,False
2276,0.5743986949686363,6.959107257584378,7.043638208521637,True
2277,-0.0400519946987222,0.0018278333322387257,0.03319661508463264,False
2278,-0.1124506463763847,2.3296835753259833e-05,0.0017746701936149187,False
2279,-0.0185878193695461,1.4477961890398325e-07,8.31971315613723e-06,False
2282,-0.0131289435330327,2.2911830676287277e-09,6.4293524838802904e-09,False
2284,-0.0131815981595202,1.857891658013075e-10,1.234318607431861e-09,False
2286,-0.0135173498383021,4.1028714390343e-14,3.45194055329058e-14,False
2287,-0.0337234884543184,3.281854583176487e-06,4.1411793041827725e-06,False
2288,0.3432895092736258,4.491191201918386,3.7197876264872796,True
2289,0.1636110624911649,3.1339624589930355,3.139583791464305,True
2290,2.0587553784349293,6.056498621379778,7.035572386856702,True
2291,-0.4144375088556961,0.004310865275106604,0.18925707183298265,False
2292,-0.0123043226526724,0.0032008088862404104,0.002694586128011685,False
2294,-0.0426914554433714,1.4194762702837412e-06,7.859361257953575e-06,False
2296,0.6567898225467594,7.493983367582967,13.241747232394752,True
2297,-0.0147115231990589,1.8940539521599846e-05,1.8454233147350174e-05,False
2298,-0.0159172109536045,0.19763527953472898,2.4435551910939144,False
2300,-0.1810934838812869,0.00491216591563832,0.0032998420410848242,False
2301,-0.0506234447985084,0.0014169204858250376,0.027144347645785015,False
2302,-0.0511153372228108,0.016623830807251543,0.09004325235838227,False
2304,-0.0897533356347666,2.896020200574796e-05,0.00013851530637643884,False
2305,-0.2310150687713248,8.286346273818818e-06,5.297472360129365e-05,False
2307,-0.1189595426059844,0.005013263833143532,0.4436205973658724,False
2308,0.1004363277206898,2.973264222212346,7.948080620935079,True
2309,-0.0262840636231998,3.9402805574824655e-08,1.342254381105185e-07,False
2310,-0.0977950453746329,0.11705702440478233,0.09075741324603749,False
2311,0.5995973463322388,3.0679068682207973,4.7927839694286,True
2312,-0.0228773211593911,1.0415622673467825e-08,3.522941996896155e-07,False
2313,-0.0309714923256753,1.7958796253062865e-08,8.303716059238276e-07,False
2314,-0.0384766825805896,0.14646971076337573,2.200740371516601,False
2315,-0.0524611256822055,9.401234192709735e-08,4.9490707141490023e-08,False
2316,0.216959871205593,4.444103466533522,4.929476045662728,True
2317,0.1240728164630034,7.499768759220456,9.746594388609976,True
2318,0.0498245704310476,3.3027299190433697,1.6208055170721356,True
2319,0.6134626532609836,2.5365863830220983,2.834442904712915,True
2320,-0.0102000121463475,3.492211079370267e-14,1.4748912329228695e-14,False
2321,-0.1993775178119613,0.04874192372227467,0.13520389335020835,False
2323,-0.0303133487525754,0.00019507903037122468,0.010788561705975055,False
2325,0.664244727362238,7.297064792319967,8.517374100591299,True
2326,-0.0360357330012289,3.423424552823912e-05,0.00018793914750836815,False
2328,-0.1639200471383406,0.32370269378516825,0.717965263150027,False
2329,0.1106483645762165,5.5547991569182855,5.337979400119413,True
2330,-0.089089898644008,0.00020178720288041344,0.01938408843901835,False
2331,-0.0954110784802893,0.19365761812244495,0.9323953857083104,False
2332,-0.0103247195087087,0.8202707909536484,0.6498249663401574,False
2333,-0.0464208983364847,0.08240823037781377,0.06711424105676554,False
2334,0.0683398332548013,2.381627550698259,2.642889441980274,True
2335,1.5793836614149048,9.511683287952206,8.952743783408026,True
2336,0.0372502611990987,2.530805724598098,7.142185742877365,True
2337,0.472679474219612,6.17073582952212,6.422705352360776,True
2338,0.3135136011339055,7.686711109939477,11.628603585648873,True
2339,-0.0141809063571495,0.4674563038429969,1.5505836278015852,False
2341,-0.0150048838157896,9.22810435015645e-06,6.324053788524432e-06,False
2342,0.011617206644085,1.9621266745579122,1.7832794498225686,True
2343,0.2897061969904478,5.531242690719171,10.487942059181627,True
2345,-0.019436718569378,1.371162134573726e-16,1.0583034337011953e-14,False
2346,-0.0102369293965973,3.260009085209776e-15,1.734816684215938e-14,False
2347,0.1230695174582649,2.391270404412411,5.424666618506215,True
2348,-0.0278331284192888,0.12058186036240756,0.12888180005372776,False
2349,0.7051487732215509,4.782688624968991,5.864240350108769,True
2350,0.1470753379573557,4.965218361234627,4.976370987257154,True
2351,-0.0132200253718745,1.6756270423693192e-06,4.977490340148881e-05,False
2352,0.7626821713334011,8.072363001806659,9.757750690961636,True
2353,0.5070348068639307,1.8065394522004823,3.7377331167279517,True
2355,-0.0338158705140012,3.071815281307987e-07,1.4004169183607621e-05,False
2357,0.3383546449876153,5.495244991402737,7.558331654557343,True
2358,-0.0173989550053391,7.254653349656895e-10,1.9080720222933922e-10,False
2359,-0.0155827908143379,0.0018071313978164714,0.0156377085901099,False
2360,-0.046626206204371,1.8506668334566895e-09,1.8192361059071824e-08,False
2361,-0.0156174322616999,7.556693777493402e-07,0.00013599914470770555,False
2364,-0.0210433434326537,3.654956825321806e-05,0.0022607064109768033,False
2366,-0.0180342498395161,7.0807409839242395e-09,7.402801371496588e-07,False
2367,-0.0703480628312416,1.4999364473363331e-05,9.298569405220719e-06,False
2368,-0.0722076043124697,0.0017326356670202153,0.04391886886905711,False
2369,0.0402718543859489,5.045242544407806,8.328828791592686,True
2370,-0.0289019127620514,0.0018448244674605307,0.021939045735331116,False
2371,-0.0319738266198956,2.556250370118276e-12,9.566117767858477e-13,False
2372,2.2337332161642998,6.149874895776436,7.633834731277885,True
2373,-0.0462185701630162,1.094433183580321e-06,0.00018157388744269616,False
2375,0.0289030915560754,2.439460859946447,2.5696647065911296,True
2376,0.151460245959358,9.027370528116933,9.36262597232977,True
2377,-0.0318612250817374,0.28294468497310865,0.32303484427346857,False
2379,0.1403954148146235,2.5790332917716468,4.480406151789728,True
2380,0.6387516389629363,8.232221467854275,8.574091004102533,True
2381,-0.017118506752769,5.835562434818458e-16,3.6267705745752285e-14,False
2382,-0.0910332436844707,0.00012451405581203142,0.0018941278534613966,False
2383,0.1483178747433926,5.0669645170547195,5.2559011048260835,True
2385,0.9399888199346144,8.979038937148582,6.672182625240315,True
2386,-0.0179480659535165,0.002822510785412277,0.0020850570432974533,False
2387,0.0511562517634549,4.333394373991858,5.007354649377639,True
2388,-0.0756791210507339,0.0007606608188274551,0.0003721509657983863,False
2389,-0.0312233284008859,0.003911768375966782,0.00251335651713275,False
2390,-0.0204649651638788,6.61655318522926e-06,1.4543241822565847e-05,False
2391,0.5724370917827266,11.763186707946684,5.044824844582041,True
2392,-0.0122710888216024,0.005303291336315579,0.03690136279484184,False
2393,-0.1678069537156959,2.5645359209748634e-06,3.6135561908740334e-05,False
2395,0.2712970311762586,11.426141730979062,12.953172181261744,True
2396,0.3451670935025252,8.512814200126142,6.536991543628524,True
2397,0.0216011965168895,1.3310329312919198,1.0953359239197369,True
2398,-0.0964723083198359,8.94361937678347e-12,2.140551437790288e-11,False
2400,-0.0504782764837023,0.04935715723106967,0.36969986672410193,False
2401,-0.0142906983554067,6.254021868085537e-15,7.707066989912816e-15,False
2402,-0.0145691680870808,5.493960362220319e-14,1.0779879131229595e-13,False
2404,-0.0768491678184335,4.2508263934259375e-08,5.036740628100928e-08,False
2405,-0.1170541013155101,8.328304622915482e-06,8.373378902037898e-06,False
2406,0.1142364368225561,2.6526917035572812,2.747912579213288,True
2407,-0.0099449013653326,0.19530594308508975,4.562872712496832,False
2408,0.706033501096228,4.605662704368452,5.8234275054256734,True
2409,0.9013162340378428,2.110351499001061,4.312059395122911,True
2410,0.7725116467027984,11.478171745478178,7.003524569845899,True
2412,0.1001757344855068,1.5786801926630978,1.8672618296912382,True
2413,-0.1035206223302088,0.0012640597927688565,0.0011727524342167372,False
2414,-0.0576284785172841,0.0001492527198438441,7.61782841868107e-05,False
2415,0.2336172578140691,6.377835488694455,6.536523552292326,True
2416,-0.0467204923198354,2.5678798987895907e-07,6.500509399082737e-07,False
2417,0.0545738724459081,6.81081000643304,6.585111406498062,True
2418,-0.0543092194733738,0.005389477158249106,0.051300185120408945,False
2419,-0.0167641413461076,5.430023733782497e-08,1.524925351137373e-08,False
2421,0.0932627366591717,2.994228825893696,1.700810459540851,True
2422,-0.018342505382989,1.1290221718408701e-06,3.4585956332519283e-06,False
2423,-0.0173291688454458,0.00015054233393561753,9.359291035468588e-05,False
2424,0.9981921897027108,6.0350209644527,6.282591630760602,True
2425,0.0628917104852378,2.475494758039611,8.557900511178735,True
2426,-0.0073805354540942,0.26821703838785954,0.28889542387703454,False
2427,-0.0398084090348924,5.581405600835729e-10,9.88918254399109e-10,False
2430,0.156879029077921,5.4904225386426075,8.836078589296132,True
2431,-0.0107142362361335,5.702984175182806e-05,0.00014942522081828321,False
2432,-0.0101495575862418,0.00013720801637564513,0.00015185102582443717,False
2434,0.1224424020199546,2.806158868051845,3.0310726821775726,True
2436,-0.073735694545904,1.153167913349494e-07,3.343587245558985e-07,False
2438,0.2713886346396219,2.898196352428243,3.2776713088471374,True
2439,-0.0836390849787729,0.0020336611445191323,0.002534060600970942,False
2440,-0.0143301454986517,0.002352427095727351,0.0038378484399340155,False
2442,0.2599469195825533,7.136273829094503,7.520936227563567,True
2445,0.0579775503774524,7.843721583612517,8.356844868750654,True
2446,-0.0944834151494013,6.959285090444548e-10,8.425548392871373e-09,False
2447,-0.0348125724711836,0.18903677223310753,0.1115569926076126,False
2450,-0.0647653009841579,0.0024095016998119884,0.010897638773378187,False
2451,0.4207374192287818,4.342695759376318,4.517496026660326,True
2452,-0.1250041982376554,5.8346572637014026e-05,7.810774727861021e-05,False
2454,0.0156674549805944,1.1402549924928,0.9618804890319479,True
2455,0.1232004917878999,2.1288070518320343,4.676165012680257,True
2457,-0.1213575659411751,6.898548642984072e-08,5.254647531618579e-08,False
2458,-0.1164879125485186,0.17972574985962478,0.7792892028676963,False
2459,0.0928906657482491,7.64048219997688,8.46570691897231,True
2460,-0.0542621561219943,5.0106096898387064e-05,0.0001249630840231614,False
2463,0.126701114610596,6.370542527129705,7.076827780751781,True
2466,0.4403261610753066,10.440459915106532,11.31781099408023,True
2467,0.2371559296912297,1.569750300143909,3.53875133926031,True
2468,0.0964407882763666,1.73362293994485,1.8712830577119444,True
2469,-0.1824161023776558,0.034848409537649686,0.012067817027761425,False
2470,2.611095641760677,7.401565898911821,8.406503608517918,True
2472,0.021411137882817,3.473584410316825,4.643516489484501,True
2475,-0.0140534859759723,1.0243757413239871e-05,7.97619247319202e-06,False
2476,0.0213901714245278,2.219627787812471,3.4476742611661555,True
2479,0.3594817584136393,4.196788045773173,4.140657206896238,True
2480,-0.2779911602126851,0.02893167209829544,0.055422358131918585,False
2481,0.0575909827925038,1.9999080377482854,2.5201895142670456,True
2482,0.1232008476624501,1.2499794417483228,0.7314139139882735,True
2483,0.5399493885316707,7.8937454415229835,11.115545428733196,True
2484,0.3465985212395606,1.7091338252552073,9.633577555580594,True
2485,-0.0358752044169145,6.659565120701142e-10,3.618059518469952e-09,False
2486,-0.0324159629711732,3.511903662651364e-05,0.00013979360998430117,False
2487,-0.0967752459421808,7.555015243716549e-09,1.478321740676091e-08,False
2489,-0.3607417049210629,0.0016998113746913293,0.000699917700211114,False
2490,0.1709225718376761,1.6716485657143747,5.655577610633315,True
2492,-0.0168610651331215,0.027503597945876,0.1541973491889268,False
2493,-0.0171254087531889,2.8092140406121722e-09,3.512492876531227e-08,False
2494,-0.0397980685281856,0.5550888662835199,0.9013945191500029,False
2495,-0.0749209315316726,3.159746473555457e-07,4.731861350712245e-06,False
2497,0.2912778706539684,10.731445889281108,11.163491160054548,True
2498,-0.0121308688174071,3.415310393692819e-16,2.393391459100572e-16,False
2499,-0.0707799627763389,7.706565898264769e-07,1.0257363395053335e-06,False
2500,-0.0357292378387555,0.27112566268251503,0.15658510140861379,False
2501,-0.0679226070089795,0.03229178043183084,3.0497303992295346,False
2503,-0.3066679798242921,0.0011017284404361589,0.005595027224217902,False
2504,0.0049812958988496,1.0343527766289586,1.6586932821384244,True
2505,-0.0362438532706203,1.6247301177141041e-09,2.178954943337352e-09,False
2506,0.2027046042348894,1.8954222285952653,1.8761221104969281,True
2507,-0.2958926866276601,2.19651704391356e-05,4.603175197025822e-05,False
2510,-0.1700637421060639,5.843600868546159e-05,0.002083140989691057,False
2511,-0.0939806798594809,0.0018445020223269537,0.0018411690764648621,False
2512,0.3507035782849835,5.388589930217282,5.539441074612047,True
2513,-0.5816625701112842,0.08914495152277163,0.09211854419253682,False
2514,-0.0402638763769139,1.2430093596775342e-05,0.0001688975976477202,False
2515,0.7845099229045546,4.455622185380379,3.277993101653932,True
2517,0.0732284066456219,7.361614727019784,9.173423384821966,True
2518,-0.0415296407282529,1.2163849976010595e-13,4.886740028874302e-14,False
2519,-0.0848320234218169,0.020601573072690938,0.12740080998814007,False
2521,-0.0212660171433059,5.074192066413658e-11,7.87688766282261e-11,False
2522,0.0826186959587347,2.9904603545578787,3.059508646984556,True
2523,-0.0103651382909209,4.707519568202602e-08,1.1299238469451028e-07,False
2524,-0.0455809151404938,0.028662194924085442,0.05344282246690665,False
2525,1.1139819284579235,4.801935382169551,5.147302693413419,True
2527,-0.3662861602439857,5.669861876473032e-06,2.0293894363819224e-05,False
2529,-0.051549327562622,0.002364633520402988,0.07073410760209076,False
2530,-0.2955985435297332,1.14009163769961e-06,1.0327825198493768e-06,False
2531,-0.0930890507674199,4.83884675589459e-06,5.932167055260115e-06,False
2532,-0.0409674126464484,4.304890167890216e-06,6.357892674095745e-05,False
2533,0.1884298572656824,11.453791074186785,12.177529474181236,True
2534,0.0474559971176014,4.952012712736484,5.5601068801819915,True
2535,-0.011055373872238,3.934785767556453e-11,2.141230379089255e-11,False
2536,-0.0123251755982758,2.95368682897183e-17,1.0047802363169525e-15,False
2537,0.0060243483259114,1.5482153256873528,1.2981179202478519,True
2538,0.1980380939678322,14.752147293164885,16.011890912387262,True
2539,-0.0310437210906206,0.002790971516403771,0.0023985422984188075,False
2540,-0.0195301150854923,6.033989719430828e-09,2.7395835863190666e-08,False
2542,-0.1865350654238393,0.0013368768224646039,0.0010296641974030408,False
2543,-0.1373940352350064,0.04568238201941166,0.04639353225249821,False
2545,-0.054884940669831,5.178202111230273e-14,3.261501505666372e-13,False
2546,-0.0480244468983827,5.8740006451362715e-12,2.7913651402436898e-11,False
2548,0.1852359465065382,3.9569157290938106,5.118091381503881,True
2549,-0.1934554319742974,4.742427252483332e-09,2.030866843647617e-08,False
2550,-0.5177658574173937,0.0031329855784121064,0.03881035175055065,False
2551,-0.0268327117711584,1.3421850288307913e-10,1.1059496385607903e-10,False
2552,-0.03077608517509,0.0005870962704170815,0.0002294705365369559,False
2554,0.1157605271226757,7.665207451205866,6.318296564997376,True
2555,-0.0869738469188459,0.05825189110003318,0.7438842277835295,False
2556,-0.1044144434073524,1.0046487830070805e-07,1.1069191981158505e-07,False
2557,-0.0202960058389622,0.22575204646363958,1.1341980076873526,False
2560,-0.019392768955676,6.053167040915199e-09,2.0958154708479872e-07,False
2562,-0.221666566008751,0.41666551219572345,2.364287314699635,False
2563,-0.1152306145860983,3.5039826886270285e-08,3.177461993741085e-07,False
2564,0.0391776597758582,2.417050334550515,3.1518086199420847,True
2565,0.1187177079275914,2.79442520208282,3.0905488357358912,True
2566,1.195697737131593,11.154110660840404,12.817411894665593,True
2567,-0.0984645156573022,3.3458459962072186e-12,4.413141522919654e-12,False
2568,-0.031689840282136,4.1084289383702546e-08,3.9000032478440903e-07,False
2569,-0.0252074961550461,1.910778524313557e-06,1.3565154584739889e-05,False
2570,-0.0116512197238639,5.875433874270149e-07,5.78281260025584e-07,False
2571,0.1582432967320251,2.5879757373827266,2.984482611685616,True
2573,-0.0105681389410101,0.002202681481022456,0.005082584178816727,False
2575,-0.0315806511234325,1.6202735692036362e-05,5.3272600268440545e-05,False
2576,-0.1379449573303096,0.0009622093915026117,0.002876711010673792,False
2577,-0.0098361028186446,0.39025656600363284,1.7908133093627054,False
2578,0.4937843253673052,3.907733288376639,6.560186804730255,True
2579,-0.006523411643808,0.8106841169509076,4.271821979483586,False
2580,-0.0874907727415748,3.553246138987403e-11,4.1107708937912087e-10,False
2582,0.3975842841807441,2.3567245165094772,2.9978578802566367,True
2583,-0.0565505620457119,0.285526403434071,1.0901453784372959,False
2584,-0.0237892536186031,0.0007016984756659111,0.0003274274647952255,False
2585,-0.2371616476082701,0.00932887126214263,0.004465637173159657,False
2586,0.045254708977429,2.1952176666201106,2.448612588373237,True
2587,-0.0490387805026679,0.08136377433048898,0.16214962481100123,False
2588,0.4773951332286194,4.443111370530236,8.795799412248966,True
2589,-0.0393102890072221,3.2263987861536966e-07,1.2807740148856156e-06,False
2590,-0.0926977695580961,1.0336955042542773e-12,2.698396113942841e-12,False
2591,-0.0213698603949335,4.980138968415099e-05,0.0025902057746207702,False
2592,-0.0386581991379293,0.32757142700682385,0.7208907995266531,False
2593,-0.0212434368361723,0.0007636067242954832,0.00483710768955391,False
2594,-0.0122636061365808,0.2592229157920274,0.5132696861184677,False
2596,-0.0325695627472612,0.0004000181709749076,0.0001863683642223176,False
2597,-0.0230744377199142,0.02238530156610281,0.015591327325536251,False
2598,-0.1024943135822148,0.0036216206442655336,0.004181853817147956,False
2600,0.1258139925429575,2.587330599527576,4.345251511083614,True
2601,-0.0146448579728808,5.388493587937757e-09,3.061374676518088e-07,False
2602,0.2647141668483961,12.662230168216064,12.757781964993075,True
2604,-0.0366887724761446,0.05302681404591773,0.05217832596965606,False
2605,-0.0421630262110657,0.48236527878346835,0.6342230801924901,False
2606,-0.0491942995740101,5.686374147683147e-06,3.1658875855366337e-06,False
2607,0.1764586229417242,9.81225609658482,9.240036476819476,True
2608,0.138569984335554,4.6175680090227695,2.9497135574333613,True
2609,-0.0145525416086294,0.7036038275434656,2.0906082279133003,False
2610,-0.0117314751468819,0.5600998655850372,0.6522041235999336,False
2611,0.2535675838950196,1.8510737161392468,1.6993264372333616,True
2612,-0.0377982538526093,0.0030828619805604823,0.00037868948771280344,False
2614,-0.0718891008302469,4.076559118598297e-08,8.149730262581731e-08,False
2615,0.0298485723112174,1.4519835430477248,1.749859602204758,True
2616,0.4170661762751325,2.777461894027699,2.5613873972538226,True
2617,-0.0441134090024494,0.1498060057875054,0.41694640353895385,False
2618,-0.0287879820148408,6.0645040929365135e-05,2.6812021662336262e-05,False
2619,0.2258559799751262,5.453522601021892,4.253033412327109,True
2621,0.1946116132159558,3.9011496919604296,4.351154196262823,True
2622,-0.0208284528000833,0.8895166884694945,1.4443370487847231,False
2623,-0.0563368878134431,2.1529103755720783e-07,4.490042663561634e-07,False
2624,0.0822122046050133,1.4469374614709818,4.508924722816897,True
2625,-0.0554130213377214,0.2996985877248699,0.1291733621230562,False
2626,-0.6300810170224985,3.3755676801066384e-15,3.374982194236174e-15,False
2627,0.016299989002936,1.7050170504163604,0.8201164690494226,True
2628,0.447664272101037,3.1707890396511424,3.4490090773724025,True
2629,-0.03447863706667,5.826074307617759e-11,5.473728165647104e-10,False
2630,-0.0883714715129941,4.171625057214021e-06,6.611879630457567e-05,False
2631,-0.015386697674062,2.324389223220726e-12,1.005746663266449e-10,False
2632,-0.1071632337771407,0.011878425769320591,0.006518224119097048,False
2633,0.0383964389602789,1.1135804176633346,0.9532066686905954,True
2634,-0.0397697318263516,0.025870940690986433,0.04785247100336556,False
2635,-0.0152743572549978,0.0019556856227994556,0.01666744910726405,False
2636,-0.1157419038397536,0.09436865874313118,0.08229044484776495,False
2637,-0.2038660651665804,0.04964268348069443,0.20543893380790731,False
2638,-0.0259512807041455,0.002062261225952117,0.001985034153220356,False
2639,0.0536090025344453,4.79144894109141,5.538599486990789,True
2640,0.3161764039689971,4.747990678400846,5.972491789172932,True
2641,-0.0116029935270126,5.6613757465903e-10,4.655227399157717e-09,False
2642,0.2421424534862488,9.119627769726208,6.887346970504665,True
2643,0.3696264186005104,5.782200099177798,8.510800738922233,True
2644,-0.012105932337666,2.657621456119367e-13,8.692790766081644e-13,False
2645,-0.0117469811325205,3.015349754259429e-10,2.192954147866964e-10,False
2646,0.5309741520529193,4.191150664845239,9.347243151500823,True
2647,0.1834659424003887,4.397144318700053,5.167456655451764,True
2649,-0.0126928406329004,0.43466899867136044,1.3471326767491023,False
2650,0.1182003494587235,14.005102867092825,14.225214217426126,True
2652,-0.0161602605297533,1.1070644913880371e-15,3.8475911968853165e-15,False
2653,0.0373972838210019,4.30890852836515,7.31303801305519,True
2654,-0.1252771328210623,2.171542836355792e-05,9.25607681562958e-06,False
2656,1.1791221340956373,5.621319867564805,7.611475486258879,True
2658,-0.0273359695203575,0.053811917676636394,0.04259137426628747,False
2660,0.0929241617332653,11.90451938654762,12.015395394791453,True
2661,0.2412101030483443,5.035714528254089,5.749754338264954,True
2662,0.4501973550493191,8.039175201031014,10.113609772238037,True
2663,0.4761052826130615,8.732903522882685,9.825176715306904,True
2664,0.0178591209289277,1.1429254550422356,1.7282812382025916,True
2665,0.454979360588499,11.196117340327342,8.229132077410945,True
2666,0.2686562078496445,5.098213560905648,5.179217276225079,True
2667,-0.0631090676603367,2.5267583547762075e-06,4.81398728337519e-06,False
2668,-0.0371311413234894,0.0005549412431089662,0.00024007144018853502,False
2670,0.0055402764727986,1.0999047892779306,1.687671223956729,True
2671,-0.4269464185633574,0.0037583704715319663,0.02171432839146151,False
2673,-0.0293092300492058,0.0007287410041692316,0.00027435861531127377,False
2674,0.2339028989151623,2.086891181123118,3.455167479145919,True
2675,-0.0105112146399086,2.0113183969046538e-10,4.798448504323266e-10,False
2676,1.725831330201006,10.734062663763085,9.799902067706181,True
2677,-0.0607620012764444,1.203591237701138e-08,1.8518959374011202e-07,False
2678,0.1137721353752064,3.8726564045695624,4.151811571387415,True
2679,0.1394871573888337,2.308628173935716,4.294935245069782,True
2681,0.4912094225366337,4.122778945653825,7.00770685374221,True
2682,-0.0659271162315969,0.0033357369253705182,0.0017024882579998021,False
2683,0.083354692186611,10.009767163976727,12.548012810343144,True
2684,0.0511040824515321,3.37633857688951,3.230464019240146,True
2685,0.0151959386810305,1.816263191722618,3.7698355562612047,True
2686,-0.2185795207966601,7.126526256288989e-07,5.540793654156145e-07,False
2687,-0.0171671927421728,8.806360194330988e-11,4.5907160529241927e-10,False
2688,-0.014488791166462,0.005431318043566804,0.07441279037547317,False
2689,-0.0186675488584814,2.8123238643681636e-13,1.0845821614145943e-12,False
2690,-0.0123481096342325,6.172452830585969e-08,2.8776609610683743e-06,False
2691,-0.0203039323686347,1.258230000903017e-18,5.647381102329917e-19,False
2694,0.5116620634355751,10.454116805152475,10.405348085671024,True
2695,-0.0555148600577389,0.011142904500202609,0.08585826978797019,False
2696,-0.1467085667265842,3.068833432345054e-05,6.17205095299893e-05,False
2697,0.3423053415851412,2.9902640885578795,2.9848669325300308,True
2698,0.0925810191621978,3.416559339497476,3.613626948259714,True
2699,-0.1868260402374343,2.552309318107624e-06,1.5459394954379987e-05,False
2700,-0.0176489831621423,0.0012033914024386317,0.0002233019102932796,False
2701,-0.3872125936286341,3.206651675994281e-05,3.0105502905765436e-05,False
2702,-0.1550463909258843,0.04910326773073895,0.08120911766768803,False
2703,-0.0544281320208203,0.00388601647730422,0.2568090814696209,False
2704,0.6375693821292693,5.762762530902555,6.142537770159584,True
2705,-0.0146150293796541,1.4604442743319586e-07,7.230064226028289e-07,False
2706,-0.019549582748811,0.9428399776002133,0.5410582308789945,False
2708,-0.0300276046690953,2.5732729082446594e-11,6.983762467176453e-11,False
2709,-0.0752914933756632,6.707244684208835e-10,6.673095856600994e-10,False
2710,-0.0188196717680534,0.01686796441065165,0.07896928196514427,False
2711,-0.0855836000513485,0.00037212239943958987,0.004306466016259692,False
2713,-0.0477384145527532,0.2659027863774161,3.234658922741976,False
2714,-0.0158950855209324,7.375540267469781e-14,1.609390572154085e-12,False
2715,-0.0304964625429016,0.0004335158255465741,0.001288860556994929,False
2718,0.0850833489993563,1.3260013898433602,1.4959620249907972,True
2719,-0.0121315556496885,9.391733732855357e-05,0.00014080929364334463,False
2720,-0.0112292719796302,3.828558816074766e-07,1.7175548852168675e-06,False
2721,-0.0314992658154903,3.1905839904991464e-18,5.2311196958308636e-17,False
2724,0.0334304446194906,2.082872112325713,1.249243180046968,True
2725,-0.0979871677729331,0.0011934169764578433,0.001011237270051386,False
2726,0.0290783681594039,1.166349739052471,2.053238303891865,True
2727,-0.1807049124407724,4.302216810804039e-08,8.339110602106811e-08,False
2728,0.0331938880967809,3.2411733208629427,2.2033408843853466,True
2729,-0.3282076346658801,0.0011964987335239023,0.019730797307795145,False
2733,-0.0191359622395685,1.541118638504566e-05,5.879929106044839e-06,False
2737,-0.013102369904177,0.0025579009867265274,0.02251087293875853,False
2738,0.0102801859938576,1.4953407421788802,1.8537541524043362,True
2741,-0.0236979000962864,3.9018553254923626e-11,7.20832219497885e-10,False
2743,-0.1510285715996775,2.044247347024923e-09,7.496588774418244e-10,False
2744,0.0214083593243492,1.4238344655830133,10.214747919630577,True
2745,1.2182231549553926,8.607688351320757,6.936192496843957,True
2746,0.4559077414596065,2.1184708895033184,3.577021521295371,True
2747,0.0990368459117351,5.283052841972051,5.539742717363205,True
2748,0.179441226177464,3.53461478264994,3.832085412904603,True
2749,-0.0224688978652462,0.0010088831024098357,0.0114789028328266,False
2750,-0.1674421095076324,0.0006115042737109402,0.00015692703412140412,False
2751,0.243112846842611,6.569202562602585,7.753128556839971,True
2752,0.0862879716444712,2.8591463908486845,3.3894282525720043,True
2755,-0.0574961271956803,6.815605089467221e-17,2.03084819948709e-16,False
2756,0.7610096910138028,4.329384108620543,9.149953952034654,True
2757,-0.067918276274903,3.364931224325648e-06,1.8039310762046032e-06,False
2758,-0.0141692698717779,7.460794102666375e-12,2.452551321538752e-11,False
2759,-0.0162165659721861,1.7726720478799374e-09,1.3229926171877103e-09,False
2760,0.0616799510229597,1.4741965185950712,2.513714705826946,True
2761,-0.0449884988088022,1.740994002400044e-06,1.8511770725720105e-06,False
2762,0.2315955219333576,4.763818543084332,2.7901343064352364,True
2764,-0.0245831817099161,0.013861033245948465,0.014468493946037967,False
2765,0.2074443622354443,2.6302240613318584,2.8526449791167954,True
2766,-0.0185159767799717,6.833356976710099e-09,3.576591936690267e-08,False
2767,0.0304488831956698,7.07803225826547,8.093353974991038,True
2768,-0.0180294915838893,3.98283953857861e-09,2.304284699903618e-08,False
2769,-0.1010322076391068,8.822647726787476e-08,8.603160857736634e-08,False
2770,0.0075557064241414,1.733798637527602,2.773306652833436,True
2771,-0.0448655757719639,2.9250234644092035e-05,0.0001564297809037171,False
2772,0.2939885165744751,3.4378137405433855,5.231089071170726,True
2774,-0.1492846559468331,0.00014565241685466103,0.0021575562525012336,False
2775,0.5937400471754357,14.081187416605182,14.088150272761661,True
2776,-0.052294094591096,1.3019458762571528e-05,1.3109475348029032e-05,False
2777,-0.0173761858314562,6.826349404808147e-07,8.44125711529465e-07,False
2780,0.6135564603301241,11.697431102928642,10.804087521399138,True
2781,0.0345289526683348,1.4872190451013843,1.9891070244821167,True
2782,0.3761349809421703,11.952504806662088,11.981961203245161,True
2783,-0.0414502697677363,0.0001461363293628244,0.00011405838353665137,False
2784,-0.0116549736740312,0.748075041580078,1.8698125150969096,False
2785,0.0109734789941028,1.4147168324788437,1.21340463187434,True
2786,-0.0151078379113931,2.2132788520856053e-09,4.085245840385156e-08,False
2787,-0.0112813623426083,3.3456891256773357e-06,1.6457789542786848e-05,False
2788,-0.0065945312179587,0.5007463783260482,0.34241852904811154,False
2789,-0.0160186389364052,1.157144941233073e-09,1.7502639508367562e-09,False
2790,0.0271117493848563,1.5476874251878279,3.249217016807398,True
2792,-0.0769919821137134,0.0495063319500794,2.9090006602291894,False
2793,0.499948097164742,12.291522693885044,12.737757277906654,True
2794,-0.0176082281706327,0.2322311800194935,0.3763673269263831,False
2795,0.5434657231313837,14.953588734829049,15.40677023495806,True
2796,-0.0356231994960138,5.2709160694903456e-05,0.00012115262502642,False
2797,-0.0565101544508459,2.5849000392784424e-05,0.0015693068028852254,False
2798,0.2980535678699202,5.965032359246744,11.91817109916811,True
2799,0.0105780744430523,1.5161826254460644,3.7394023346063308,True
2800,-0.0804894059140713,0.23695621466132322,0.26488249553880566,False
2801,-0.0412430986454457,0.0003572792316464827,0.03664172714583649,False
2802,-0.0473484233210359,0.001109844356911519,0.02079713549281297,False
2803,0.1930972170215235,8.533121838123016,8.58950500534602,True
2804,0.1248834839695433,11.632075079614992,12.137657631892056,True
2805,-0.2807185663170378,6.470549697349563e-09,3.602032320346662e-09,False
2806,-0.0949672289758621,3.9539261379993945e-07,5.837805381866997e-07,False
2807,-0.0101221719352721,2.5753869499174116e-07,1.1771285676790291e-05,False
2810,-0.0298490251103675,1.2928185878768027e-10,9.202626357298591e-10,False
2812,-0.130407019793123,0.0002354814000500784,0.0006593523653038942,False
2813,0.0772176037192176,2.0641655554395655,2.8725670749238374,True
2814,-0.0207620183570352,4.5376088754631044e-13,4.055928296380481e-13,False
2815,0.5262314315858798,4.639920933230756,5.9700963179898086,True
2816,-0.1738264901527806,3.3700712804559884e-07,6.518646560118844e-07,False
2817,-0.0167094497944482,0.0005016488243206359,0.012391505078499848,False
2818,-0.0228395756584972,2.3893348939673393e-05,0.00030230009088436875,False
2819,-0.0066436030938937,0.36564104718082374,0.22727243636751246,False
2820,-0.070005942286057,0.000398242591669124,0.043268150212453706,False
2821,-0.020575367530626,1.207074703176202e-12,3.7567532539836794e-13,False
2822,-0.0136221540246222,9.124247642894808e-07,1.8937430141924983e-05,False
2823,-0.0160747147783366,0.014706391398544787,0.15304511374192628,False
2824,-0.010843504616865,5.377385607782782e-06,2.2595139831690328e-05,False
2825,-0.2041880073082851,0.002483127422048088,0.0037572220972291646,False
2826,-0.4345981450426291,1.949732710380351e-07,5.784605083974035e-06,False
2827,-0.0282831252614037,0.0010832085572435358,0.000461322713454988,False
2829,-0.0541937350628795,8.452425322152835e-08,6.558782654595275e-08,False
2830,-0.0122097213311711,3.374955654193435e-05,1.3968138560160466e-05,False
2832,0.1987948466094859,10.11849334718097,10.347478274111992,True
2833,-0.060652832882815,2.1976495609244619e-10,1.60639089675552e-08,False
2834,0.0678164987315576,5.837087887777065,7.1662171358645965,True
2836,-0.0110672150182422,1.3136148228450738e-05,5.564807809265185e-06,False
2837,0.847003914929923,5.7259783093662415,6.125520779532554,True
2838,-0.0311278568721821,0.019126476673784757,0.022687738941033982,False
2839,0.8321021296087442,39.8895656797411,11.480144081146642,True
2840,-0.1054045363629485,0.5757270331862216,2.1217344805756406,False
2841,-0.0472400638036434,4.297763997837659e-12,4.493659865567556e-12,False
2842,-0.0214001984681622,0.0020139578198567817,0.3182508899657292,False
2843,-0.0325484645162431,9.703796790532438e-05,8.177012742321213e-05,False
2844,-0.0803060477137416,0.001210790239120834,0.15745012909618644,False
2845,-0.0219224675999676,0.020898099227787976,0.1536983156057292,False
2846,0.3324405832412923,9.667007319694267,10.5849531465065,True
2847,-0.0298087567346382,0.0001702952253706891,0.0007811266422186049,False
2848,-0.0179205418387186,0.00270414997840968,0.005829366861440626,False
2849,-0.0220056575291051,0.6818905532046341,0.26543250056589135,False
2850,0.2922073247940448,1.365316991734096,4.5833721379702315,True
2851,-0.051395082946644,1.0570315491044465e-07,5.984697181601473e-07,False
2852,-0.1304880948283024,3.853746696062385e-06,0.0005901794563558565,False
2853,-0.094046867687551,0.00022953370064921462,0.008115464494170697,False
2854,-0.0992758645753992,0.00018188693353597059,0.0028286833359915504,False
2855,0.2535751740466465,3.999471050095067,4.74253568460999,True
2856,-0.0222030956479382,2.836060398548519e-09,3.1474707221603757e-09,False
2858,-0.0610695466390036,9.634793307592305e-08,8.567109109042558e-08,False
2860,-0.0356016332737719,0.0015184803857160264,0.04760067601304169,False
2861,-0.6321933045018004,0.11448157615664697,0.11517414160184934,False
2862,-0.0436533045802173,1.3348247459273746e-09,4.4997606077937847e-10,False
2863,-0.1203535877183457,0.062153687392113285,1.9068630950887546,False
2864,-0.0281412083512116,1.882091260316152e-08,8.718646749466578e-08,False
2866,0.1940192577702353,4.9588834450044414,6.8294352053133895,True
2868,0.3055748347002289,10.379477176000517,10.692199923673831,True
2869,2.251953699690075,6.702531336156899,7.7595177440366685,True
2870,0.5215981956801597,7.505602310061012,8.134923203590253,True
2871,0.0241468173665648,1.2782918328455886,3.2193459691614548,True
2872,-0.0264411347755381,0.02674387567904906,3.228957191904764,False
2874,-0.0906536528414139,2.432625627142381e-05,6.230755767410802e-05,False
2876,2.0304115592824905,9.078797302563254,9.467210571401484,True
2877,-0.1125296196724556,0.004722544722768014,0.012841631032048427,False
2878,-0.2943516653103335,1.565246750418169e-05,3.188642158623288e-05,False
2879,0.1375405004086993,2.8841670917154136,5.838599574920262,True
2880,0.7293617725822423,4.3402716760628355,4.8855002658364555,True
2881,-0.016717805117391,3.3974871845238834e-15,3.3364169641956644e-15,False
2882,0.423562625752389,11.009186358105758,9.311653622633555,True
2883,-0.1512105876119888,1.551887180783128e-06,6.800240775534602e-07,False
2884,0.0461477433337915,6.121395528147841,6.166056655845856,True
2885,0.2319026811016717,3.1108857793478286,7.043636794564696,True
2886,-0.2284169572559214,0.2022235275402483,0.34397897242785325,False
2887,-0.0745634420613246,1.1138776210198221e-07,4.173378065701196e-06,False
2888,0.4694822846934428,2.6333606296166585,2.8332453316806845,True
2889,0.0110620878463481,1.094400352198398,1.196551250901248,True
2890,0.1597239528217217,1.729202945650689,3.2501589997320224,True
2891,0.2669558160471459,2.88640116110082,3.74107034573584,True
2892,0.3093834140123488,2.4664118488540665,2.797101188980942,True
2893,0.0136161758990013,1.8809050501156401,1.9998273290264306,True
2894,-0.0114171948234457,0.0018577523629884996,0.002130285755118878,False
2895,-0.011912261096857,4.688238469252215e-07,1.9158997293759017e-06,False
2896,-0.1029631123384609,0.6537667732854868,1.797976978361994,False
2898,0.6383938954355844,6.276868203091642,5.017074880828425,True
2899,0.3647162926588997,2.479799695755022,2.514528154482644,True
2900,-0.0398681653645301,0.00010872113017284202,0.0006281062165512229,False
2903,-0.0260837651914851,0.20959935591301776,0.6513058265877876,False
2904,0.3046774250266375,12.205872438638963,9.864549778247131,True
2905,-0.0693478101187424,0.0003488344838422954,0.0916341701590263,False
2908,-0.3095682443802513,9.437832638391814e-06,9.56677691624325e-06,False
2910,-0.2386515681122712,0.0023942919807595216,0.0029951200159705625,False
2912,0.0814914244929767,5.195079065131354,6.454583805790379,True
2913,0.0840781904027177,2.647498170923741,3.029468981937683,True
2915,-0.0113698031276479,0.002785004884540057,0.030229589544960654,False
2917,0.0118122159249265,2.283291225693277,5.441351971727712,True
2918,-0.1357932572749378,0.5420436444651231,0.4894074869219294,False
2920,0.7585907694413822,15.30715816053546,13.107927833176053,True
2921,0.2030084709607515,5.43446378912753,5.605580483972228,True
2922,-0.481735488397918,4.964289489597772e-12,2.7938204544312047e-12,False
2923,-0.1368311390037159,4.7241422953240756e-07,5.149927965460745e-07,False
2924,-0.0153615544345012,0.0005238429048393566,0.0004987048474305877,False
2925,-0.0252519369075335,4.102255272971133e-05,0.0020519771611808234,False
2926,-0.1899053271942844,0.0004167495325039559,0.03366280442710833,False
2928,-0.0604165542718718,0.030989754254078614,0.10147748493540383,False
2929,0.126904603212663,4.682910462593016,1.3545556752196939,True
2930,0.3849883909943754,10.464620660587522,8.960777568360603,True
2931,-0.0932996629659814,0.0005214170898427581,0.001793682476350079,False
2932,-0.3937086217484898,3.42408414467818e-06,3.4146919649266076e-06,False
2933,0.3119203635218841,12.097230943657749,12.75937278432277,True
2934,-0.0163622577120788,5.833750962216512e-09,9.260096387193981e-09,False
2935,-0.0474641747217867,0.0009944907440852366,0.0010443085252003187,False
2936,-0.0108847075382623,4.660612899793385e-16,1.5993191894886951e-15,False
2937,0.5514658530366341,6.764470278164232,7.124814402103278,True
2938,-0.0229247870516212,1.3062692094312964e-06,3.932912250207359e-06,False
2939,-0.0166504316899941,0.017718355826927934,2.014209554353358,False
2940,-0.0091377691208095,0.12645183490170547,2.797826997596222,False
2941,-0.0200626756251745,0.003674414693764832,0.18113597207714904,False
2942,-0.0272378498164783,4.6719055422295886e-07,5.274764754148367e-07,False
2944,-0.0228726296445493,0.3593951073451055,0.2779610750216979,False
2945,0.0485130956409391,4.084286108212712,5.966970517977947,True
2946,0.1486724956840658,9.605226582506157,11.888782944436905,True
2947,0.1159384741428993,11.183223497232046,11.608155765015951,True
2948,0.0357947938046819,1.737211237489061,1.9115346551606378,True
2949,0.2676436061171985,5.05530038047571,4.837714565338421,True
2951,-0.0199350904691007,0.2034318163454509,0.6383132195398821,False
2952,-0.0247198867374435,4.466860951657446e-05,6.526401558188073e-05,False
2954,-0.0278358940903655,2.241074368810859e-07,1.438698063976518e-07,False
2955,-0.4444163141248273,0.0018174610326913319,0.0007132432340562481,False
2956,-0.0174850980306873,0.0008349452336975808,0.0004143401955807987,False
2959,-0.1213719568863191,0.0001279929100362991,0.0009697293631279134,False
2962,-0.0338135083922411,0.00025329336327179305,0.0007667067737849707,False
2963,0.195177085801885,2.8802649377872016,2.9009054771341702,True
2964,0.1644629774249026,1.7411607454530191,1.4206033230469373,True
2965,0.032535864110359,1.269260714560634,1.7332665092979718,True
2966,0.1881207611174456,10.691826007876875,11.592539411080287,True
2967,-0.0178044063538476,0.0017883035422547185,0.0087081970784299,False
2968,-0.0159895052264716,8.317269650549083e-20,1.031601908534969e-19,False
2969,0.0469735566436157,1.417328728645054,3.096680491205243,True
2970,-0.1335788322148104,2.572455729758321e-11,1.081657323794302e-10,False
2971,-0.3113617632841181,1.0937949518989006e-06,6.681647537989239e-07,False
2973,0.0792567102386101,1.9017282339285289,13.593079562985043,True
2974,-0.0349247509113843,0.0003444470604429835,0.006749136422089386,False
2975,-0.1268845773850224,0.049937779580830774,0.044753336720176166,False
2976,0.176007080549454,3.8335122073099255,3.956115657797053,True
2977,-0.0395785899325215,0.0392450011507092,1.6339877031069876,False
2978,-0.0152058497281109,2.945029205719729e-07,9.278580710353083e-06,False
2979,-0.1101416452832192,7.306750828442835e-13,2.3098787036932414e-12,False
2980,0.1576113335391313,4.041838880148694,4.283073905890983,True
2981,0.1687096211378615,4.338990042165834,4.958258342497503,True
2982,-0.0112476145737592,3.994820983448034e-05,8.542503614442566e-05,False
2983,-0.0630235519233295,0.7838701171684297,0.8301889796081946,False
2984,-0.0295598870684576,8.730684216421425e-17,1.3780976968820195e-14,False
2985,-0.0279805961468587,3.6659994016396113e-16,3.4409358364553416e-14,False
2986,0.2520076520207767,3.1577958303436837,3.857266573677656,True
2987,-0.1356150244924974,3.935650228841262e-06,0.0001485239664410613,False
2988,-0.0104299826617302,0.021624802491608974,0.09394083606508337,False
2989,0.2650766454567465,11.244210994263998,11.584214805919084,True
2990,-0.0109622309856061,0.0011252776768761405,0.006297183640033546,False
2992,-0.0446986829634814,1.4087556883733053e-08,2.6492365100875925e-07,False
2993,-0.0445985835261594,0.00645768108328852,0.008037809886520366,False
2994,-0.0122795417222906,3.29596627472906e-10,7.361293189095271e-10,False
2995,-0.0838361784145797,0.00017005178008106352,0.01424083669486071,False
2996,-0.0232426720999327,0.560172792233303,0.3274059806148274,False
2997,-0.126133164308031,0.2963355544971786,2.9529215421699737,False
3000,-0.0141978694069766,0.023830894550659475,1.3194866915026888,False
3001,-0.0242702979425565,9.074660240065257e-06,2.023514164718677e-05,False
3002,-0.497540651507181,0.0054808653925263184,0.3777949627439623,False
3003,-0.0746401882810025,7.797414241306221e-05,0.00046088192167211705,False
3004,-0.0881396780606686,0.0023174056667294805,0.007961414091542714,False
3005,0.1803900440460885,8.714483378950925,6.139901133537566,True
3007,-0.3032949950398265,0.00027178362181442324,0.0008413489958924884,False
3008,-0.0172599156932832,0.900690111166765,0.9713034764731583,False
3009,0.0762721224330648,4.274368578512113,4.426499864634844,True
3010,0.4905043444171891,12.085507969834396,12.44409328005923,True
3011,-0.0148143491413738,3.021358158857704e-06,1.2125163748325056e-06,False
3012,-0.1846104490942139,7.202889231046518e-05,0.0006929020051121646,False
3014,-0.0302690536274881,0.014019571018857778,2.6437289135025592,False
3015,-0.0232351345681376,1.410078736858563e-09,1.6740516180449075e-08,False
3019,-0.0189961215417122,0.011531223595763668,1.4633601210443363,False
3020,-0.3186763625972515,0.00032262491387516514,0.00033316947262542173,False
3021,-0.0341773676213326,0.11818245153003298,5.883868588510109,False
3022,-0.0124184509449594,0.0003363711609423399,0.006998161004887183,False
3023,-0.0295100742962291,0.5898647282065411,2.7832731033755995,False
3024,-0.0321181287557197,1.3652633357932494e-12,9.872804209824405e-12,False
3025,-0.0597747492661103,2.379761549675885e-07,1.9741475092480658e-07,False
3026,-0.0538063265742266,0.0007785955221057714,0.00043600470399295294,False
3028,0.57795840830052,4.775464097687566,5.186894566095927,True
3029,0.5777135099528711,7.726929803162758,7.939595062624526,True
3030,-0.0697670759871689,0.0001720694724140809,0.0004890380781368875,False
3031,-0.0224289935556933,7.881442423975202e-05,0.003957174137106695,False
3033,-0.0170581391403928,0.12036185861369611,0.7591380012589377,False
3034,-0.0160134235396295,0.4282927693795543,5.877286414983293,False
3035,0.2236292092596713,7.173926803414568,8.738561213614512,True
3036,-0.0711088197851045,1.387947396496921e-08,1.1472003756830832e-07,False
3038,-0.0121722889112908,9.5989649854221e-05,0.0004668119566820806,False
3039,0.46584709560254,3.7249401899125902,2.6017939473006426,True
3040,-0.1085399542253718,0.4441117054537774,4.774281656254276,False
3041,0.3435022549537885,7.486214282476899,7.695968210332543,True
3042,-0.0812657345847752,0.023342054403734512,0.020285385424355193,False
3043,-0.0603829055273917,0.0012069168331392257,0.16108069221339535,False
3044,0.4398817350438448,3.4367102949423103,3.083263881208372,True
3047,-0.0137921300125468,0.0001918731744820512,0.0020440978114199767,False
3048,-0.0162720573688803,0.8940436613619817,2.2315779862295035,False
3049,-0.2774024413678898,0.0571013723263353,1.0252250616979717,False
3050,-0.0144927295915191,4.438608396590901e-11,3.48066459987299e-09,False
3051,-0.00959740801721,0.039308715360693164,1.8965745342194835,False
3052,-0.1619663073865168,2.686346677469472e-08,6.215863653860537e-08,False
3053,-0.1367063478203502,0.020225353172199183,2.0336655130428265,False
3054,0.0460667919644373,5.710412184060284,3.412506223948413,True
3055,-0.0199675477163851,0.0005107600847152702,0.0034701175090602865,False
3056,0.0152871850715465,1.2225690596388883,1.3905297077966072,True
3058,0.1636351470456198,1.5159643310928415,1.8152010268149754,True
3059,-0.0523634740397941,7.936133610786313e-05,0.00020880475644955915,False
3060,-0.0357537695278534,4.813815193533717e-07,2.3746290344441908e-07,False
3061,0.1786800471431538,4.252022627279419,5.525813512644656,True
3062,-0.013418825520164,0.0001596212658394819,0.0016414339364443096,False
3063,0.459051404546283,9.487935752393984,7.169928644801279,True
3064,-0.0761459049375935,0.00015848889169537594,0.00015234129128445913,False
3065,0.1982130885738753,7.759883590523935,8.06723301838773,True
3066,-0.0284759601656659,3.725789640555152e-16,1.8547317805774833e-16,False
3067,-0.0153375451411745,0.8964945749514155,2.2432759747487263,False
3068,0.0400506665453296,6.916535223126484,3.679801742336094,True
3070,-0.2716037050332986,0.12201923048344228,0.11269071034491916,False
3072,-0.1705306863858005,0.010908517431362888,0.0884954315319996,False
3073,-0.049553044463761,0.05527563993896196,0.09841550213080254,False
3076,0.7264391605840831,7.401549607616804,7.61696865944901,True
3077,-0.0519704119291447,2.515765030767283e-07,4.1415461200304237e-07,False
3078,0.1314938106902018,8.209414683603269,8.213743278740553,True
3080,-0.0148494104290017,3.1799988901948385e-11,2.093039739614711e-10,False
3082,-0.416080442686002,2.5149284977332155e-11,3.485733939397166e-11,False
3083,-0.0160856671511855,0.0014665530623580321,0.0070866374369753194,False
3085,-0.0815470987774278,1.4822800093741556e-11,6.306800436195677e-11,False
3086,-0.093621686172607,0.07486053496569656,0.04098483725853412,False
3089,0.1119651922132922,3.9816808071120575,4.50009736064359,True
3090,0.0971159328337639,1.4045364527837398,1.670148780498242,True
3091,-0.2140408539235921,0.0033500552724545873,0.0030798286026443955,False
3092,-0.1138201786906044,0.11109380418027655,0.4570611215170017,False
3094,1.6019496908918678,4.8425335221396395,5.219681348002851,True
3095,-0.3864833099507814,3.925170758128088e-07,1.2122672074871675e-05,False
3096,-0.0907462541285783,7.648547923361974e-08,5.637851806188039e-08,False
3098,-0.0227222150769343,0.012916162869506658,0.013488641818802095,False
3099,-0.0324612491141754,0.6022055437785919,4.490672157160783,False
3100,0.1210549541104424,3.582166273528681,6.477132225455897,True
3101,-0.0135962971650086,2.4065236832598367e-05,7.130959118981596e-05,False
3102,0.5939810971131398,6.3060003761910295,6.617947272969955,True
3103,-0.1560264657575203,0.00031271956025582284,0.0012730906247316613,False
3105,0.5680424574708972,3.7055472704970405,4.607905466053161,True
3106,-0.1463576469997689,2.953979786592826e-08,1.1168666136262841e-07,False
3107,-0.1130545952402962,2.3177554734643264e-10,2.5072513670862144e-10,False
3108,-0.0174438326027655,0.7130407740084301,1.2972355208887123,False
3109,-0.0453633440336536,8.207650950638606e-06,0.00045582655782516903,False
3110,-0.0751981603658351,0.0565718686886633,0.024315472534412203,False
3111,-0.0352960068931708,0.6990823766639849,0.9434250159298588,False
3112,-0.2492747881676396,0.002933067573980695,0.003406999981502061,False
3113,-0.1291161733927187,5.5773561119721145e-05,0.00011896076805060097,False
3114,0.1660871983560065,4.729854510207627,6.500046318847566,True
3115,-0.0103902478637892,0.04644635432554411,3.000996926188635,False
3116,0.0869164514624419,5.826013601639621,5.825225080996266,True
3117,0.5092245465382752,7.945844773542798,7.858483747502243,True
3118,-0.0530899300190792,2.5026000515383816e-08,2.2304998270327e-07,False
3119,-0.2321792784535405,0.001094456748891188,0.02213585731548365,False
3121,0.1090515827828197,2.915878123343014,4.4406872515426015,True
3122,-0.0111471682270192,0.03434049222528219,0.26875813313853264,False
3123,0.2389062602270087,3.8529025693767935,5.684650024552245,True
3124,0.0316417944396601,1.9136144774770407,1.6088514854515217,True
3125,0.042355219642192,3.9645317265000504,4.037566778214408,True
3126,-0.0087331121139552,0.16179676107466023,0.4781496290416303,False
3127,0.9652483417121234,13.467456200739381,13.799634075384072,True
3128,-0.2278635887314087,2.2253798179374493e-11,1.2376970554898198e-11,False
3129,0.2974302245125886,2.7675407690539013,3.6973837813435155,True
3130,-0.0112036569492066,0.0015698347627663796,0.0015606451918379076,False
3131,-0.057602490248279,3.90214732637459e-05,2.900630773464572e-05,False
3133,-0.0005974271397267,0.9913012655263174,9.72621967735245,False
3134,-0.3013888820223812,0.018313627553587324,0.031606069972303405,False
3136,-0.0169057968685112,1.0417060485235154e-10,4.54216896533997e-09,False
3137,0.3046277337149812,2.968396712415802,6.779889956963312,True
3138,-0.3937736568333874,0.0629369811060332,0.1923016293826087,False
3139,0.3477191339038342,8.4819796686945,8.52989265579383,True
3140,0.0125847993282099,1.332591029241696,1.557735060297537,True
3142,-0.1070865785630874,0.04978261091096334,0.03793213310075187,False
3144,0.4020676379855638,5.334963417590802,5.697408494813238,True
3145,-0.023144093737722,6.419739588444367e-09,4.292525035398017e-08,False
3146,-0.035769854947863,0.00030147894672583986,0.000845197926176716,False
3147,-0.0129063590835919,2.242209349300274e-11,1.3168611406788168e-10,False
3148,-0.3068294160541539,1.363017865137093e-06,5.475464511454661e-07,False
3149,-0.2650691824057823,5.50510509403733e-06,6.870392427254972e-06,False
3151,-0.0382180634800889,2.1120710260525874e-05,3.2833976099031215e-05,False
3152,0.3902719483010977,9.304024168202714,11.557768234696573,True
3153,-0.0138230726492903,0.0007485993754276142,0.01074412143213198,False
3154,0.4173909834631451,2.303560407197337,4.75124697311079,True
3155,-0.1279860712884401,1.0381749714128214e-07,1.7241671828027276e-07,False
3157,-0.3407737987639557,6.46338963558245e-07,8.601052337077601e-07,False
3158,0.4021506862256371,1.5114832377146155,3.6234060100929275,True
3159,-0.0335198718703675,0.486908426940188,3.315077082546274,False
3160,-0.0244776956202017,0.0008635493065979799,0.002069992212140086,False
3161,0.0897171704570641,0.4495455495882861,1.713664104537174,True
3162,-0.0278459882608863,1.6019864704354244e-06,5.566030133513514e-06,False
3163,-0.0139700755691269,0.32525201466387016,3.469819641188457,False
3164,-0.2913433969411903,1.50116157899465e-10,7.023062853985919e-09,False
3166,-0.105483349145183,0.004911472567329852,0.009666509462352924,False
3168,0.014671166183526,1.710793738346187,2.572604517101127,True
3169,-0.0880675234858488,0.023390730007407528,0.07268898979922378,False
3170,-0.0107720284571206,3.1584793722161266e-07,6.612808101626613e-06,False
3171,-0.0896494615316568,3.4683338301447016e-06,6.008486653099479e-06,False
3173,0.7677343927964236,6.38683678938775,8.815965683029455,True
3174,-0.1268767884600214,5.4682243889629686e-05,0.00018556077640600373,False
3175,-0.071709911185289,0.04664701425792611,0.38131560369024325,False
3176,-0.6364482017781198,0.00017503407012560776,0.00023919926433891049,False
3177,-0.0151261195942287,3.6397509316776536e-10,4.170940029112221e-10,False
3178,-0.22510826796191,5.0891286335331745e-05,8.990479597561266e-05,False
3179,-0.0406068245604535,4.4056640153841527e-16,1.479697443090321e-14,False
3180,0.3623876748907156,6.720567034967531,5.957734946877537,True
3181,-0.0424760968430967,1.7132786786805684e-12,1.8907155145762255e-10,False
3183,-0.0123932295716242,0.036941141558696634,4.303984892564388,False
3185,-0.0273358946067332,0.00014028656392365679,0.00041701212393748606,False
3186,0.9433125135446752,4.2561129586168045,4.476418144205447,True
3187,-0.02014016311219,0.004661191560037326,0.5575253189262407,False
3188,-0.0138185529698363,6.415269124506269e-06,3.6816264419897797e-06,False
3189,-0.0104722021718936,5.156470793834286e-09,4.083579022819159e-08,False
3191,-0.0076885006601366,0.9496201876731158,1.0371122392984577,False
3192,-0.0772715408769893,0.013229133673416492,0.01963420781595895,False
3193,-0.0240092723735171,0.003748498537694078,0.0019758423736826423,False
3194,0.2835720438506783,4.230803688029217,4.415224873264199,True
3195,-0.0574726103345918,5.59112439993657e-10,6.749811451332673e-10,False
3197,-0.2308008956166549,3.1172037726061125e-10,1.6927677681399616e-08,False
3198,-0.0097431655180167,0.2569355948186291,2.92936242941051,False
3199,0.5388058763763577,5.003699290798047,4.146148718920401,True
3200,0.0413341282015106,2.7105680891437323,3.6699347785447003,True
3201,-0.0869643445983295,0.0020856112903478072,0.017274668420075624,False
3202,0.4399463327773241,6.326522138387382,8.206342771580708,True
3203,-0.0628705436763907,8.628648325418768e-06,0.0009407268120546138,False
3204,0.3279018423331074,6.062291024901614,6.379405698213445,True
3205,-0.0690706405794152,1.0286174662268874e-08,1.473108913695817e-06,False
3206,-0.1674887691557248,1.5524633806637783e-11,1.602303219739686e-11,False
3207,-0.2498613053851912,5.2722806957029146e-05,6.103093023406704e-05,False
3209,-0.0114962491207829,0.08646911578276362,0.39400909405293805,False
3211,0.0216041544155935,3.3500384790881,4.180533625713556,True
3213,-0.0192401224293539,0.007054018560615206,0.005844085999204214,False
3215,-0.1167950071479062,1.7692490287166927e-06,0.00026377422317516497,False
3216,-0.0199804076300266,0.023149366104075045,1.96250648888688,False
3217,-0.0300255292905343,2.93630969369367e-08,1.9901176833480176e-08,False
3218,-0.1064789247905436,1.0875194775455529e-08,1.0393845416965134e-08,False
3219,0.3117289846108941,4.398587901429506,5.048810577342829,True
3220,0.0185901584415282,2.92872187960718,2.060913007034303,True
3221,-0.1426649913967282,1.8926081320542994e-06,1.834268804702759e-05,False
3222,0.1299441331453226,5.828291127020727,5.686367133426887,True
3223,-0.0131749261303246,0.11088483005269263,0.043262163125081986,False
3224,0.0051527677882654,1.2021848366165386,6.88960942152515,True
3225,-0.0145784861817445,0.23403691452364475,0.5942741459058464,False
3226,-0.0235848755371737,2.5487907010576496e-07,2.5503624644020247e-07,False
3229,-0.0152773481912709,0.24833910873565299,0.3720306982400202,False
3230,-0.0136276370222769,0.001484080541904408,0.0019064345557120589,False
3232,-0.0519129585113209,4.445392026893281e-07,1.3469715489817045e-06,False
3233,0.5794444745723473,4.916558726250399,6.172768056705975,True
3234,0.0114490016949457,1.1435185986280891,2.9945828833989983,True
3235,-0.0273404676532144,9.03842425214572e-06,9.195018170976e-05,False
3237,0.4740215294238779,9.967335973200333,11.651702302115213,True
3240,0.1633840834833863,12.389482540437882,13.241280220347287,True
3241,0.1247427003540495,4.765540247510676,6.384891590913975,True
3243,0.233732038631728,8.413497813804504,9.803835016359331,True
3244,-0.0578174889224317,4.5097486537518406e-08,5.7346754082904195e-08,False
3245,-0.049330524087665,0.00387252975749347,0.007550148116794316,False
3246,-0.0555363058078523,0.2621300515066645,0.3588186746096518,False
3247,0.065569062668596,3.8669212906693775,4.385628130529858,True
3248,0.0277274856107325,2.5190159014120406,6.508535049099632,True
3249,-0.5031716566654523,0.0033121157836392087,0.009371650614830562,False
3250,-0.1736873872901387,0.012700323754320602,0.2146174608217606,False
3252,-0.1182697978741786,1.9094472035136066e-06,1.8228077801255946e-05,False
3254,-0.0171065584899445,0.007818604615947737,0.05466639006668177,False
3255,-0.0264762225382512,0.0021015582136884067,0.012671146473651286,False
3256,0.3288411239803801,7.713911802642351,8.84666680341579,True
3257,0.0493492771494768,2.3205156702191925,3.1139520552146576,True
3258,-0.0828982366627104,0.003785434957456156,0.016093130060450225,False
3259,-0.1570817925955282,2.638981749428472e-05,1.4106499351147193e-05,False
3260,-0.0988729798163367,0.022952145206064405,0.5637623577503045,False
3261,-0.0271587937767824,3.578621537292208e-06,9.295978940371965e-06,False
3262,-0.0599320845530273,0.19106620571301372,0.3342312600365108,False
3263,-0.4671640771067737,9.386612539021105e-13,2.2645380507489335e-11,False
3265,-0.018973440881584,0.15693865133937834,1.4793398590082494,False
3267,-0.0212439827324018,0.15972170207058572,1.88961809889441,False
3269,-0.0260993671257439,0.050073309930028606,0.09993033647640907,False
3270,-0.0653695394113637,0.004444310537224364,0.006445477761010937,False
3271,-0.0099752874744473,0.002493657995427686,0.007316158517727934,False
3272,-0.1106286651454087,0.05570688711351918,1.4626783900011728,False
3273,-0.0114820199698973,0.0008541119728096401,0.0011152761837286628,False
3275,-0.2156135131203174,0.00016267414098698873,0.030162036994088103,False
3277,-0.0446614623730826,0.39040201430248245,7.588634910188006,False
3278,-0.0371064860550128,0.0015761423391555125,0.0013372391085827208,False
3279,-0.00597124411482,0.8974231250616369,0.9093345417351215,False
3280,-0.0388859273108596,0.06002713260050228,0.5132875940705117,False
3281,0.1232520549699414,2.322201340679176,2.7856817259063917,True
3282,0.0866289618805997,8.263135389327548,9.122563659346477,True
3283,-0.0374031099680047,5.21772701135212e-07,5.09051476521049e-07,False
3284,-0.3240336206153895,2.7320301735187057e-08,2.4115844684913348e-08,False
3286,-0.0104645733670143,0.3711942391089773,6.113228194362875,False
3287,-0.0191260166553966,0.18659895101026813,2.465086587135758,False
3288,-0.0767368782980644,0.061672759257200935,0.060648571199942436,False
3289,-0.3664647511173671,2.8194639902847583e-05,0.00033796569229302257,False
3292,-0.11939098238814,0.027078222000127185,0.047746183447301783,False
3293,-0.0128754400096589,9.596749938612288e-10,5.034834385366699e-10,False
3294,-0.0379399511716427,1.0732778262870312e-07,2.0806676297701763e-07,False
3295,-0.053714425256231,0.5951671721075438,0.7833021360884662,False
3296,-0.0613392540261458,0.023398860450587096,0.025734991304210232,False
3298,-0.4573780405118143,9.43600744301804e-06,5.520388896970435e-05,False
3299,0.5644654977562208,7.343884517148561,7.39060744908615,True
3300,0.0672504669802697,1.902529586945748,2.7196208707988525,True
3301,0.1280839362611146,3.6787831483143534,5.0998601732625035,True
3302,-0.1289773634652074,0.05256820420932654,0.5800260754678574,False
3303,-0.0786952708871513,0.018739672577609747,0.0712901087297188,False
3304,0.1209830335736264,4.438955478499975,10.626091704686102,True
3305,0.0034759686133035,1.0592908168796373,3.3182922984058623,True
3306,-0.0415304531303366,0.0003421872939609529,0.00032308433156514086,False
3307,-0.0192722086076588,1.3861538714020702e-05,3.0184388756477338e-05,False
3308,-0.0945971106733301,0.06258608915457886,1.5866036634347458,False
3309,-0.0627407421957327,0.017391490362931635,0.006334746277030877,False
3310,-0.0207740351805359,3.740301437433058e-14,1.8518074495201043e-13,False
3311,0.0839440166679458,2.666598447036389,2.730175198537922,True
3312,0.7539537940639071,4.69546357223294,6.27027390470166,True
3313,0.2276583567948981,2.3322680953495234,3.1191571564815113,True
3314,-0.1195247271358671,4.4136762408445495e-07,2.2859687344731138e-07,False
3315,-0.0103616884751966,0.00014970679190818456,0.0009398487065369772,False
3316,-0.1144931204352304,0.0031809580787257275,0.006551399435077523,False
3317,-0.0378012780732529,1.1145532032611527e-07,9.316725095923074e-08,False
3318,-0.213215209296824,6.838157192612298e-07,3.099541280823858e-05,False
3319,-0.0170382977875322,1.2966226215811975e-08,1.474135974317104e-08,False
3321,0.29944206084305,1.4997843028486746,1.581762166317754,True
3322,-0.0165026584522332,1.8582317558945514e-14,1.4486740711129742e-14,False
3323,-0.0477810336630848,1.2328121735535202e-06,7.473155454344435e-07,False
3325,-0.015776408075107,2.620177321476119e-06,8.182869230526974e-07,False
3326,-0.2805819817181968,1.3441031975827055e-07,9.344116327365503e-06,False
3327,-0.0345675100125921,1.980645734187563e-11,2.1317103134561954e-11,False
3328,-0.0608665338850196,0.11638221574774169,0.10067131889697542,False
3329,-0.049628485012194,1.0890967061027467e-12,1.2723594207631386e-12,False
3330,0.0576047998805608,1.7243131387098238,1.7267835169279746,True
3331,-0.0925633918353282,0.0018420515191062087,0.003617248002359135,False
3333,-0.046805714267721,0.0025977465731324926,0.07779055206504593,False
3334,-0.0230473460039402,0.0004185940659661715,0.0002970737868265156,False
3335,-0.0419268282440649,0.0025459487965573146,0.06704498346630987,False
3337,-0.0442501832566276,1.0030963663628796e-11,3.0502599593825736e-11,False
3338,-0.2773601048222304,0.03620235584241873,0.4460744761562027,False
3339,-0.042288875061117,0.006797980324175178,0.016975742062333595,False
3340,-0.0274165967691779,6.714316081916876e-12,2.851495250781326e-12,False
3341,-0.0113420447195518,1.418602025808811e-15,3.03048520780351e-15,False
3342,0.9373676744113708,3.815868187094279,5.033763748723474,True
3343,-0.078540768607726,2.2052743344956944e-07,4.547485872891774e-06,False
3344,-0.0948432119453772,0.00011697557739245637,0.004604927041222866,False
3345,-0.0148123327793296,7.389814405331122e-08,5.039970928383287e-07,False
3346,-0.0503318816647889,0.18803783905788224,0.4349269741875391,False
3347,-0.0425357026851176,0.4976909952928721,3.57519942295507,False
3348,0.0200754985761532,3.7376013749958545,3.0283843375625685,True
3349,-0.0165395208818813,0.00010454376539233086,9.302674692861316e-05,False
3351,-0.0130505975659779,6.48497500145454e-06,1.0760383736133654e-05,False
3352,0.1578769798650136,8.197011478736252,4.233721050037511,True
3353,-0.1026948352870124,1.2202579540799418e-07,1.4023949190163361e-07,False
3354,-0.1884246602630066,1.8036306393237745e-07,3.7079388553444455e-07,False
3355,0.0471956516585634,3.1046279863088233,3.7111063280516654,True
3357,0.1362453542169455,3.3153329014908683,2.708894391045255,True
3358,-0.0112339269598355,2.0006533415541844e-09,8.557619755075573e-10,False
3360,0.4870226402696047,3.9653806979593926,3.959913815796322,True
3361,-0.0521483098149112,1.9760030482470598e-08,1.1147288657954568e-08,False
3362,-0.0102131906376083,0.25550863199800533,3.0622333215982342,False
3363,-0.0168486513898376,1.448661813841158e-07,2.6815758577889387e-07,False
3364,0.3921406509592896,11.622663946814809,7.655249223002902,True
3366,-0.0104263143651887,0.003703810413432907,0.014023048994918184,False
3367,-0.0994173932565813,2.0406245242270576e-13,1.918465480383454e-11,False
3368,0.3312410483974899,7.75124795883958,9.095566931117103,True
3369,0.0616696974654465,2.0323320689735334,2.049478494070276,True
3370,-0.0321126835861046,0.0020628458482885776,0.0025686431371206887,False
3371,0.7944547356321706,5.540334864385387,6.099311445094525,True
3372,-0.0219937741768926,2.672326115304273e-05,4.2639189257256496e-05,False
3373,0.2848733542933134,15.87055331391715,8.309779610499119,True
3374,0.3530985619547782,4.317674082568876,4.57455582170559,True
3376,-0.0003823941804678,0.9825466533134818,0.6791808869339557,False
3377,-0.080474366912337,2.421682973785308e-07,2.491768501117799e-06,False
3379,0.0610417864650665,3.143323788109322,5.7216031255012,True
3380,0.266228561922542,7.101078311236917,7.156348661844637,True
3381,-0.011023556416479,1.8631701881481114e-06,2.3419326433786804e-06,False
3382,-0.1162777100122115,4.189384566921141e-08,8.972588884855016e-07,False
3383,-0.1032591192161696,0.03544731644871871,0.2290687737103019,False
3384,-0.0154291006073702,0.008082247806706147,0.004043587657709288,False
3385,-0.0268648626810304,0.0013907947193938606,0.0015291611414464164,False
3387,-0.0158991995975451,4.135320521758008e-15,6.097143898416045e-14,False
3388,0.4634347023706471,4.839803430010595,3.1099557818236296,True
3389,-0.0990592218585628,0.0022255701396948534,0.001557657718042433,False
3392,-0.0633190326509521,9.760747649047598e-09,1.2796874840046335e-07,False
3393,0.3476178615495814,5.8015433184938265,6.682575939236961,True
3394,-0.1468980430859384,8.789788194467725e-06,6.953939764356337e-05,False
3395,-0.0252139172373846,9.396966580122825e-10,1.8295913501612013e-09,False
3397,0.14826441619142,3.1874648547719455,3.238274190337163,True
3398,0.0941935019363654,3.9995137616629854,3.918501224362727,True
3400,-0.0196123153449204,1.0167253196925786e-13,5.0891977707046464e-14,False
3401,0.1640189909216152,10.097203956502527,11.668511514166866,True
3402,-0.0307266344687429,0.010649420650206659,0.17977509355270585,False
3403,0.4480061456718603,9.372090818374007,11.977504621419914,True
3404,-0.0117932359760177,0.0002984255918023068,0.0019643858041687896,False
3405,-0.0277994738915331,5.666900974376506e-13,8.015688825756334e-13,False
3409,-0.0226878791709406,3.01134833083729e-05,0.00030880851964703513,False
3410,0.1365571041687242,1.970476044119856,1.9935355151469205,True
3411,-0.0372607839569138,5.028478732518471e-06,5.677612595336242e-06,False
3413,-0.0484625355336832,1.1263388264946487e-09,6.732337087086875e-10,False
3415,-0.0212313071889123,0.0004683454438968961,0.00036475573200230054,False
3416,-0.0277837706290944,0.03673379988070523,0.01699569599541241,False
3417,-0.0160722121192974,9.49034946079462e-05,0.00011100032070055414,False
3419,-0.178315938021917,0.08350350917075403,0.17724226159134734,False
3420,0.775266403522466,9.645390834720219,8.778485545816583,True
3421,0.077453304490181,3.5157650419431272,4.290961772314688,True
3422,-0.0702745747509328,8.813951949133023e-11,6.795553680148937e-09,False
3423,-0.045356747320994,0.0020834309934701476,0.212084253588237,False
3424,0.0529054361712516,4.464875235025453,7.014306988315753,True
3425,-0.0228128876089743,8.263604370682441e-13,1.2343560359995758e-10,False
3428,-0.55147191604922,1.160555174113782e-08,1.2690033453427351e-08,False
3429,-0.0157259621851699,3.307720660863041e-10,2.264867176039047e-10,False
3430,0.1587275927822684,1.043423310607389,1.4980226889158388,True
3431,0.4728104800237927,6.64720601909363,8.014188033827464,True
3432,-0.0369045303406599,1.031515708352434e-08,2.3199086325076018e-08,False
3433,-0.0301769843966675,7.1785330632655e-07,9.758007544811611e-07,False
3434,-0.052804867035938,2.268447205836585e-17,1.5564297814348058e-17,False
3435,-0.0250665870946626,0.150631868805389,1.8384104942719084,False
3436,0.3909918330786227,5.431917754160438,6.192279931264167,True
3437,-0.0240022197211729,0.020590994567174767,0.1722641359164332,False
3438,-0.4695440074940482,0.0006850858628890688,0.002774352405397183,False
3439,-0.2897746197234727,0.00028839396131111975,0.002960112105446326,False
3440,0.1597847117153008,4.588728098621191,5.01108162861947,True
3441,-0.1108917735000252,3.22832664373547e-08,3.0905642393293396e-08,False
3442,-0.1158765293066374,0.056717606011605956,0.04104307620631138,False
3443,-0.0299860039586281,3.3861808039686058e-21,3.550280808388717e-21,False
3444,0.6512103788858636,9.11692540659907,9.267882573407848,True
3445,-0.0511239534793293,0.0005342784849540849,0.0007448886306030505,False
3446,-0.1668972884505891,0.0007337140339427585,0.0007592097315495442,False
3447,-0.0140833167755031,0.14897369518871803,3.015748340659654,False
3448,-0.0658355619991795,2.818369693335429e-06,3.0343913486136767e-06,False
3449,-0.1067515614253188,1.303720261012046e-12,5.7326165928286124e-11,False
3450,-0.0169732301789203,0.05862797324742187,1.62959339271614,False
3451,-0.0152234117000399,0.0006990514730620966,0.0005627791408992707,False
3452,-0.1478030094746912,6.447621655737122e-05,0.0013603360444230728,False
3453,-0.0216658473237517,0.09431406619683591,0.12212779136543002,False
3454,1.61823688221432,5.7166033972226415,7.219863470668083,True
3455,0.246887833333151,7.545276688539981,8.837304787711256,True
3456,-0.0110391387052323,5.121041774847889e-08,1.4328899528798764e-07,False
3457,0.1045670106457758,8.534106920994464,8.64246735748657,True
3458,0.2053409315562832,4.4634615023313104,5.357458327652217,True
3459,-0.0481250915736093,0.2206252658294391,1.8648001243464314,False
3460,0.0858168044496847,1.6403132014489195,3.701881581996242,True
3461,0.2526166458144435,13.987804545945478,14.13666514613628,True
3462,-0.0577992030160957,3.667081641123975e-05,2.4855475946519543e-05,False
3463,-0.0650417900001812,6.801262514609978e-09,2.3331907466220753e-09,False
3464,0.0718197677287165,1.6741222888923684,2.0566330900647305,True
3465,-0.2432468694157681,4.89365484069696e-09,4.218668920237507e-09,False
3466,-0.0112642704231044,1.2937394825428955e-06,2.4337182271901384e-06,False
3467,0.4364604312842776,7.145755715917296,7.23478586090265,True
3469,-0.0306893262652517,9.952145571916987e-08,8.642358318676633e-08,False
3470,0.0530598790019293,2.918088477182351,3.7157821405424976,True
3471,0.0003707787879388,1.007156242243084,6.055178538262211,True
3472,0.4514352824878203,11.345894812602417,7.8048405042581885,True
3474,-0.3377203844650331,2.9923825168331815e-05,0.0008501933419947246,False
3475,-0.0207802927314901,0.0009473646764980733,0.003669732163047026,False
3476,-0.1582306718264304,6.131503671581358e-05,0.00023914060616269734,False
3477,0.5644321802854936,6.87322039141105,8.386825088446779,True
3479,0.0317522607067864,2.1207709158528676,1.3154691739954152,True
3480,-0.0297848999541537,0.027693601571697625,1.0310835128907674,False
3482,-0.0150490492579375,1.3341191270546186e-15,6.625810718026473e-16,False
3483,-0.1475831579574313,4.70039792857252e-05,4.0340788357458975e-05,False
3484,0.3934959753832664,9.631941392825455,10.844001473316393,True
3487,-0.016480328876318,9.55774568177368e-18,6.599553628329745e-17,False
3489,-0.0263893403874972,5.934309854672881e-06,0.0003934100398455379,False
3490,-0.0112057803601476,1.2655796649588117e-07,1.11702764906429e-06,False
3491,-0.2689928074324644,1.0697457261805914e-06,9.938431827131755e-06,False
3492,-0.0246921925934581,0.42649502224291874,1.314198262277667,False
3493,-0.0190110319806339,3.2253616037265183e-05,9.104707149056771e-05,False
3494,0.2819782400737162,6.36318993976703,6.384458764066342,True
3495,-0.0408842141099175,0.03907590709668344,0.17447475941486187,False
3497,0.64337796405278,7.595565633844032,8.520836393660828,True
3498,-0.0372046221546794,0.0005197412110739123,0.01930354104826516,False
3499,0.3550178441454827,4.824185142110984,4.7634432046600566,True
3502,-0.0140461845016708,1.0059742025116957e-05,1.2677794762683036e-05,False
3503,-0.0168440368921045,2.9786907064040905e-05,5.00888369291839e-05,False
3504,-0.2010069272702158,1.4983526795029166e-06,3.7432145269601575e-05,False
3505,0.3741863503177883,1.4407499759510394,1.8703788081317225,True
3506,0.021443661599315,2.1378117135329475,3.166404546624466,True
3507,0.4412756399006875,7.703174392999715,7.9414774995340975,True
3509,0.0748378851720557,2.275095890253789,3.482473565594223,True
3511,0.1904167410080139,4.277783368640737,5.921402638780935,True
3512,0.5609823470794998,9.570683102014907,8.467725737858245,True
3513,0.0333177477903165,3.919638014699123,4.135456727076531,True
3514,0.0355306764985337,1.8614694109299246,2.263539217124167,True
3515,-0.0129905927410399,0.19264328657723945,7.557452171408204,False
3516,-0.1001721776385433,3.189981472679024e-08,2.905721788942343e-08,False
3517,-0.3673984469929583,2.361511511657653e-05,0.00026559213945429304,False
3519,-0.0335704380013554,8.561472677247508e-07,1.1287575740734165e-06,False
3520,-0.4041244949316068,8.273258054802294e-06,0.00042856308575169163,False
3521,-0.072260954428811,3.5107958326868807e-06,3.056440239561156e-05,False
3522,-0.0871123252773114,2.588741467901386e-10,1.5817833996015609e-09,False
3524,0.094294859697153,3.635952567240228,1.619845908252903,True
3525,0.084265957327387,6.0997286387706735,8.067249758379646,True
3526,0.1146888259326276,2.4832899431161306,4.517791055609556,True
3527,-0.0216435429489612,6.13091865123521e-06,7.708744682584634e-06,False
3528,-0.0216421553076835,0.0011506678560967818,0.0119551149966887,False
3529,-0.035954632858903,0.0009188023769125898,0.001340379347591794,False
3530,-0.0135784855595126,1.8036904151318696e-10,1.952676458314833e-09,False
3531,0.5031920628241805,9.470560793087083,10.246729518506509,True
3532,0.0980483666368466,4.069542468751804,4.975607495742567,True
3533,0.178053860241681,5.7914293364261225,6.367406253356609,True
3534,-0.0767833405112121,0.0009939006969917315,0.002869489479265477,False
3535,0.0862199200043092,1.991638996166477,2.7191067098157573,True
3536,0.171505763063493,2.230438878781603,2.5329024072662074,True
3537,-0.1134178813067043,2.0117174598135113e-06,2.2520920994973948e-05,False
3538,0.5212951569048407,8.535764162282062,5.932321104550503,True
3539,-0.1483421170274739,4.478092057879017e-06,0.00020806679116838476,False
3540,-4.37524707976613e-05,0.9999055642004343,1.539228436843004,False
3541,0.2692340741649561,7.844635511503801,8.423939934373005,True
3542,-0.0257236986196899,3.2725701378038334e-08,4.3531158523601965e-08,False
3543,-0.1330322294157352,6.963638958339338e-06,7.0384431704204815e-06,False
3544,-0.1464883196372983,6.082427795077055e-13,6.242189209793515e-13,False
3545,-0.0168582409035194,0.7935073425898241,6.2676537484563255,False
3546,-0.2863773408863613,0.0011358005018570715,0.0028747532607199602,False
3547,-0.0763369260876039,1.2446417369511521e-05,2.5393773107704386e-05,False
3548,0.0380629531283484,1.5169193716536016,3.375718227077436,True
3549,-0.0455193414205474,0.00020712867977224611,0.00020714828165424492,False
3550,-0.0127258047046078,1.1807962190484904e-09,8.592323755599263e-10,False
3552,0.0166428265550253,2.9373039551535665,0.9230397283039425,True
3553,-0.0305969714735104,0.00995752434417251,0.012923090504634012,False
3554,0.089813884075375,9.26675197801872,10.539518441557698,True
3555,0.1184600982590054,2.317680530925624,2.491309690865575,True
3556,-0.1634747022853973,2.2569721961623436e-08,5.484134187555005e-08,False
3558,-0.1538574472748431,0.00022993768284336659,0.00023873761519546547,False
3559,0.0446547861273656,4.007990474816615,6.907797462939559,True
3561,0.7934825161518744,4.915312313024038,2.6362804986762454,True
3564,0.6455165333524953,6.342224812245149,6.422215231342437,True
3565,-0.0517567063452149,4.1661731429284995e-10,4.8271068566211844e-08,False
3566,0.0602804053963118,6.37603003378624,7.195502953650175,True
3569,0.0328272432655536,5.008999932925657,6.625156537383276,True
3570,1.4450420961839177,14.801843044084007,10.146934747213532,True
3572,0.2104388268220989,3.272112573859114,4.913262206138498,True
3573,1.3635745094975027,7.283365128941111,9.59459981441455,True
3574,-0.0110473121934757,0.026620770382605803,0.04471742767860665,False
3575,1.3571176583349378,8.495482560524746,9.935666943735901,True
3576,0.0054565405466229,1.1827511811227887,2.4848521957304257,True
3578,1.2926321412376949,3.738931215152661,8.63843591284491,True
3580,-0.0207011178576571,0.008748697284433006,0.017292002359404927,False
3582,-0.0162240314569828,6.823662252521905e-05,0.012815876598607643,False
3583,0.3209276347343464,2.9935541876694254,3.0253265179377826,True
3584,-0.0153216925073514,0.5542669561115009,2.483744954784582,False
3585,0.4655142938586062,7.240500902085431,9.842968006427467,True
3586,0.0629259948907508,5.048671706253026,5.408450216261442,True
3587,0.3520867288239326,8.05291519449366,6.8362138220409285,True
3588,-0.015355703053305,0.06626095740441058,0.09329988102055815,False
3589,-0.352761427796536,1.9357604394855274e-11,3.68412718307781e-11,False
3591,-0.3599546482501244,0.0031377478836130237,0.0034621436262591075,False
3592,0.1504448743883026,5.399038920379188,2.222729696399432,True
3595,-0.1446961447366041,9.416913710037433e-11,6.697610805464153e-10,False
3597,-0.0662704928594778,4.371694251932702e-06,5.672874715539055e-05,False
3598,-0.0291730628695729,3.306723710093123e-06,3.54394761890257e-06,False
3599,-0.0118699262664972,0.0007908617753561684,0.0003937082401876119,False
3600,-0.035265318183176,0.00433865000222163,0.0036208283769592416,False
3601,-0.2161503134750325,0.12095213805091468,1.0184741368154147,False
3602,0.3702104809750977,8.390494188397684,8.58875144164648,True
3604,-0.0895028117291872,3.1502021755573936e-09,7.716532195268648e-09,False
3606,-0.193054685532288,2.3745269442403862e-07,2.4458400273139574e-07,False
3607,0.7161993816147023,1.4730598731871538,2.45837832914463,True
3608,0.0516487882062142,5.126485651908066,5.254266660256961,True
3610,-0.06888190870903,4.0550748494440157e-07,1.062631170116793e-05,False
3611,-0.0497570753762037,0.2533078308156943,0.1860993704807967,False
3612,-0.1359686314978603,0.07018136640678035,0.0706754905716107,False
3613,1.0321863758371277,10.96976468943601,11.565047289538766,True
3614,-0.0510198792984655,1.5106148373869959e-12,6.5052252807922986e-12,False
3615,0.0657924926384061,8.14315898808333,8.498214284820577,True
3616,-0.0751081223501468,0.00025026331000591425,0.001399626051775679,False
3617,-0.0361576084681639,7.494290741587324e-14,2.956152189059798e-14,False
3618,-0.7723509481791122,0.03617086907670961,0.037102260661468295,False
3619,1.3594992267004722,12.039831999989776,11.946615023167098,True
3620,-0.0401240260600717,2.719789378229429e-06,2.4927762864152027e-06,False
3621,0.4421148127801171,10.609637130805442,12.638477709308965,True
3622,-0.0304421800210409,6.397391238531501e-12,2.0253283564568516e-12,False
3623,-0.1182152116624296,0.043364329119304934,1.2752565347043119,False
3625,1.0714686339891155,39.650135357422265,9.58813298140891,True
3627,-0.0106066633472085,0.044553307571397784,0.4606917091569883,False
3628,0.2997888248999857,10.03712977448825,10.102079912086177,True
3629,-0.0106569459486756,0.18883238199203745,0.21036768713197268,False
3631,-0.0308166053974725,6.508836814362569e-08,4.2234050550164583e-07,False
3632,-0.0253105283494768,2.9388226511906613e-05,0.00015763591281703682,False
3633,-0.0138419579529037,1.370351830338163e-07,1.1209447643668554e-06,False
3634,-0.0322975878778285,6.073979553176004e-13,2.2433650715591444e-13,False
3635,0.2503632481205792,3.8122911697715005,4.666124634370506,True
3636,-0.0235941302025944,0.2435568318556456,1.0581830248637707,False
3637,1.7584657835832316,8.897622975141916,10.113191445272435,True
3639,-0.0166196970301118,0.009906568122095484,0.009677976075972369,False
3640,0.0531030903247571,7.7527250814565365,13.817951982094348,True
3641,0.0698153024796161,4.094167399931547,4.067909655860114,True
3645,0.842006587207128,6.931775748602539,7.096430738141725,True
3648,-0.0257919565521411,6.8271961965486256e-06,1.1235063952871744e-05,False
3650,-0.3329913707877839,0.1431016288956521,1.5357243854160134,False
3651,0.5912999007307692,11.246252204336965,11.387704883706773,True
3652,-0.392042480681349,2.62436556748915e-10,1.8678070626772443e-10,False
3653,-0.0440603047823188,5.18802805339009e-08,1.4294992689373735e-07,False
3654,0.4181292958271079,5.336748126259593,6.990901563534902,True
3655,-0.0159481591550166,1.0814384835046458e-06,5.246421767133804e-06,False
3656,-0.0144018957273106,1.2951368820819653e-07,7.058869461738236e-08,False
3657,0.0322901162714115,4.806339854823753,5.349663306607762,True
3658,-0.0295132658106544,0.003444390220648093,0.3690678678371058,False
3659,-0.0274748427987124,5.6076341000825896e-12,6.780056640746895e-10,False
3660,-0.0473307184481876,0.008448144498065522,0.0090426606916665,False
3661,0.1308829616053693,1.6021622810266793,2.0426387631673326,True
3662,0.222784285227592,2.839667985819219,2.6283829002999592,True
3663,0.2313072450307389,9.536941475613034,9.661776650661709,True
3664,-0.0294315032270554,0.04738628359232378,0.013736558842773592,False
3665,-0.2381729650681898,3.2392225768091714e-06,0.00047469210006434746,False
3666,-0.2490901288904595,0.00015857832142374817,0.0008344268889553319,False
3667,-0.0180769594421898,6.411110594992319e-05,7.597156840924257e-05,False
3668,-0.3376161417649825,6.697168050744874e-05,7.193615853425804e-05,False
3669,0.0899510018510591,3.3487514726231495,3.3549440473726357,True
3670,0.0186158002700358,2.1873126480949354,2.55616618779327,True
3671,0.3023855750321691,2.914597540839538,2.861442551011175,True
3673,-0.0574072736078845,1.0896294832619146e-08,1.0735816039276554e-08,False
3674,-0.1433725687014945,5.4570301286989275e-05,0.001408241977061042,False
3675,-0.1431197033182625,0.018467304056528612,0.07831265327671098,False
3676,-0.0251499076334384,1.3584233563216544e-12,2.025744954148218e-12,False
3677,-0.1199523627536963,0.0007139933289015023,0.008563866426190973,False
3679,1.1371473415944675,6.770274682692834,9.345927742357487,True
3680,-0.053583510116057,1.2212534956424706e-12,8.604643165439525e-12,False
3681,0.4515111781539115,8.673903883895923,10.0652155202756,True
3684,-0.0250436305305517,9.113784645040923e-08,1.4212710324100807e-07,False
3685,0.8915159148469807,5.30436855995226,6.76251900786969,True
3686,-0.1217999998633845,8.659569985270737e-05,8.530382635486398e-05,False
3687,0.1825218025044911,6.873614564570603,5.9628108063749075,True
3688,2.0579516082082137,12.080188444764355,14.557498391933027,True
3689,-0.0134428060620398,0.19451180493324427,0.2232496375917782,False
3690,0.2773374066295004,3.7740732178925485,4.434434141330577,True
3691,-0.0507972985813599,0.012040381287499576,0.023057802837789576,False
3692,-0.0396908662037596,0.0003872457785454745,0.00023099745502128542,False
3693,0.2444357708671482,4.222745173137705,4.437190325345053,True
3694,-0.2941990903610071,0.0010050354754351093,0.011654234583665947,False
3696,0.2266088947217872,2.4569615415478907,4.881117549784603,True
3697,0.2426810620971693,2.189297643240604,3.1224411908476277,True
3698,-0.010099626826624,1.5145121848871923e-12,5.252785361694807e-11,False
3699,-0.0189672027252173,0.09784099252584724,0.054393456061775834,False
3700,0.0254334928058252,3.8499161427532678,3.8049255360820173,True
3701,0.4671807784870651,4.137942894073991,4.509565899106995,True
3702,-0.1587190850701502,0.007109547660345901,0.004742040933305076,False
3703,-0.1353623682650893,0.009208156466095662,0.10145217903867224,False
3704,0.6644262773198089,8.49013277708436,8.281712299887957,True
3705,-0.1374652820816068,0.48255698534133734,0.7531031755320604,False
3706,-0.0450520063889313,0.08212166256945166,1.0381714144158944,False
3707,-0.0936094615354314,0.0014301665474634182,0.013492274762447371,False
3708,-0.0295289647974772,3.1780230601227385e-08,7.901928583146975e-08,False
3709,-0.017526350109519,5.492693920205451e-08,5.5686584694180823e-08,False
3710,-0.1426230579658499,0.0019156151634543322,0.04098559894106981,False
3711,0.2782019708917939,3.220010185367993,3.09021747645543,True
3712,-0.1132092868230246,0.0010446176578385584,0.0035882887852196938,False
3713,0.6200689268430707,1.4723158715314333,6.83887516227631,True
3714,-0.0108048241514172,6.148603086926893e-10,1.8352166551256478e-08,False
3715,0.2217817561888606,4.375144145953702,5.557399730582177,True
3716,-0.044145024382628,0.3366553554789762,0.269695897163037,False
3717,0.7165818862239381,1.478153627722942,7.446334073599622,True
3718,-0.0594717299379334,2.728775612574468e-07,1.4475642275060427e-06,False
3719,0.1008041832096958,2.0901554056456435,2.168073119995663,True
3720,-0.0221888849103884,2.3039499643571434e-08,1.5291080713612839e-07,False
3721,0.7213907640578351,3.4074693681561374,5.775199001544203,True
3722,-0.077331628352393,0.37036131805916694,1.4904595235833846,False
3724,0.5036741785447747,2.914148761050978,3.276847203217924,True
3725,-0.1078551735413674,3.191688248888008e-05,0.003992399905778133,False
3726,-0.0118647643643017,1.2474383383551715e-19,1.0125929099796244e-19,False
3727,0.1659352452659082,5.847357059131572,5.624940125441759,True
3729,-0.0582263935659435,1.881246148567226e-06,3.3313348541057586e-06,False
3731,0.3736027447389708,4.2817262119644,2.987647764363794,True
3733,0.4158696567951693,10.916673539389503,11.514026150397406,True
3734,-0.1146829929802029,0.1299398532605279,0.26736332233779586,False
3735,-0.0484867801586427,0.1114359773909777,2.0852596058086115,False
3736,0.110275489763904,8.806405988572568,11.731064204019384,True
3738,-0.168135694432392,3.6119409950059346e-06,2.862487151257771e-06,False
3739,0.5155356165765068,3.4939887866928916,4.0474799841590325,True
3740,0.2375290779020619,3.8352946450956176,4.226624293997557,True
3742,0.0004780873557717,1.0234844750453445,1.1769682978535412,True
3743,-0.0152075089476968,0.00183725356251612,0.002937467071949588,False
3744,-0.0118161218181527,0.37493843309288644,1.0510047607472732,False
3745,-0.063533625935865,0.0002450868648735935,0.0006979514255885356,False
3746,0.2050109810436858,0.930950440513577,3.425435080748066,True
3747,-0.1491483833411816,0.0011845629512868088,0.012884672730120644,False
3748,-0.0203326908257296,6.656958576112509e-13,1.6294742870095014e-11,False
3749,-0.0118357945588749,0.609977087989826,4.603268902526557,False
3753,0.0336827356767,2.0183224373786133,2.4735121714550203,True
3754,-0.0146184544466134,5.665471096574854e-14,2.372644535182561e-13,False
3755,0.1475180717825428,3.5430367888905097,3.616919520159426,True
3756,-0.5147492060090867,0.0016773128577276372,0.011215212367187952,False
3757,-0.0256894224178049,0.021408582384461135,0.02840353733766762,False
3758,-0.0456321276740417,4.341516181210931e-09,5.6601787344852265e-09,False
3759,-0.033959012963298,6.704186061953099e-11,1.4893682302004322e-10,False
3760,-0.0116723640177235,6.838566317246363e-05,0.00021355041574441693,False
3761,0.3183937575289418,3.651018476563811,6.727197924747915,True
3762,-0.0059014195177717,0.6079474957048026,0.5640495286211363,False
3763,-0.164632022788307,9.575174993047007e-08,9.758873803340641e-08,False
3764,-0.3792072348025373,8.888886538243597e-06,9.426388703068157e-06,False
3765,0.0114502549069486,1.3741343858718829,1.350776700095027,True
3766,-0.0245053201668139,1.3443928984066681e-05,7.467192869271211e-06,False
3767,-0.0701978408220241,0.23664841119066257,0.40966875704684536,False
3768,-0.0422856752929298,0.09360790389769828,0.12499955925993769,False
3769,-0.1283115545305245,7.884797362422403e-08,2.0776675193390396e-07,False
3770,-0.0187042417294754,0.012757449151743372,0.061375590180861334,False
3771,-0.0617694864534492,9.102384283061592e-09,2.2526764057753488e-07,False
3772,-0.0132965600752927,1.1333254352903091e-12,1.2198252566827927e-12,False
3773,-0.012534481364819,2.943830589543181e-08,1.8247835649546752e-07,False
3774,-0.0888804878408669,4.5671635151726034e-08,1.7564940473236874e-06,False
3775,0.9920141403339204,3.444231142793309,3.8327141111939946,True
3776,0.178888311519741,5.543754316696171,9.027450618066396,True
3777,-0.0320711781829648,9.269336547359307e-05,0.0004693668635932701,False
3779,-0.0091607427800137,0.7263820726649214,2.777887893292546,False
3782,0.3532460553684068,2.3659932834219872,3.5017358041162256,True
3783,-0.2773685898459584,0.22159709691944018,0.6389599849495878,False
3784,0.0458077823987133,4.327902591479204,4.859867566802585,True
3785,-0.0207387754424466,0.5975245825417794,1.502371617569879,False
3787,0.0702961985889539,1.2218407939569582,2.144451540797325,True
3788,-0.061838049943668,0.0004060125176823967,0.0014196275345881324,False
3789,-0.0315062269829614,8.57524594383118e-05,0.0003388390840936474,False
3790,0.4188643741405038,3.6717911250036384,5.813756625461766,True
3791,-0.0139614141229216,1.0051304134222542e-05,2.1909399906485e-05,False
3792,-0.010643866374545,1.7236012846903747e-15,8.802691997213946e-16,False
3793,0.0364533435952949,2.6534416497400493,2.715831613795453,True
3794,0.3765770888623346,4.84278313595831,5.034323849699825,True
3795,0.0800575505641539,1.1397101782218635,1.924393907957556,True
3796,-0.0172145533646607,0.02677145748991549,0.1632714023020607,False
3797,-0.0134555667894928,2.7434744109558975e-08,2.412973563948184e-08,False
3798,-0.0519340161497416,0.0008690805384816484,0.0012654692984461924,False
3799,0.3465628891109621,5.434352387935083,7.086699264284827,True
3801,0.1592041262924624,5.182858961991307,3.926340350503935,True
3802,0.448581208990737,13.20475564314395,13.422787493511851,True
3803,-0.0356142302888609,0.0041405902118126225,0.0014932499444113639,False
3804,-0.0041441964377653,0.9321253140824252,2.5541941021210604,False
3806,-0.0337680090851663,8.506260246446423e-07,1.0023602676180925e-05,False
3808,-0.0116878284596796,0.24173054307859174,3.501881595390308,False
3809,-0.153709397250073,0.00010747164884117687,9.79682798863599e-05,False
3812,-0.0107607221338833,0.002195471710616978,0.004410435310997263,False
3813,-0.0706189005566841,0.00016828348476311762,0.016725108715963142,False
3814,0.1057605373780516,3.5162378638063356,3.2090594205454623,True
3815,0.0573763838275711,2.8213236121325025,6.717570527690734,True
3816,-0.0486602785561508,0.0014122782838291064,0.004444508929456738,False
3817,-0.0213087011132459,0.009642118698309905,0.008862946530749918,False
3819,0.1582441479186519,3.6627917611660266,3.1487771803963023,True
3820,-0.0105273786700724,3.99694464496412e-06,1.639044120160681e-05,False
3822,0.0063995499725226,0.7804251163509125,2.48718399416679,True
3823,-0.0168859811261109,0.014410926841121836,0.02367860930706162,False
3825,0.2256040906288461,2.574679010388301,2.686814149335497,True
3826,-0.1166388016561399,0.6362413578590275,0.9391767895429893,False
3827,0.6546970670135988,4.934104072440892,6.026113139378806,True
3828,0.0700744673135359,3.2891614405311533,3.6441175660360647,True
3829,-0.0128738765796592,0.07580284120801875,0.30496183460444126,False
3830,-0.0851256789615216,0.05914632657680253,0.11010909655258586,False
3831,-0.3470093805040958,2.7087058654983902e-05,1.193818468961928e-05,False
3832,-0.0163894867242879,8.883271585838514e-09,1.2252855741089665e-06,False
3834,-0.0211150996336623,3.944110122353316e-10,3.0853744282505185e-09,False
3835,0.2333586317639373,1.2854787102539333,2.5219173314492167,True
3836,0.2393674242549292,7.53460755008911,9.673803139907404,True
3837,-0.0169286345372769,0.005293711413055817,0.008701104073839434,False
3839,-0.0188208185125878,6.94313553656688e-14,9.910986053288555e-13,False
3840,-0.0132288420416772,1.9535152278289082e-11,1.2938617036345291e-11,False
3841,-0.0305397157492884,2.7464814104729733e-07,1.747964821035082e-05,False
3843,0.0470320644731225,2.5980849897313196,2.715667133574791,True
3845,-0.0141822878414628,5.781938876314042e-13,1.6823397159226917e-12,False
3846,0.3299570269460078,5.916496149988035,7.125862575472922,True
3847,0.6333265175201563,7.854887245129082,8.792059959993379,True
3848,0.0380263294524895,3.6803977451755463,1.1332120522780016,True
3849,-0.0171293134461949,0.0309978190001833,0.19537094188766208,False
3850,-0.0382984614508383,4.208203127661225e-06,5.36126349072972e-06,False
3851,0.1235472302891305,3.9459040070398737,4.0137525647312895,True
3852,0.0610123881829099,1.6324811271963675,1.808804982898035,True
3853,-0.0080182390556037,0.46465125776650673,0.8078570158519212,False
3854,-0.0129717947958898,0.15857507933504517,0.48903391621880027,False
3855,-0.3315192614666109,0.002838255656170172,0.009914656791928045,False
3856,-0.0181513186525573,9.709155799962323e-09,3.052767652177052e-07,False
3857,-0.0191432136062038,4.1552964183581415e-11,4.349310538857646e-10,False
3858,0.0765529659609782,1.6202496722781516,3.927555552410087,True
3859,-0.0111505056183239,0.032332150476986656,0.04280784305024124,False
3860,-0.0160080727895431,0.00271874441363527,0.0033666760933207885,False
3861,0.0914756290241175,2.0868044639598597,2.220651435131395,True
3862,-0.003264910910142,0.9319028797688218,0.6091977118491775,False
3863,0.1549279059730064,2.5392382814166408,2.4211178050614373,True
3864,0.0826068837506358,5.830184503087158,8.112450367467728,True
3865,0.3229570278202128,4.360112837141587,3.508266427548353,True
3866,-0.0800280956334373,1.0018558651402147e-09,8.956637591055754e-10,False
3867,-0.0124920600867828,0.021796626132465798,0.037629711216732115,False
3869,0.1876113020714155,5.160444993666852,8.926146112157932,True
3872,0.0458288609918317,3.760979424836999,5.478785643354545,True
3873,-0.0183756866046154,0.022824681595556503,0.11250408336875636,False
3874,-0.0590495936708943,0.4892609494104205,1.7219050409891044,False
3876,-0.056321067563417,3.011414553907531e-08,1.3670939026364985e-08,False
3877,0.1718695572069894,2.884219767941008,3.2744709790003697,True
3879,0.0124867183312186,2.385848191119016,3.6516109307950173,True
3881,0.4649851433924919,3.3478921871289624,5.917190324505742,True
3883,-0.0532005019830192,1.6441636090271138e-06,8.433611296946868e-06,False
3884,-0.3544459080856422,3.3687195062251715e-10,9.105953150928396e-10,False
3885,0.1542953730862573,2.6614925004726673,2.7936930849738046,True
3887,-0.0775374570433836,3.481236882259304e-06,1.258661138866587e-05,False
3888,0.2080880111352092,9.793466662739316,7.452106524144553,True
3889,0.0750146199376021,12.893329890371565,13.051903503230374,True
3890,-0.0119335725140404,4.8671545230706424e-05,0.0002925888112665643,False
3891,-0.0111781226414298,2.1868313442221915e-17,6.688183411561946e-17,False
3892,0.3213773695018838,11.077373500523448,11.684271869409903,True
3895,-0.1312218725852931,0.0003512540868568236,0.0007743592846107897,False
3896,-0.0275756278764844,5.9528330534257116e-09,3.937265348777713e-08,False
3897,-0.0234001814904097,0.006328853538288203,0.0375443945856443,False
3898,0.0996096863454227,2.0520224419385706,2.1174685543653933,True
3899,0.0915887266471273,4.639631745731926,3.7487827023055913,True
3900,-0.0893179637528126,0.24179878162195464,0.997455772385254,False
3901,-0.0131435558567334,1.2752627367030806e-09,1.6399088514571368e-09,False
3903,-0.0324509366117192,1.997206230202658e-08,6.549367611453175e-08,False
3906,-0.0766717293290115,3.358373875089586e-08,1.0457904636887672e-06,False
3908,-0.2468673025890907,3.7062358448336654e-09,3.4802083462038227e-09,False
3909,-0.0659860048331976,7.033538192764013e-08,9.898081938098894e-08,False
3910,0.210149681816598,4.225207641582768,4.264920521007417,True
3911,0.0083671395886547,1.7918915541261495,3.7089376104327987,True
3913,-0.0149173225965115,8.458574750503489e-07,6.268399333163637e-06,False
3914,0.0075993583090357,1.643012594825526,1.53663304610273,True
3915,0.2366998988472488,7.677879492879316,8.171417777869378,True
3917,-0.0161463844760933,0.5121347222741546,0.3191464674570398,False
3918,0.4671068554041347,7.382254183526057,10.166598890927899,True
3919,0.076665264925009,0.7940659241294701,1.5060694880309353,True
3920,-0.0103102976952464,8.646635781006662e-07,2.01274251197898e-06,False
3921,0.3076591323584162,1.3958686600829497,1.911083596808624,True
3922,0.1785189483704927,15.371575068290541,15.431327058388554,True
3924,0.0608600232028446,1.9116793981124909,1.7473684430694638,True
3925,-0.0229512110296166,2.814312028392774e-05,2.756109519962468e-05,False
3926,0.4150979040426417,5.510734126714114,5.773938615204108,True
3927,-0.0264656872360731,0.005338047121063904,0.004945511665879891,False
3928,-0.0526399060809287,0.0005484273182991239,0.0013050023237027295,False
3929,-0.0093816783809949,0.09956553740193545,0.23378022291953546,False
3930,-0.1353202333546226,0.001454577514845112,0.003770055738231066,False
3932,-0.0141676236969314,0.5025823585501085,1.80723581297071,False
3933,-0.0300716660882448,0.004680891598347455,0.017418469118225158,False
3934,-0.0243388526160826,9.859832324566544e-08,5.2210971504032075e-08,False
3935,-0.0186440401865309,0.003041024504588432,0.004176209862973649,False
3936,-0.0129615654174068,2.426132079233462e-07,4.4824250574848466e-07,False
3937,-0.0262942748052926,0.05281914569135571,0.056761294269314456,False
3938,-0.0240165339264731,8.794648713140827e-13,3.338819040469008e-12,False
3939,-0.0910850790339577,0.0003049402902018615,0.0014385620474619586,False
3940,-0.0733836067655461,0.002146476374133153,0.3207654298337768,False
3941,-0.1062880163381716,0.27987949118674393,0.47463091040698024,False
3942,-0.0448784006465744,9.716128692850252e-05,0.0020692352017049258,False
3943,-0.0394549370371133,0.0001093832553564446,0.0039544838314611,False
3945,-0.1207229932323322,4.785450858917133e-09,7.056409034425837e-09,False
3946,-0.0183658136896933,4.787643654955566e-06,4.85838041619405e-06,False
3947,-0.0105499058277801,3.5453746627467067e-07,2.162404630204819e-07,False
3948,-0.0114324338702359,1.031916528146732e-06,8.820863252951303e-05,False
3949,-0.0247940889326175,0.5976646764369451,4.225163004104566,False
3950,0.1184356580969052,1.8185110983004933,1.8986458191465776,True
3951,-0.0109609180011502,0.7188913482355838,2.6617835882886207,False
3952,-0.0245146524966722,0.014409361934519641,0.01118288437104808,False
3953,-0.1361850244576797,0.015880720511046675,0.007257296850127805,False
3954,0.0519171131880787,1.590551663933372,1.5022656136755963,True
3955,-0.0203748184902295,0.1620576476468449,0.12798295102568852,False
3957,-0.0918672617835805,1.2331248362199541e-06,1.2897035930512183e-06,False
3958,0.2221161301292502,3.1804089655867402,3.2327295116117836,True
3959,0.2301764964032859,2.1751424676205184,2.227985787537495,True
3960,0.023633244663816,2.675233140744883,1.4236656960603444,True
3961,-0.0284688942201311,6.888131617312431e-06,9.640793643244521e-06,False
3962,0.348662500028463,9.020163323553044,11.53699324593478,True
3963,-0.189864695547906,3.7011635120580197e-06,4.12886080567557e-06,False
3964,0.1625871201079143,2.5182605686654482,2.5650582931854524,True
3965,-0.0703371148480535,2.174784966888291e-14,7.506786681468015e-13,False
3966,0.231762961908064,6.202289523648229,14.577582669121401,True
3967,-0.1395997695927205,0.24155497702670636,1.3721166631555528,False
3968,0.3950940607698414,10.544227842142277,10.647121405200714,True
3969,-0.0535964973115599,0.07880936053349165,0.0547677083143941,False
3970,0.3860722584169808,9.349425064838343,9.886899132927997,True
3971,-0.1687344806997476,0.021911662838335556,0.7114972691437965,False
3972,0.0301294864655523,1.3247167486596405,1.2706518423810023,True
3973,-0.0110090980896348,3.32739478890225e-08,1.0523350367846675e-07,False
3974,-0.0567002151415624,2.124660080266408e-10,1.5679047223984735e-10,False
3975,-0.3438437375892208,1.3664478123338545e-11,1.358775378266319e-11,False
3977,-0.117458744619909,0.05542481232065006,0.2688032514633788,False
3978,-0.0388950365923657,0.0003037867592986205,0.0002561888935709299,False
3979,-0.0191340625805106,0.3601215218154448,2.1903494090288564,False
3980,-0.0618804910935819,0.0028579909907835784,0.06183434016206601,False
3981,0.2313571681195148,12.37765358773893,12.247594339517713,True
3982,0.1839175275795039,4.0850010344101095,3.9457178427865576,True
3983,-0.0204905100097642,0.3044101441721813,5.841613853282314,False
3984,-0.0846603480985997,7.154763275778076e-11,4.258887597422191e-11,False
3985,-0.0979798847657792,0.11874910124866588,0.07956218835575385,False
3988,0.0578664348330235,1.6756460769559152,1.9141731747134896,True
3989,0.0477308305536338,3.4889983713768755,3.55579624501343,True
3990,-0.0039812376125658,0.5588798856364849,1.4239101202443105,False
3991,-0.0242599240489478,1.4178485416350279e-14,6.481269413570601e-14,False
3992,-0.0436689712390881,1.0035321480220632e-12,5.883084891175905e-13,False
3993,-0.2724375919582366,0.00010007903079511848,3.843970983515604e-05,False
3994,-0.2520332933540627,1.4297995633135657e-06,7.619347840660493e-07,False
3995,0.7159023503392912,12.583503660681362,14.038025801666688,True
3996,0.079405301047013,3.5099116999398055,4.489216897085335,True
3997,-0.0138125249990679,0.07097454458522479,0.3011811583108958,False
3998,0.9819023395431294,6.799074135739111,11.417015719142588,True
3999,-0.7302468566705865,8.228419073758275e-09,2.474819115639632e-07,False
