time,mean_D,std_D,cv_D,relative_contrast_D,q_amp,moran_D
0.0,0.06935746113696165,2.8743069957027824e-07,4.144192922556418e-06,8.79116075445491e-06,8.58716748968335e-12,-0.4999999999999998
0.5,0.06935746114688787,4.718937215937105e-07,6.803791744832124e-06,1.4433021841755588e-05,2.3145791053522885e-11,-0.5000000000000001
1.0,0.06935746116348203,7.781796580722871e-07,1.1219840591310643e-05,2.3800876097943557e-05,6.294241144721098e-11,-0.5
1.5,0.06935746121159088,1.3903844561270776e-06,2.004664576584472e-05,4.252535748342026e-05,2.0093400323063002e-10,-0.5
2.0,0.06935746129097645,2.2147470643494902e-06,3.1932354834297163e-05,6.773875392775968e-05,5.098376426317307e-10,-0.5
2.5,0.06935746138683357,3.131190924526679e-06,4.514569682795637e-05,9.576848510481966e-05,1.0190669710408749e-09,-0.5
3.0,0.0693574614857275,4.074572389499115e-06,5.8747426768749136e-05,0.00012462211153652794,1.7256300759747713e-09,-0.5
3.5,0.06935746157933906,5.016739784426e-06,7.23316521422468e-05,0.00015343860517282764,2.615933950813498e-09,-0.49999999999999994
4.0,0.06935746166806334,5.948002197848795e-06,8.575864881438762e-05,0.0001819215663664476,3.6772729232347322e-09,-0.49999999999999983
4.5,0.06935746174050604,6.867251222315914e-06,9.901243572045706e-05,0.00021003709415929705,4.901731213648822e-09,-0.5000000000000001
5.0,0.06935746182146328,7.776989882546035e-06,0.00011212910158917288,0.0002378617443058781,6.286467711597523e-09,-0.49999999999999983
5.5,0.0693574619106126,8.681203987208991e-06,0.00012516611404259957,0.00026551742404317286,7.833278052262522e-09,-0.5000000000000001
6.0,0.0693574619791393,9.584371310500306e-06,0.00013818803394770998,0.0002931410876497876,9.547966363166722e-09,-0.49999999999999994
6.5,0.06935746207367655,1.0491057165890623e-05,0.00015126068417477932,0.0003208723665208095,1.143989728851117e-08,-0.5000000000000001
7.0,0.06935746219741817,1.140574490974154e-05,0.00016444870599902252,0.0003488483855077851,1.3521688452376473e-08,-0.5
7.5,0.0693574626645932,1.2332658562017116e-05,0.00017781300076758584,0.0003771983358773649,1.5808731620986737e-08,-0.49999999999999994
8.0,0.06935746235786842,1.3276518323522494e-05,0.00019142162749580916,0.00040606659260435584,1.8321119736572162e-08,-0.5
8.5,0.069357462309273,1.4240982738668165e-05,0.0002053273326980443,0.0004355650479411997,2.1079656776446684e-08,-0.5
9.0,0.06935746276362971,1.522993335323462e-05,0.00021958607980136535,0.0004658124182449474,2.4109023221265796e-08,-0.5
9.5,0.06935746266849246,1.624766007724121e-05,0.00023425972421886414,0.0004969399186625481,2.7438809195549133e-08,-0.4999999999999999
10.0,0.0693574635659169,1.729786321555394e-05,0.0002494016119709187,0.0005290607131901777,3.110058202684634e-08,-0.49999999999999983
10.5,0.06935746348363894,1.838445974935701e-05,0.0002650682251909891,0.0005622946185286935,3.5130582002950445e-08,-0.49999999999999994
11.0,0.06935746414570472,1.9511226403488378e-05,0.00028131401059444157,0.0005967571336025417,3.956878627836479e-08,-0.5
11.5,0.06935746372866688,2.0682037117131135e-05,0.00029819483016335874,0.0006325667595693452,4.446007836807718e-08,-0.5
12.0,0.06935746427061172,2.1900741432612873e-05,0.00031576617834762306,0.0006698412179365949,4.985413969413145e-08,-0.5
12.5,0.06935746443409634,2.3171274587237014e-05,0.0003340847993261695,0.0007087008812845441,5.5806326570403456e-08,-0.4999999999999999
13.0,0.0693574645678318,2.4497625842359052e-05,0.00035320820902269725,0.0007492677593120141,6.23780194605107e-08,-0.5
13.5,0.06935746607928975,2.588387726565812e-05,0.00037319525537550004,0.0007916666873477842,6.963734931739235e-08,-0.5
14.0,0.0693574660447305,2.7334188408405166e-05,0.00039410592640129916,0.000836024919192395,7.765974061231312e-08,-0.5
14.5,0.0693574679206426,2.885286136362107e-05,0.00041600223059806517,0.0008824739947336652,8.652892793128286e-08,-0.4999999999999998
15.0,0.06935746516255219,3.044434568017819e-05,0.00043894836134547555,0.0009311500886941262,9.633783196393907e-08,-0.4999999999999999
15.5,0.06935746749421187,3.211318051751616e-05,0.00046300970432918586,0.0009821919050586369,1.0718899315150003e-07,-0.4999999999999999
16.0,0.06935746501602025,3.386412684237316e-05,0.0004882549677176234,0.001035745195863451,1.1919645675046872e-07,-0.49999999999999994
16.5,0.06935747249068532,3.570216911795681e-05,0.0005147559136148106,0.0010919621915188278,1.324868253007092e-07,-0.5
17.0,0.06935747038210432,3.763233999825717e-05,0.0005425852441118887,0.0011509971164502244,1.4719937356397894e-07,-0.5
17.5,0.06935747267732245,3.966004348787838e-05,0.000571820770811418,0.0012130150339918165,1.6348949696568206e-07,-0.4999999999999999
18.0,0.06935747175929954,4.179084788194482e-05,0.0006025428381671287,0.0012781863804699955,1.815289359132493e-07,-0.5
18.5,0.0693574732443327,4.4030568775613674e-05,0.0006348352486905437,0.0013466889278557952,2.0150789648999228e-07,-0.5000000000000001
19.0,0.06935747413230008,4.6385298871119006e-05,0.0006687858727761421,0.001418709077404921,2.2363727181247309e-07,-0.5
19.5,0.06935747624856321,4.8861420816672977e-05,0.0007044867180801605,0.0014944420068308112,2.481507679756778e-07,-0.5000000000000001
20.0,0.06935747796852702,5.146560285709713e-05,0.0007420339430515503,0.0015740916990070308,2.753071863203157e-07,-0.5
20.5,0.06935748054728458,5.420484209713779e-05,0.0007815284187000354,0.0016578721336582833,3.0539333461788897e-07,-0.5
21.0,0.0693574832228515,5.7086483828522496e-05,0.0008230760572020579,0.0017460079844391855,3.387270979696427e-07,-0.5
21.5,0.06935748207654019,6.0118249284068976e-05,0.000866788232273554,0.0018387355106800909,3.7566091980395625e-07,-0.5
22.0,0.06935748619449306,6.330816804692533e-05,0.0009127806026503879,0.0019363000616087987,4.165842142874028e-07,-0.5000000000000002
22.5,0.06935748758218414,6.666475635193465e-05,0.00096117605576386,0.0020389623208341935,4.6192970508688546e-07,-0.5
23.0,0.0693574938132243,7.019696405016213e-05,0.001012103526104886,0.0021469957997149428,5.121767737769719e-07,-0.49999999999999994
23.5,0.06935749573138586,7.391407566441936e-05,0.0010656970077276239,0.0022606847425632464,5.678550561398056e-07,-0.49999999999999994
24.0,0.0693575021697807,7.782595851627131e-05,0.0011220986350656142,0.0023803306620448945,6.295526734080571e-07,-0.49999999999999994
24.5,0.06935749966762633,8.194304810708533e-05,0.00118145908517134,0.0025062531924573282,6.979227849669498e-07,-0.5
25.0,0.06935750788971948,8.627602695046366e-05,0.0012439320496873264,0.0026387783630076695,7.736834721196565e-07,-0.5
25.5,0.06935751134359652,9.083641996843403e-05,0.0013096839579267944,0.0027782592235836203,8.576360348253969e-07,-0.5000000000000001
26.0,0.06935752094419827,9.563632293498013e-05,0.0013788890034279703,0.0029250652944822347,9.506674418872902e-07,-0.49999999999999983
26.5,0.06935752502499895,0.00010068815659906837,0.0014517264934522495,0.003079576943844561,1.0537549058955817e-06,-0.49999999999999983
27.0,0.06935753291816772,0.00010600531487980673,0.001528389353249896,0.003242203427929069,1.1679870075638174e-06,-0.49999999999999994
27.5,0.06935753821593077,0.00011160180458380785,0.0016090796682598227,0.0034133734346876625,1.2945686894035704e-06,-0.49999999999999994
28.0,0.0693575479838422,0.00011749214607858566,0.001694006629328319,0.0035935307249190616,1.4348292301041458e-06,-0.4999999999999999
28.5,0.06935755720005016,0.00012369183902243775,0.0017833938220411878,0.003783149595274657,1.5902467622473375e-06,-0.4999999999999999
29.0,0.06935756808544409,0.00013021720428212655,0.001877476501507482,0.003982729097203408,1.762459006856387e-06,-0.5
29.5,0.06935757939534683,0.00013708508228753047,0.0019764975000948126,0.004192784355945802,1.953271183940522e-06,-0.5
30.0,0.06935759217434463,0.00014431354810352678,0.002080717389103775,0.004413868126703842,2.164692426659415e-06,-0.5
30.5,0.06935760636497659,0.000151921399308453,0.002190407184887634,0.004646555321981545,2.3989418178036843e-06,-0.4999999999999999
31.0,0.06935762207451208,0.00015992845749042764,0.002305852661998904,0.004891452161149231,2.6584782494237158e-06,-0.4999999999999999
31.5,0.06935763948434254,0.00016835554360059482,0.0024273539995345577,0.005149195420233421,2.9460237195282068e-06,-0.5
32.0,0.06935765880628236,0.0001772245439323479,0.0025552267331765102,0.0054204544514946775,3.2645918289699493e-06,-0.4999999999999999
32.5,0.06935768011612686,0.0001865584954760626,0.002689802991733637,0.0057059338065321525,3.617520067169611e-06,-0.4999999999999999
33.0,0.06935770382668606,0.0001963815413073703,0.002831430835687651,0.006006371833126594,4.008500288641434e-06,-0.5
33.5,0.06935772996607069,0.0002067191465519164,0.002980477398165164,0.006322547338247275,4.441622760486693e-06,-0.5
34.0,0.06935775907443996,0.00021759795503321723,0.003137326781271505,0.006655275125505536,4.92140966624171e-06,-0.49999999999999994
34.5,0.0693577912596356,0.00022904607873635145,0.003302384268249473,0.007005414930488832,5.4528709275908055e-06,-0.5000000000000001
35.0,0.06935782689923403,0.00024109298893329394,0.003476074723095981,0.007373868025837157,6.041547740273401e-06,-0.5
35.5,0.06935786642042345,0.00025376964830780196,0.0036588445032253144,0.0077615812786134344,6.693571549391049e-06,-0.5
36.0,0.06935791009987742,0.0002671086253613965,0.003851163118622696,0.008169550669900622,7.415728683119846e-06,-0.5
36.5,0.06935795857692048,0.00028114404569993504,0.004053522500783182,0.00859881974398812,8.215522332177768e-06,-0.49999999999999994
37.0,0.06935801211113309,0.000295911859507095,0.004266440898463933,0.009050487872506422,9.101258970042869e-06,-0.5000000000000001
37.5,0.06935807159358494,0.0003114496558139831,0.004490460139073268,0.009525704444959584,1.0082116130302951e-05,-0.49999999999999983
38.0,0.06935813731115875,0.00032779708749564724,0.004726151828805087,0.010025682021195739,1.1168255554458832e-05,-0.5
38.5,0.06935821020825411,0.0003449956038138116,0.004974113414661827,0.010551687977694754,1.237090213095937e-05,-0.5
39.0,0.06935829088972022,0.00036308883606909933,0.005234973806468373,0.01110505643366322,1.370247537720499e-05,-0.5000000000000001
39.5,0.06935838016752521,0.00038212251894941636,0.005509392203601846,0.011687185762149686,1.5176701226554408e-05,-0.5000000000000001
40.0,0.06935847911827163,0.0004021446017749013,0.005798059687686567,0.012299541968662283,1.6808748070988027e-05,-0.5000000000000001
40.5,0.06935858846581566,0.00042320549504190294,0.006101702823010673,0.012943666328807741,1.8615388670168207e-05,-0.5
41.0,0.0693587097202066,0.0004453578905357209,0.006421080962034862,0.013621169672408074,2.0615140360503278e-05,-0.5
41.5,0.06935884359621568,0.0004686572854907795,0.0067569939346040385,0.01433374869478476,2.282848351613788e-05,-0.4999999999999999
42.0,0.06935899220113077,0.000493161506365435,0.007110274972498734,0.015083170947464647,2.5278005092270936e-05,-0.5
42.5,0.06935915627813055,0.0005189315948649936,0.007481803740288814,0.015871302480794987,2.7988693604099845e-05,-0.5
43.0,0.06935933820910048,0.0005460310745110268,0.00787249545064695,0.016700084754038315,3.098809231022845e-05,-0.49999999999999983
43.5,0.06935953935797731,0.0005745268567547594,0.008283314192580214,0.01757156290881652,3.43066470065004e-05,-0.5
44.0,0.06935976188446953,0.0006044888090263612,0.008715266497500958,0.018487872120692576,3.797793506123131e-05,-0.5
44.5,0.06936000826299404,0.0006359900927430653,0.009169406242449772,0.01945124800047148,4.203900541953842e-05,-0.5
45.0,0.069360280367024,0.0006691074734401334,0.009646839226997236,0.02046403630327841,4.65307535357663e-05,-0.4999999999999999
45.5,0.06936058182677945,0.0007039208989242686,0.010148716755032922,0.021528679313475737,5.149822588694298e-05,-0.5
46.0,0.06936091426509323,0.0007405145784527571,0.010676251694470966,0.022647749912444566,5.6991175121847074e-05,-0.4999999999999999
46.5,0.06936128306139243,0.0007789756499637379,0.011230698389391933,0.02382390896579932,6.306429315674528e-05,-0.5
47.0,0.06936168972524032,0.0008193963348141715,0.01181338485351227,0.025059973616054824,6.977803084859657e-05,-0.5000000000000001
47.5,0.06936214032827914,0.000861871812246802,0.012425680755635713,0.02635884936950749,7.719877112048785e-05,-0.49999999999999994
48.0,0.06936263805743446,0.0009065024482637392,0.013069030729672167,0.027723600757459884,8.539978210655771e-05,-0.5
48.5,0.06936318777154948,0.000953392570298164,0.013744935908052579,0.029157412162674964,9.446163155823659e-05,-0.5
49.0,0.06936379605137111,0.0010026508481146702,0.014454959289888098,0.03066359920696587,0.00010447292403616108,-0.4999999999999999
49.5,0.06936446618021919,0.0010543914589071543,0.015200743507024023,0.032245646438682204,0.00011553130158316647,-0.4999999999999999
50.0,0.06936520854362159,0.0011087318844457726,0.01598397680515191,0.03390713516775401,0.00012774375725381712,-0.49999999999999994
50.5,0.0693660251423466,0.0011657966543155783,0.016806450303635492,0.0356518649321263,0.00014122838590428473,-0.4999999999999999
51.0,0.06936693078850703,0.0012257125094163096,0.01766998331169339,0.03748369506945457,0.00015611415511776144,-0.5
51.5,0.0693679291086236,0.0012886142964519864,0.01857651385893528,0.03940673676137695,0.00017254343357560727,-0.5
52.0,0.06936903040496485,0.0013546406126348312,0.019528031525403552,0.04142521054451259,0.00019067200762857742,-0.4999999999999999
52.5,0.0693702494298994,0.0014239351154925885,0.020526596447249554,0.043543486627589764,0.00021067058085411897,-0.4999999999999999
53.0,0.06937158114489034,0.0014966504950140156,0.021574403672421607,0.04576622141047602,0.0002327274469102994,-0.4999999999999999
53.5,0.06937306526299704,0.0015729374194268218,0.022673604135318673,0.048097977714069436,0.00025704616224257,-0.5
54.0,0.06937469426336364,0.0016529610012808095,0.023826569887367827,0.050543787419319156,0.00028385271629881173,-0.5000000000000001
54.5,0.06937649254768082,0.0017368860948298202,0.02503565733935165,0.053108649228355134,0.000313392069206716,-0.49999999999999994
55.0,0.06937847518674849,0.0018248859695070361,0.026303345015798146,0.05579782088568083,0.00034593297951005653,-0.4999999999999999
55.5,0.06938065422743189,0.001917140275236515,0.02763220232764123,0.05861675293498115,0.00038176930273785075,-0.5
56.0,0.06938305868611976,0.002013831437009316,0.029024829333622153,0.06157096093375935,0.0004212203589229466,-0.5000000000000001
56.5,0.06938569910729869,0.0021151521026642204,0.030483977676629435,0.06466628199805184,0.0004646364474946209,-0.5
57.0,0.06938861312231157,0.0022212946253592648,0.03201237963127726,0.0679085121575827,0.0005123962248285076,-0.5
57.5,0.06939181240797125,0.002332464177198661,0.03361295945817844,0.07130385470587962,0.0005649155217685736,-0.5
58.0,0.06939533617114889,0.0024488646235922957,0.03528860523930153,0.07485843618997554,0.0006226428298676298,-0.5
58.5,0.06939920525831525,0.0025707111931602936,0.03704237222302019,0.07857873777040116,0.0006860686699543889,-0.5000000000000001
59.0,0.06940345987372717,0.0026982192497363245,0.0388773017173131,0.08247121103564252,0.0007557222944094981,-0.5
59.5,0.06940813013261408,0.0028316130976479502,0.04079656219289803,0.08654257732709107,0.0008321797433794985,-0.5
60.0,0.06941325829208837,0.002971118788611875,0.042803332702082926,0.09079958043308023,0.0009160626452026006,-0.4999999999999999
60.5,0.06941888400298285,0.0031169684863599488,0.04490087288389736,0.09524913509219719,0.001008044192867954,-0.49999999999999983
61.0,0.069425053471938,0.0032693972439455606,0.047092469943391106,0.09989821451938656,0.0011088503626845974,-0.5
61.5,0.06943181624775988,0.0034286436069278178,0.0493814477601029,0.10475386972793423,0.001219263691441886,-0.5
62.0,0.06943922403943643,0.003594949492292069,0.05177116452583628,0.10982322451842949,0.0013401267381806044,-0.5
62.5,0.06944733422198741,0.0037685585914305937,0.05426498559879131,0.11511341789368695,0.0014723443310185145,-0.5000000000000001
63.0,0.06945620772701482,0.003949716378533042,0.05686628319900066,0.12063160341266371,0.0016168870824344725,-0.5
63.5,0.06946591054545141,0.0041386689812637914,0.059578416935251545,0.12638490788182735,0.001774793882255334,-0.5
64.0,0.06947651266292174,0.004335662694875859,0.062404725405708475,0.13238041353738297,0.0019471748764809385,-0.5
64.5,0.0694880893947455,0.0045409427378222825,0.06534850472037379,0.13862511248453196,0.0021352135345943575,-0.49999999999999994
65.0,0.06950072120861689,0.004754752344592475,0.06841299287125913,0.14512587354160297,0.0023401687968014765,-0.5000000000000001
65.5,0.0695144937115024,0.004977331711444466,0.07160135168503541,0.1518894039558342,0.002563376781562061,-0.4999999999999999
66.0,0.06952949792333218,0.005208916771590117,0.07491664584337734,0.15892220489880918,0.0028062519122110125,-0.4999999999999998
66.5,0.06954583057074146,0.005449737872485293,0.07836182022359865,0.16623052339868344,0.0030702874343777973,-0.5
67.0,0.06956359391263467,0.0057000184740415615,0.08193967783206038,0.17382030552987285,0.0033570554016109223,-0.49999999999999983
67.5,0.069582895872829,0.005959973670468806,0.08565285470960228,0.18169714317943716,0.003668205759952118,-0.4999999999999999
68.0,0.06960385011379594,0.0062298086345262075,0.08950379360252399,0.18986621819479754,0.004005464534621608,-0.5000000000000001
68.5,0.0696265759785676,0.006509717003097632,0.09349471680327133,0.19833224477012726,0.004370631035061953,-0.5
69.0,0.06965119837860412,0.006799879188844918,0.09762759790409789,0.20709940952682387,0.004765573936262108,-0.49999999999999994
69.5,0.06967784762607145,0.007100460624954972,0.10190413261700959,0.21617130961326236,0.005192226122212539,-0.5
70.0,0.0697066591981117,0.0074116099542852224,0.10632570889993244,0.22555088933282733,0.005652578186536585,-0.4999999999999999
70.5,0.06973777342319769,0.007733457175450685,0.1108933766571649,0.235240375868866,0.006148670493213924,-0.5000000000000001
71.0,0.0697713350826013,0.008066111759695946,0.11560781730988219,0.2452412147339797,0.006682583711577548,-0.5
71.5,0.06980749292209662,0.008409660754132324,0.12046931356662945,0.25555400564355724,0.007256427755607445,-0.5
72.0,0.06984639907049146,0.008764166888852407,0.1254777197605749,0.26617843959158316,0.007872329078156683,-0.5
72.5,0.06988820836028789,0.009129666707906279,0.13063243316871131,0.27711323800948273,0.008532416297788916,-0.5000000000000001
73.0,0.06993307753404104,0.00950616874820187,0.13593236681990137,0.28835609508326854,0.009238804174630109,-0.49999999999999994
73.5,0.06998116429417271,0.009893651795965843,0.14137592444699698,0.2999036246189658,0.009993576006621499,-0.5
74.0,0.07003262638315864,0.010292063213876322,0.14696097726746607,0.311751310786882,0.010798764419704338,-0.49999999999999994
74.5,0.07008762049725042,0.010701317401159927,0.15268484398867194,0.3238934657064001,0.011656330791922544,-0.5
75.0,0.07014630104998071,0.011121294408833284,0.15854427450007846,0.3363231948519205,0.012568143488378114,-0.5
75.5,0.07020881887086941,0.011551838724603273,0.16453543743343454,0.3490323706640293,0.013535955085705827,-0.5
76.0,0.07027531993358589,0.011992758245424501,0.17065391173968797,0.3620116146814319,0.0145613787960286,-0.49999999999999983
76.5,0.07034594395178859,0.012443823490248931,0.17689468349130796,0.37525029075765537,0.01564586452374501,-0.5
77.0,0.07042082269932731,0.012904767093891788,0.18325214899846745,0.3887365116714719,0.016790675056278254,-0.49999999999999994
77.5,0.07050007878504141,0.01337528351965204,0.1897201215963745,0.40245715352499817,0.017996862269271562,-0.5
78.0,0.07058382394839065,0.013855029128967833,0.19629184640234748,0.41639788704818426,0.01926524448202139,-0.5
78.5,0.0706721577178741,0.014343622531106905,0.2029600198195049,0.43054321897238373,0.020596384822566906,-0.49999999999999994
79.0,0.07076516586285675,0.01484064529160056,0.20971681632686065,0.4448765488607307,0.021990571525137104,-0.5
79.5,0.07086291898195453,0.015345642975408651,0.21655392123088338,0.45938023858468535,0.02344780040023583,-0.5000000000000001
80.0,0.0709654712467638,0.015858126532596238,0.2234625692465814,0.47403569416687874,0.024967759927141585,-0.4999999999999999
80.5,0.0710728593000323,0.016377574033864854,0.23043358878706896,0.4888234597334667,0.026549819420644005,-0.5000000000000001
81.0,0.07118510104785253,0.016903432762509725,0.23745745266480392,0.5037233250676993,0.02819302091302879,-0.4999999999999999
81.5,0.07130219492455321,0.017435121617653246,0.2445243324711367,0.5187144409663639,0.029896074585227504,-0.5000000000000001
82.0,0.07142411912210145,0.017972033841348652,0.25162415808902,0.5337754454853059,0.03165735846700405,-0.49999999999999983
82.5,0.07155083125902834,0.018513540025071763,0.2587466797981569,0.5488845956843433,0.033474922153284965,-0.49999999999999994
83.0,0.07168226792684428,0.01905899138305567,0.2658815343636508,0.5640199078224647,0.03534649515778462,-0.5000000000000001
83.5,0.07181834478810795,0.01960772323550498,0.27301831159372153,0.579159298548067,0.037269499232743204,-0.4999999999999999
84.0,0.07195895689663206,0.02015905867917028,0.28014662174895694,0.5942807278955708,0.03924106483867658,-0.5
84.5,0.07210397891934552,0.020712312392069533,0.2872561639800493,0.6093623444637835,0.04125805187226647,-0.49999999999999994
85.0,0.07225326598309126,0.021266794523692723,0.29433679203746427,0.6243826248071566,0.04331707357345274,-0.5
85.5,0.07240665465967017,0.021821814629036384,0.3013785781376657,0.6393205089165097,0.04541452368014054,-0.5
86.0,0.07256396388291855,0.022376685580250157,0.30837187472772,0.6541555312415382,0.047546606561544316,-0.5
86.5,0.07272499640873614,0.022930727422232056,0.31530737098087347,0.6688679405360345,0.04970936909743507,-0.4999999999999999
87.0,0.07288954031441672,0.023483271115801344,0.3221761450889082,0.683438810786724,0.051898734232174594,-0.49999999999999983
87.5,0.07305737049116565,0.024033662111104144,0.3289697117419573,0.6978501419331656,0.05411053562179325,-0.5
88.0,0.07322825048071739,0.02458126372981995,0.3356800629327166,0.7120849464265528,0.056340552325256296,-0.5
88.5,0.07340193423636715,0.02512546029802959,0.3422997031266395,0.7261273238369663,0.05858454338029276,-0.49999999999999994
89.0,0.0735781679557632,0.025665660003115907,0.3488216778997088,0.7399625216032613,0.060838281486384115,-0.5000000000000001
89.5,0.07375669203447403,0.026201297457525537,0.3552395956868428,0.7535769811684022,0.06309758517187578,-0.5
90.0,0.07393724280603615,0.026731835919653762,0.36154764371970066,0.7669583717886547,0.06535834933963382,-0.5000000000000001
90.5,0.07411955441777485,0.027256769190854176,0.36774059699848444,0.7800956095656528,0.06761657334040089,-0.5000000000000001
91.0,0.07430336067559308,0.02777562317278943,0.373813821074086,0.7929788633482234,0.06986838641300441,-0.5000000000000001
91.5,0.07448839651902156,0.028287957040971833,0.3797632700248574,0.805599550440464,0.07211007062998635,-0.4999999999999999
92.0,0.07467439970383019,0.028793364109874684,0.3855854780764688,0.8179503188247836,0.07433808045172952,-0.5000000000000001
92.5,0.07486111232527369,0.029291472363615505,0.3912775465630702,0.830025019502346,0.07654905922220777,-0.5
93.0,0.07504828191493257,0.029781944622487046,0.3968371275473696,0.8418186717460074,0.07873985290002365,-0.5
93.5,0.07523566275192527,0.030264478458567796,0.402262402583718,0.8533274180500194,0.0809075202662126,-0.5
94.0,0.0754230169688681,0.030738805829453767,0.40755205857306975,0.864548472910664,0.08304934022357345,-0.5000000000000001
94.5,0.07561011521698718,0.031204692407699474,0.41270526196326673,0.8754800680967887,0.0851628166260843,-0.4999999999999999
95.0,0.07579673755738926,0.0316619367459005,0.4177216297987465,0.8861213912369709,0.0872456800008605,-0.4999999999999999
95.5,0.07598267411581751,0.0321103692327046,0.4226011996334846,0.8964725219952205,0.08929588696583014,-0.5
96.0,0.07616772536724316,0.03254985083383604,0.427344399178218,0.9065343676830263,0.09131161775449607,-0.5000000000000001
96.5,0.07635170263074548,0.03298027175788476,0.43195201444799464,0.9163085956900994,0.09329127139284028,-0.5
97.0,0.07653442824235793,0.0334015499720254,0.43642515844312973,0.9257975670466512,0.09523345946105542,-0.4999999999999999
97.5,0.07671573571997332,0.03381362965374651,0.4407652398351824,0.9350042699963175,0.09713699832348291,-0.49999999999999983
98.0,0.07689546969828176,0.034216479554200326,0.4449739326446288,0.9439322556727896,0.09900090036661333,-0.5
98.5,0.07707348592407179,0.03461009135674185,0.4490531463808144,0.9525855747570879,0.10082436413725453,-0.49999999999999983
99.0,0.07724965117663062,0.03499447802404014,0.4530049973174065,0.9609687165435954,0.10260676379727172,-0.49999999999999994
99.5,0.07742384296446327,0.03536967211102049,0.4568317814869355,0.9690865516528299,0.10434763828826354,-0.49999999999999983
100.0,0.07759594930994629,0.03573572413247929,0.460535948722502,0.9769442769655834,0.10604668003286748,-0.49999999999999994
100.5,0.07776586844881345,0.036092700956525184,0.46412007833850516,0.9845473640339659,0.10770372355847008,-0.5
101.0,0.07793350848280184,0.03644068424348358,0.4675868564485996,0.9919015109655169,0.10931873416174165,-0.5
101.5,0.07809878709676633,0.03677976896728099,0.47093905468352465,0.9990125972769075,0.11089179661310586,-0.4999999999999997
102.0,0.07826163095899215,0.03711006192199368,0.47417951130406116,1.0058866438284741,0.11242310447027912,-0.49999999999999994
102.5,0.07842197552682621,0.0374316804132871,0.47731111288420236,1.0125297739683514,0.11391294924137786,-0.4999999999999999
103.0,0.07857976451437125,0.03774475093607867,0.48033677842309686,1.0189481798288158,0.11536171035293963,-0.5
103.5,0.07873494947853915,0.038049407963526356,0.4832594447005712,1.0251480912606579,0.11676984544615221,-0.5
104.0,0.07888748945989102,0.03834579283241633,0.4860820529966616,1.0311357476610545,0.11813788112272465,-0.5
104.5,0.07903735052751275,0.038634052679497384,0.488807537469882,1.0369173733201527,0.11946640434368501,-0.4999999999999999
105.0,0.07918450527311333,0.03891433943809216,0.4914388150039414,1.0424991558827046,0.12075605444623906,-0.5
105.5,0.07932893253024877,0.03918680897784994,0.4939787758130704,1.0478872264189545,0.12200751547688984,-0.5
106.0,0.07947061693444472,0.03945162026846938,0.49643027562014524,1.053087642831935,0.12322150927614671,-0.5000000000000001
106.5,0.07960954852748797,0.039708934624674126,0.4987961288458159,1.0581063754094258,0.12439878907578589,-0.49999999999999994
107.0,0.07974572238555229,0.03995891502326922,0.5010791027771624,1.0629492944538073,0.12554013361998304,-0.5
107.5,0.07987913826867826,0.04020172548789299,0.5032819126399697,1.067622159828774,0.126646341795273,-0.49999999999999994
108.0,0.08000980028162041,0.04043753053433925,0.5054072175159325,1.072130612298421,0.12771822775859853,-0.4999999999999999
108.5,0.0801377165457624,0.04066649467229791,0.5074576170270017,1.0764801664936767,0.1287566165393615,-0.4999999999999998
109.0,0.08026289888521423,0.040888781960554614,0.5094356487052701,1.0806762053329935,0.12976234008587967,-0.49999999999999994
109.5,0.08038536252898504,0.04110455561243151,0.5113437859735992,1.0847239757386038,0.130736233726907,-0.49999999999999994
110.0,0.08050512582940646,0.04131397764782049,0.5131844366701127,1.088628585506505,0.13167913302021045,-0.5
110.5,0.08062220999608083,0.04151720858799213,0.5149599420557975,1.092395001201258,0.13259187096105515,-0.49999999999999994
111.0,0.08073663884447287,0.04171440718946409,0.5166725762490645,1.096028046956511,0.1334752755239227,-0.5
111.5,0.08084843855839487,0.041905730213428916,0.5183245460351275,1.0995324040706327,0.13433016751126045,-0.4999999999999999
112.0,0.08095763746581386,0.042091332227494775,0.5199179910020073,1.1029126112952172,0.13515735868378165,-0.4999999999999999
112.5,0.08106426582763601,0.04227136543677368,0.5214549839586994,1.106173065722156,0.1359576501476837,-0.5
113.0,0.08116835563950286,0.04244597954170232,0.5229375315944529,1.1093180241821763,0.13673183097504968,-0.4999999999999999
113.5,0.08126994044697858,0.04261532162031971,0.5243675753413702,1.1123516050746924,0.1374806770346938,-0.5
114.0,0.08136905517418273,0.042779536032829885,0.52574699240705,1.1152777905583722,0.13820495001252936,-0.5
114.5,0.08146573596401671,0.0429387643457305,0.5270775969506553,1.1181004290459544,0.13890539660363868,-0.4999999999999999
115.0,0.08156002002500957,0.0430931452717418,0.5283611413843169,1.120823237964944,0.13958274786246902,-0.4999999999999999
115.5,0.08165194547954521,0.0432428146217064,0.5295993177840355,1.1234498067505825,0.1402377186986579,-0.5
116.0,0.08174155122446039,0.0433879052710542,0.5307937593686229,1.1259835999831618,0.1408710074923378,-0.5
116.5,0.08182887679506873,0.04352854713610941,0.5319460420448124,1.1284279606656935,0.1414832958235707,-0.5
117.0,0.08191396238152515,0.043664867217841165,0.5330576857516213,1.1307861130757375,0.1420752481694371,-0.4999999999999999
117.5,0.08199684854900807,0.04379698953576808,0.534130156350965,1.1330611667759942,0.14264751196175313,-0.5
118.0,0.08207757610771418,0.043925035124235824,0.5351648672786216,1.1352561201165359,0.1432007175846723,-0.4999999999999999
118.5,0.08215618620451878,0.0440491221221045,0.5361631808522497,1.1373738630095254,0.1437354782508011,-0.5
119.0,0.08223272020338869,0.04416936578299029,0.5371264099466108,1.1394171804829016,0.14425239013106725,-0.4999999999999999
119.5,0.0823072194474139,0.04428587843906722,0.5380558198465383,1.1413887566111238,0.14475203263536524,-0.5
120.0,0.08237972537848032,0.04439876961152706,0.5389526295158681,1.1432911772069745,0.14523496843103426,-0.4999999999999999
120.5,0.08245027940791722,0.04450814602324228,0.5398180132664102,1.1451269333619847,0.14570174372344705,-0.4999999999999998
121.0,0.08251892257768503,0.04461411152439357,0.5406531027158397,1.1468984255997516,0.14615288873813218,-0.5000000000000001
121.5,0.08258569605413126,0.04471676736164894,0.5414589874297249,1.1486079652378804,0.14658891753421152,-0.5000000000000002
122.0,0.08265064057675636,0.04481621201806089,0.5422367171666476,1.1502577791506048,0.14701032872183145,-0.4999999999999999
122.5,0.0827137968914785,0.04491254145926733,0.5429873025680726,1.1518500112322267,0.14741760537507584,-0.5000000000000001
123.0,0.08277520500100713,0.045005848889138646,0.5437117176404583,1.1533867276624603,0.14781121594976873,-0.4999999999999999
123.5,0.08283490481939546,0.045096225087907414,0.5444109000454639,1.1548699175220571,0.14819161404415604,-0.5
124.0,0.0828929357714569,0.045183758311177234,0.5450857529736047,1.1563014967674325,0.14855923904740082,-0.5
124.5,0.08294933716182815,0.045268534510210866,0.5457371458182388,1.1576833096604044,0.14891451616291884,-0.5
125.0,0.08300414720078576,0.04535063698545463,0.5463659168228321,1.1590171343838889,0.14925785753282694,-0.5
125.5,0.08305740417349762,0.04543014694365526,0.5469728725058246,1.1603046818218599,0.14958966162863652,-0.5
126.0,0.08310914566010312,0.04550714322913583,0.5475587899224635,1.161547600357421,0.14991031421067622,-0.49999999999999983
126.5,0.08315940871215685,0.04558170246049887,0.5481244175060542,1.16274747765737,0.1502201885331756,-0.4999999999999999
127.0,0.08320822978060521,0.045653899059367405,0.5486704762226386,1.163905843121638,0.15051964573918855,-0.5
127.5,0.0832556448515478,0.04572380536591183,0.5491976603801632,1.165024169599797,0.15080903508352253,-0.5000000000000001
128.0,0.08330168936058446,0.04579149166007675,0.5497066387436763,1.166103875756748,0.15108869433943534,-0.5
128.5,0.08334639795736895,0.04585702611648871,0.5501980558289301,1.167146328816869,0.15135895031896718,-0.49999999999999983
129.0,0.08338980495190176,0.045920475049419804,0.5506725321627288,1.1681528451162924,0.1516201188392558,-0.5
129.5,0.08343194378865476,0.045981902739508966,0.5511306659232081,1.1691246935824673,0.15187250546047945,-0.5000000000000001
130.0,0.08347284740051951,0.046041371639582246,0.5515730333082624,1.1700630965157077,0.15211640553643874,-0.5
130.5,0.08351254855989779,0.04609894257475863,0.5520001888302456,1.1709692302143524,0.1523521042343134,-0.5
131.0,0.08355107836004315,0.04615467413324724,0.5524126682644938,1.1718442312295196,0.1525798780295488,-0.5
131.5,0.08358846824847306,0.04620862359833936,0.5528109865703092,1.1726891919548543,0.15279999343641934,-0.5000000000000001
132.0,0.08362474866053983,0.04626084639676347,0.553195640498142,1.173505166157191,0.15301270833307473,-0.4999999999999999
132.5,0.08365994921509189,0.046311396233340185,0.5535671090867195,1.1742931700311268,0.15321827213131398,-0.5
133.0,0.08369409975295723,0.04636032558338702,0.553925852840647,1.1750541804544503,0.1534169252226191,-0.5000000000000002
133.5,0.08372722805070228,0.04640768473729144,0.5542723175928931,1.1757891431817054,0.15360890102489844,-0.4999999999999999
134.0,0.0837593628280944,0.04645352315939082,0.5546069309855048,1.1764989653786668,0.15379442394858026,-0.5
134.5,0.08379053074116488,0.04649788820384981,0.5549301071678996,1.1771845255889173,0.15397371192068823,-0.4999999999999999
135.0,0.08382075917383097,0.046540826389023154,0.5552422436607244,1.1778466670810923,0.15414697457269755,-0.49999999999999983
135.5,0.08385007367549085,0.04658238229283972,0.5555437252579973,1.178486206126568,0.1543144153367666,-0.4999999999999999
136.0,0.08387850039329993,0.046622599680561115,0.555834921487047,1.1791039266111842,0.15447622997225585,-0.4999999999999999
136.5,0.08390606364366796,0.04666152044215499,0.5561161901280104,1.1797005875012203,0.1546326084612467,-0.5
137.0,0.08393278847934016,0.04669918579405909,0.5563878746332129,1.1802769173690795,0.15478373351943192,-0.5
137.5,0.08395869784470701,0.04673563500935948,0.5566503079383552,1.180833622478033,0.1549297826639328,-0.49999999999999983
138.0,0.08398381594031551,0.04677090699940837,0.5569038090939674,1.1813713796364573,0.1550709262916851,-0.5000000000000001
138.5,0.08400816404643108,0.04680503840885506,0.5571486883463618,1.1818908469761598,0.15520733046303567,-0.5
139.0,0.08403176594398985,0.04683806617069957,0.5573852416944183,1.1823926524055806,0.15533915382937252,-0.4999999999999999
139.5,0.08405464081376263,0.046870024210421024,0.557613758819927,1.1828774104325854,0.1554665520126438,-0.49999999999999983
140.0,0.08407681283371875,0.0469009479843895,0.5578345135078672,1.1833457018428093,0.15558967223027942,-0.5
140.5,0.08409830006871911,0.04693086929190552,0.5580477756810419,1.1837980992289714,0.15570865997127928,-0.5000000000000001
141.0,0.08411912288079189,0.04695982019580522,0.5582538023173828,1.1842351477235686,0.15582365390090774,-0.5
141.5,0.08413930233024661,0.046987832491149295,0.5584528417733028,1.1846573741700896,0.15593478824233878,-0.5
142.0,0.08415885074994232,0.04701493270433443,0.5586451369687537,1.185065293879542,0.15604219452941875,-0.49999999999999983
142.5,0.08417779788639429,0.047041155730359524,0.558830913988103,1.1854593864492566,0.1561459952143893,-0.5
143.0,0.08419615622424345,0.0470665269687272,0.5590103999922844,1.1858401337602977,0.15624631364976688,-0.4999999999999999
143.5,0.08421393241693238,0.047091067761473954,0.5591838121076227,1.1862079964070964,0.1563432678616065,-0.49999999999999983
144.0,0.0842311640299332,0.047114815641317226,0.5593513539071364,1.1865634062331645,0.1564369685588733,-0.5
144.5,0.08424785451927831,0.04713778914057823,0.5595132292632065,1.1869067957170347,0.1565275268602708,-0.5000000000000002
145.0,0.08426401982282865,0.047160012943186135,0.5596696317401373,1.1872385754704833,0.15661504834607043,-0.5
145.5,0.08427968093351083,0.047181513981331434,0.5598207475245837,1.1875591404548962,0.15669963467949183,-0.5
146.0,0.08429484846776573,0.04720231301267359,0.5599667580009199,1.1878688754444404,0.15678138503303035,-0.4999999999999999
146.5,0.08430954000110737,0.047222434026837526,0.5601078362687933,1.1881681476386714,0.1568603941248547,-0.5
147.0,0.08432377022514964,0.047241899088043146,0.5602441513455148,1.1884573155771334,0.156936754558428,-0.5
147.5,0.08433754843887409,0.04726072676418835,0.5603758662541849,1.1887367250836431,0.157010555740064,-0.49999999999999983
148.0,0.08435089558778781,0.047278941470703044,0.5605031356365114,1.1890067042022916,0.15708188252918076,-0.5
148.5,0.08436382138226989,0.04729656120626185,0.5606261123705073,1.1892675772356673,0.15715081893583438,-0.5000000000000001
149.0,0.08437633241747063,0.04731360171425731,0.560744943026947,1.18951965510651,0.15721744556514697,-0.49999999999999983
149.5,0.08438845379488707,0.04733008849244041,0.5608597665206664,1.1897632324966336,0.1572818388508082,-0.5
150.0,0.08440019003581656,0.047346035418662384,0.5609707205466047,1.1899986014997788,0.15734407465528846,-0.5000000000000001
150.5,0.08441154836777733,0.04736145743068113,0.5610779371600837,1.190226042245885,0.15740422578390742,-0.5
151.0,0.08442255196356559,0.047376377814127464,0.5611815410954858,1.1904458193343697,0.15746236103315217,-0.4999999999999999
151.5,0.08443320526148979,0.04739080931542672,0.5612816565314238,1.1906581961851,0.15751854897932957,-0.4999999999999999
152.0,0.08444351250872545,0.047404764110794896,0.561378401992653,1.1908634242235525,0.15757285511191244,-0.5000000000000002
152.5,0.08445349890640437,0.04741826567827283,0.5614718903573687,1.191061742896081,0.1576253418307385,-0.5
153.0,0.08446316542818894,0.047431323781963616,0.5615622329746806,1.191253388404157,0.15767607075175466,-0.4999999999999999
153.5,0.08447251817542473,0.047443950711717135,0.5616495368729262,1.1914385877819704,0.15772510113478622,-0.4999999999999999
154.0,0.08448157775080184,0.04745616643678821,0.5617339034170415,1.1916175560478481,0.15777248912407307,-0.5
154.5,0.08449034721945907,0.04746798102317036,0.5618154331864073,1.191790506551224,0.1578182904832152,-0.4999999999999999
155.0,0.08449882967704464,0.047479404164167904,0.561894222034017,1.1919576426121863,0.15786255837760657,-0.5
155.5,0.08450704707983052,0.047490455848969534,0.5619703621179326,1.1921191597086196,0.15790534394948016,-0.5
156.0,0.0845149995803912,0.04750114364075286,0.5620439434016617,1.192275248657963,0.15794669715724516,-0.4999999999999999
156.5,0.08452269336311255,0.04751147823502712,0.5621150527103542,1.192426093613663,0.15798666624178218,-0.5000000000000001
157.0,0.08453014372416434,0.047521475096795454,0.5621837725943751,1.1925718696526235,0.158025297084222,-0.49999999999999983
157.5,0.08453735449535713,0.047531143169594475,0.5622501845879851,1.1927127496857546,0.15806263503461168,-0.5
158.0,0.08454432984745071,0.047540491260359835,0.5623143662755443,1.1928488982315264,0.1580987232599336,-0.5000000000000002
158.5,0.08455108331513363,0.047549533256477663,0.5623763929700812,1.1929804749730095,0.1581336036850196,-0.5
159.0,0.0845576189631088,0.04755827752231254,0.5624363375589075,1.1931076344258789,0.15816731690333868,-0.5
159.5,0.08456394348618598,0.04756673368722755,0.5624942703269019,1.1932305255575184,0.1581999020752969,-0.5
160.0,0.08457006336964328,0.047574911065122176,0.5625502591523345,1.193349292194911,0.15823139703617933,-0.5
160.5,0.08457598687110107,0.04758281978021526,0.5626043696390367,1.193464073295398,0.1582618383684689,-0.5
161.0,0.0845817227703966,0.04759047012708157,0.5626566658646744,1.1935750045218145,0.15829126182097594,-0.5
161.5,0.0845872576075356,0.047597859415421315,0.562707206282344,1.193682209533608,0.15831970000104034,-0.5000000000000002
162.0,0.08459263091267524,0.04760501525190297,0.5627560549694395,1.1937858238274062,0.1583471887023834,-0.5
162.5,0.08459782384020073,0.04761193150351375,0.5628032654060854,1.1938859603039396,0.15837375777587623,-0.49999999999999983
163.0,0.08460284950689222,0.047618620465383836,0.5628488962597479,1.193982742718235,0.15839944001040815,-0.49999999999999983
163.5,0.08460771141796077,0.047625088294498685,0.5628929975334221,1.1940762762543469,0.1584242633360806,-0.5
164.0,0.08461241614387473,0.04763134327272853,0.562935623912882,1.1941666757896336,0.15844825833509282,-0.4999999999999999
164.5,0.08461696816221102,0.04763739209907291,0.562976825259821,1.1942540456601183,0.15847145288981349,-0.5
165.0,0.08462137284856948,0.04764324189953977,0.563016650471952,1.1943384877656078,0.15849387435432807,-0.4999999999999999
165.5,0.08462563463303714,0.04764889917124895,0.5630551472715009,1.1944201010152362,0.15851554943446572,-0.4999999999999999
166.0,0.08462975828945514,0.04765437049058687,0.5630923619986825,1.1944989807530912,0.15853650407062767,-0.5
166.5,0.08463374833551539,0.0476596622067966,0.5631283399839314,1.1945752193760046,0.15855676364652913,-0.5
167.0,0.08463760905325203,0.04766478046176587,0.5631631256475628,1.1946489063258579,0.1585763530445663,-0.5
167.5,0.08464134497606368,0.04766973146773599,0.5631967625421931,1.1947201278993436,0.15859529666900374,-0.5000000000000001
168.0,0.08464496014921201,0.047674521136739666,0.563229293896519,1.1947889680486874,0.15861361875158567,-0.4999999999999999
168.5,0.08464845878682957,0.047679155450047875,0.563260762610202,1.1948555079171705,0.15863134334811316,-0.5
169.0,0.08465184497539728,0.04768364033470727,0.563291211769404,1.1949198263594731,0.15864849462832176,-0.4999999999999999
169.5,0.08465512268235309,0.047687981699356306,0.5633206850138696,1.194981999989723,0.15866509708224766,-0.5000000000000001
170.0,0.08465829609235247,0.047692185666025934,0.563349227038532,1.1950421033129197,0.15868117580245572,-0.5
170.5,0.0846613691415999,0.047696258370203685,0.5633768843311473,1.1951002091111145,0.15869675689933546,-0.5
171.0,0.08466434606254264,0.04770020633209576,0.5634037059337706,1.1951563885478085,0.15871186792995343,-0.5000000000000002
171.5,0.08466723104341083,0.047704036356144355,0.5634297445216486,1.1952107115464694,0.15872653850586513,-0.5
172.0,0.084670028479697,0.047707755781037316,0.5634550576828629,1.1952632470654037,0.15874080101419913,-0.4999999999999999
172.5,0.08467274311318633,0.04771137270389455,0.5634797096406379,1.195314063649876,0.15875469158834876,-0.4999999999999999
173.0,0.08467537984967452,0.04771489604502502,0.5635037732305895,1.1953632296872305,0.1587682512225558,-0.4999999999999999
173.5,0.08467794437581319,0.04771833614096242,0.563527332798508,1.1954108145251203,0.15878152740550014,-0.4999999999999999
174.0,0.08468044266198092,0.04772170472202477,0.5635504872419667,1.1954568885538057,0.15879457583532905,-0.5000000000000001
174.5,0.08468288183822212,0.04772501580131842,0.5635733546774202,1.195501524966743,0.15880746305118063,-0.5
175.0,0.08468526984502907,0.04772828590714861,0.5635960775054459,1.1955448001868534,0.15882026928976226,-0.49999999999999983
175.5,0.08468761631455683,0.047731535199626314,0.5636188297275503,1.195586796224497,0.15883309261172662,-0.4999999999999999
176.0,0.08468993244553685,0.04773478811092418,0.5636418253329212,1.1956276017571132,0.1588460536323136,-0.5
176.5,0.08469223202286795,0.04773807490160803,0.5636653298819443,1.1956673154088162,0.15885930205546053,-0.5
177.0,0.08469453162171663,0.047741432947766727,0.5636896743345976,1.1957060480297264,0.15887302447572235,-0.5
177.5,0.08469685193169035,0.04774490905532908,0.5637152735480212,1.1957439274900814,0.1588874548156602,-0.5
178.0,0.08469921825577469,0.04774856164637035,0.5637426487477045,1.1957811025693421,0.15890288700853888,-0.5
178.5,0.08470166259490029,0.04775246446755247,0.56377245740661,1.1958177506193317,0.15891969186514393,-0.5
179.0,0.08470422444608476,0.04775671011907976,0.5638055295515688,1.1958540837709548,0.15893833757646245,-0.4999999999999999
179.5,0.08470695428901982,0.047761416127222726,0.5638429161820757,1.195890361543874,0.1589594170643536,-0.4999999999999999
180.0,0.084709914599829,0.0477667304725259,0.5638859476860141,1.1959269003018016,0.1589836809988771,-0.5
180.5,0.08471318594335783,0.047772841700667916,0.563936312495796,1.1959640945015737,0.15901208227567803,-0.5
181.0,0.08471686808588956,0.047779987519671,0.5639961509345414,1.1960024309125812,0.15904582913448895,-0.4999999999999999
181.5,0.0847210902743496,0.047788471417877995,0.5640681825874303,1.1960425237824324,0.1590864573037433,-0.5
182.0,0.0847260129190289,0.04779867647366092,0.5641558575326947,1.1960851375153787,0.15913591579422506,-0.5
182.5,0.08473184388727166,0.047811091991272606,0.5642635613463234,1.1961312428918942,0.15919668333161802,-0.5
183.0,0.084738843354701,0.047826337134236986,0.564396860292804,1.1961820574640132,0.15927190795418744,-0.4999999999999999
183.5,0.0847473429681071,0.04784519931533023,0.5645628245045485,1.1962391230333616,0.15936559140627685,-0.5
184.0,0.08475776798730583,0.04786868139358236,0.5647704337937692,1.1963043971904244,0.1594828214438011,-0.4999999999999999
184.5,0.08477064893524891,0.047898051099494604,0.5650310773966233,1.196380341951378,0.15963005921199444,-0.5
185.0,0.08478667908530874,0.04793493080304625,0.5653592205777533,1.1964701115709129,0.15981552414614236,-0.4999999999999999
185.5,0.08480671134786746,0.04798136257668599,0.5657731777839128,1.1965776531097936,0.1600496443498535,-0.5
186.0,0.08483188388389228,0.04803997300672345,0.5662961943940183,1.1967080653471487,0.1603456898925739,-0.4999999999999999
186.5,0.08486350570421898,0.04811400693798145,0.5669575695550069,1.196867578976889,0.1607204428378602,-0.49999999999999994
187.0,0.08490353433249578,0.04820776507706576,0.5677945618644857,1.1970645787365823,0.1611953322414417,-0.5000000000000001
187.5,0.08495411353798216,0.048326476867553356,0.5688538771691974,1.1973091011954156,0.1617973667852142,-0.5
188.0,0.08501819172988256,0.048476902568186014,0.5701944675817793,1.197614226585969,0.16256086543043438,-0.5
188.5,0.08509945305229727,0.04866754556982072,0.5718902275425016,1.1979963634244937,0.1635292161793071,-0.49999999999999983
189.0,0.08520261022485494,0.048909155154298015,0.5740335304895442,1.198476265863172,0.16475724706314523,-0.5
189.5,0.08533365870404014,0.04921527145753618,0.576739263321966,1.199080062021028,0.16631408892858202,-0.5
190.0,0.08550024468599433,0.049602921068158744,0.5801494633182509,1.1998405900047358,0.16828669989422726,-0.49999999999999994
190.5,0.08571212307474996,0.05009345518592483,0.5844383896807467,1.2007989794924931,0.17078411566631213,-0.49999999999999994
191.0,0.0859817438233478,0.05071355986884676,0.5898177637922692,1.2020065165659326,0.17394249724245656,-0.5
191.5,0.08632501249484559,0.051496468525129305,0.5965416863183672,1.2035268000959967,0.1779309917577806,-0.49999999999999994
192.0,0.08676227014056383,0.05248340097277648,0.6049104165641119,1.205438129248353,0.18295830603388366,-0.49999999999999983
192.5,0.08731956366751094,0.053725266985847966,0.6152718214490754,1.2078360007420867,0.18927970713463155,-0.5000000000000001
193.0,0.08803029911614185,0.05528468894024706,0.6280188695861159,1.2108354661810357,0.19720385027811146,-0.5000000000000001
193.5,0.08893740263365976,0.05723843625658788,0.643581154403143,1.2145729115134247,0.20709835115144104,-0.4999999999999999
194.0,0.09009615969494088,0.05968043607062232,0.6624082122112195,1.219206555476261,0.21939231980243193,-0.4999999999999999
194.5,0.09157796713308242,0.06272564481707633,0.6849425334581027,1.2892562500766958,0.23457313707000205,-0.4999999999999999
195.0,0.09347531026435411,0.06651523752341809,0.7115808156753776,1.3714299880331013,0.25317362861861775,-0.4999999999999999
195.5,0.0959084075928426,0.07122382523684323,0.7426233739507785,1.461274636839849,0.27574473776901876,-0.49999999999999983
196.0,0.09903410090051173,0.07706969546915655,0.7782137139466706,1.5586464199603993,0.30280829228733525,-0.5
196.5,0.10305776050117552,0.08432940288470743,0.8182731943194664,1.663029496670038,0.3347855102708916,-0.4999999999999999
197.0,0.10824918521885431,0.09335836213825627,0.8624393980380332,1.7734369865048754,0.37190085764410247,-0.5
197.5,0.114963643201899,0.10461932911539136,0.9100209962175523,1.888332888968147,0.41406910677839304,-0.49999999999999983
198.0,0.1236692503297801,0.11872070223687069,0.959985622297269,2.005606384750001,0.46078619750873745,-0.5
198.5,0.13498158720178477,0.13646615505606338,1.0109982989906565,2.1226353259980977,0.5110587802810004,-0.49999999999999994
199.0,0.14970557748026925,0.15891589870861367,1.0615228997033082,2.236468408851168,0.56341543329726,-0.5000000000000001
199.5,0.16888293198877596,0.18745750674452516,1.1099849140289895,2.344128339531735,0.6160332546859716,-0.5
200.0,0.19384123058724212,0.22388107976485708,1.1549714118436476,2.442992607991047,0.6669794810880542,-0.4999999999999999
200.5,0.22623951402087636,0.27045158151778986,1.1954215102001757,2.531160453983573,0.7145162935246344,-0.5
201.0,0.26810861664035707,0.32997506605053606,1.2307514401641448,2.607692914934736,0.7573745537330581,-0.4999999999999999
201.5,0.321896078631185,0.4058701435266921,1.260873214897784,2.6726408896499967,0.7949006320233366,-0.5
202.0,0.3905415770793218,0.5022766538294903,1.286102897381075,2.7268510227691367,0.8270303313259978,-0.4999999999999998
202.5,0.4776055350856979,0.6242290390928185,1.3069970786264267,2.7716273096644937,0.8541206817690069,-0.5
203.0,0.5874060131901321,0.7778325998032032,1.324182222069684,2.808381103118979,0.8767292786227029,-0.5
203.5,0.7249635107995114,0.9701718494818502,1.3382354215482042,2.8383901497582316,0.8954370217431497,-0.4999999999999999
204.0,0.8953934626105059,1.2084583402500115,1.349639449819937,2.862713070229167,0.9107633222551311,-0.49999999999999994
204.5,1.1024586007903328,1.4980148422402653,1.3587946442309629,2.8822215589382716,0.9231614425953745,-0.5
205.0,1.3465484787331126,1.839456094403383,1.3660526326790834,2.8976763875381093,0.9330498976247273,-0.5
205.5,1.6232209951129064,2.2266428536814185,1.3717435028164726,2.909787727357043,0.9408401187596029,-0.49999999999999994
206.0,1.9236528436403428,2.647297159425478,1.3761823855991098,2.9192307316675805,0.9469389792166282,-0.4999999999999999
206.5,2.2370764158874445,3.086398210227813,1.3796570328615456,2.9266202076452377,0.951726764162162,-0.5
207.0,2.5536479225574547,3.530190305484459,1.382410736539204,2.932475090731793,0.955529722249432,-0.4999999999999999
207.5,2.866125806247387,3.9685354980739964,1.3846340901797303,2.9372014861963485,0.9586057818439248,-0.5
208.0,3.1700318102116714,4.395147643396839,1.3864679935509427,2.9410994147880514,0.9611467485705885,-0.5
208.5,3.4629737362092134,4.806652533185952,1.3880129909525716,2.9443828741493885,0.963290031526552,-0.5000000000000001
209.0,3.743860743846502,5.201494729966859,1.3893397980991036,2.9472023308521877,0.9651325372910289,-0.49999999999999994
209.5,4.012335131493275,5.579144959337386,1.3904982451605405,2.9496637904137337,0.9667426848972711,-0.4999999999999999
210.0,4.268436162107136,5.939630874989263,1.3915238858948127,2.9518428767880507,0.9681693625079001,-0.5000000000000001
210.5,4.512416819724773,6.2832811565245015,1.3924425441060515,2.9537945123499583,0.9694481193182668,-0.5000000000000001
211.0,4.744644938420227,6.610587338941442,1.3932733481090573,2.955559376386801,0.9706053112755109,-0.49999999999999983
211.5,4.965548477763054,6.922127248321768,1.3940307459127133,2.957168193137642,0.9716608602749781,-0.5000000000000001
212.0,5.175584156845933,7.21852103845422,1.3947258550333916,2.9586446035041516,0.9726301053493126,-0.49999999999999994
212.5,5.3752189133090775,7.500405132507486,1.395367380096173,2.9600071169682995,0.9735250627182289,-0.5
213.0,5.564918700186031,7.768416414619096,1.3959622472758502,2.961270461026836,0.9743552979097208,-0.4999999999999999
213.5,5.745141640336862,8.023182513351541,1.396516050539201,2.9624465302516563,0.9751285397068036,-0.4999999999999998
214.0,5.9163338515561685,8.265315823016401,1.3970333707321776,2.9635450648725574,0.9758511194696546,-0.49999999999999983
214.5,6.078926951771752,8.49540988024439,1.3975180073135003,2.964574143564326,0.9765282903827486,-0.5000000000000001
215.0,6.2333366435108495,8.714037256966547,1.3979731491059777,2.965540546538981,0.977164462810642,-0.49999999999999994
215.5,6.379962002988394,8.921748446563665,1.3984015018247271,2.966450026719003,0.9777633801528262,-0.5
216.0,6.51918523433593,9.119071408550093,1.3988053845319213,2.967307514832861,0.978328251897748,-0.49999999999999994
216.5,6.6513717326411275,9.306511553183796,1.3991868034548063,2.9681172763757635,0.9788618554810395,-0.5000000000000001
217.0,6.776870351884562,9.484552020528652,1.3995475091081118,2.9688830330700977,0.9793666151253599,-0.49999999999999994
217.5,6.896013807568191,9.653654155520908,1.3998890409596165,2.969608057839261,0.9798446634994172,-0.4999999999999999
218.0,7.009119166004715,9.814258111526769,1.400212762700255,2.9702952498045763,0.9802978904143405,-0.5000000000000001
218.5,7.116488387152597,9.96678353568806,1.4005198903550669,2.9709471940603542,0.980727981640084,-0.4999999999999999
219.0,7.218408897689851,10.11163030304379,1.4008115148865943,2.971566209738808,0.9811364501194378,-0.5000000000000001
219.5,7.315154178350115,10.249179276651573,1.401088620522173,2.9721543889830655,0.981524661278363,-0.5
220.0,7.406984353974341,10.379793077130413,1.401352099732864,2.9727136288008498,0.9818938537128532,-0.49999999999999994
220.5,7.4941467784568845,10.50381685026238,1.4016027655686263,2.9732456572968258,0.982245156224811,-0.5000000000000001
221.0,7.576876608919321,10.621579024319495,1.4018413618899406,2.9737520554322034,0.9825796019527215,-0.49999999999999994
221.5,7.655397365555526,10.73339205175029,1.40206857191291,2.9742342751981994,0.9828981401729534,-0.5
222.0,7.729921474340667,10.839553130931659,1.4022850253929948,2.9746936548946956,0.983201646220716,-0.5
222.5,7.800650791227525,10.940344905712887,1.4024913047019367,2.975131432055286,0.9834909298822704,-0.5
223.0,7.86777710679463,11.036036140980753,1.4026879499992453,2.9755487544468857,0.9837667425365422,-0.4999999999999998
223.5,7.931482630757595,11.126882373122827,1.4028754636584275,2.975946689484467,0.9840297832674235,-0.4999999999999998
224.0,7.991940456546424,11.213126535394135,1.4030543140757694,2.9763262323326467,0.9842807041233137,-0.4999999999999999
224.5,8.049315005722388,11.2949995576166,1.4032249389652167,2.976688312914344,0.9845201146669683,-0.5000000000000001
225.0,8.103762452568828,11.3727209404441,1.4033877482229304,2.9770338020041778,0.9847485859311138,-0.5000000000000001
225.5,8.15543113089876,11.446499306831821,1.4035431264282374,2.9773635165484986,0.9849666538719756,-0.5
226.0,8.204461918239778,11.516532923757751,1.403691435041551,2.977678224340857,0.9851748224045048,-0.5000000000000002
226.5,8.250988608677144,11.583010209770148,1.4038330143358684,2.9779786481307573,0.9853735660696652,-0.5
227.0,8.295138260049931,11.64611020822283,1.4039681851128938,2.9782654692742643,0.9855633324045964,-0.5
227.5,8.33703153266656,11.706003050025434,1.4040972502213056,2.978539330963718,0.9857445440395158,-0.5
228.0,8.376783004467214,11.76285038472137,1.404220495916919,2.978800841121075,0.9859176005765791,-0.5
228.5,8.414501477010308,11.816805799856407,1.4043381930755743,2.9790505749779754,0.9860828802653847,-0.5000000000000001
229.0,8.450290262089569,11.868015214285386,1.4044505982863942,2.979289077401239,0.9862407415135053,-0.5
229.5,8.484247456975854,11.916617256486633,1.4045579548353038,2.9795168649849306,0.9863915242455656,-0.5
230.0,8.516466205556135,11.962743623982114,1.4046604935950582,2.9797344279434794,0.9865355511333559,-0.49999999999999983
230.5,8.547034945347484,12.006519423747998,1.4047584338336723,2.979942231831194,0.9866731287134156,-0.49999999999999983
231.0,8.576037645300273,12.048063500412114,1.4048519839479174,2.9801407191023372,0.9868045484011995,-0.49999999999999983
231.5,8.603554027663469,12.087488742763176,1.4049413421357762,2.980330310541312,0.986930087421138,-0.5
232.0,8.629659782819703,12.124902380966429,1.4050266970089835,2.9805114065653724,0.9870500096539868,-0.4999999999999999
232.5,8.6544267712537,12.160406266268014,1.405108228156679,2.9806843884232954,0.9871645664168013,-0.5000000000000002
233.0,8.677923215758055,12.194097137477904,1.4051861066637354,2.980849619297619,0.9872739971803934,-0.5
233.5,8.700213884811031,12.226066875493329,1.4052604955882506,2.9810074453199915,0.9873785302304678,-0.5
234.0,8.72136026596984,12.25640274420296,1.4053315504035095,2.981158196510893,0.9874783832797657,-0.4999999999999999
234.5,8.741420731124073,12.285187620314929,1.4053994194070965,2.981302187649491,0.9875737640349017,-0.4999999999999999
235.0,8.760450692983605,12.312500211198968,1.405464244101078,2.981439719081923,0.9876648707233073,-0.5
235.5,8.778502755200188,12.338415264069505,1.4055261595447475,2.9815710774711905,0.9877518925823034,-0.5
236.0,8.79562685240983,12.363003761285205,1.405585294685163,2.981696536499817,0.9878350103175885,-0.5000000000000001
236.5,8.811870385828223,12.386333109622408,1.405641772664161,2.9818163575224457,0.9879143965292224,-0.5
237.0,8.827278350599713,12.4084673181818,1.4056957111065596,2.9819307901784233,0.9879902161116882,-0.5000000000000001
237.5,8.841893457101074,12.429467167988745,1.4057472223900673,2.9820400729654453,0.9880626266286946,-0.49999999999999994
238.0,8.855756246439922,12.449390373604173,1.4057964138984649,2.982144433777631,0.988131778664892,-0.5
238.5,8.868905199868749,12.468291736338854,1.4058433882598467,2.9822440904118115,0.9881978161569632,-0.5000000000000001
239.0,8.881376842703922,12.486223289880613,1.4058882435709372,2.982339251044195,0.9882608767054877,-0.5000000000000001
239.5,8.893205843132769,12.50323443885726,1.4059310736085249,2.9824301146796137,0.9883210918690096,-0.49999999999999994
240.0,8.904425106079495,12.519372090562024,1.4059719680290672,2.9825168715756356,0.9883785874417642,-0.5
240.5,8.91506586232935,12.534680780109449,1.4060110125573833,2.982599703643442,0.9884334837163191,-0.5
241.0,8.925157753139565,12.54920278933179,1.406048289165243,2.9826787848272445,0.9884858957322534,-0.5
241.5,8.93472891058485,12.562978259753866,1.4060838762405738,2.9827542814637016,0.9885359335118586,-0.5
242.0,8.943806033965013,12.576045300096922,1.4061178487478498,2.9828263526226477,0.9885837022836406,-0.5
242.5,8.952414462448022,12.588440088547204,1.4061502783803104,2.982895150430387,0.9886293026945119,-0.49999999999999983
243.0,8.960578243687884,12.600196969417373,1.406181233704795,2.9829608203773255,0.9886728310117698,-0.5000000000000001
243.5,8.968320199496368,12.611348545706534,1.406210780299163,2.9830235016098285,0.9887143793147907,-0.5000000000000001
244.0,8.975661987150481,12.621925765566976,1.4062389808836908,2.983083327209257,0.9887540356784007,-0.5
244.5,8.982624159968992,12.631958007762938,1.4062658954448055,2.983140424454748,0.9887918843455905,-0.5000000000000001
245.0,8.989226221689039,12.64147315845566,1.4062915813548609,2.9831949150775388,0.9888280058947775,-0.49999999999999994
245.5,8.995486680533737,12.65049768756366,1.4063160934849004,2.983246915500426,0.9888624773973156,-0.5
246.0,9.001423099453326,12.659056719767381,1.406339484312896,2.9832965370675755,0.9888953725687312,-0.5
246.5,9.007052144187092,12.667174102462877,1.406361804026851,2.9833438862634383,0.9889267619128296,-0.5
247.0,9.012389628713638,12.674872470056243,1.406383100623376,2.9833890649220356,0.9889567128595101,-0.49999999999999983
247.5,9.017450558727559,12.682173305490538,1.4064034200016844,2.9834321704265183,0.988985289896217,-0.49999999999999994
248.0,9.022249172276396,12.68909699778954,1.4064228060537995,2.98347329590067,0.9890125546941216,-0.49999999999999994
248.5,9.026798979115256,12.69566289779892,1.4064413007503642,2.983512530391067,0.9890385662281881,-0.49999999999999994
249.0,9.03111279770038,12.701889370611816,1.4064589442229243,2.983549959041754,0.989063380892331,-0.49999999999999983
249.5,9.035202790177026,12.707793845175395,1.4064757748427263,2.983585663261511,0.9890870526097233,-0.4999999999999998
250.0,9.039080495890712,12.713392861818782,1.4064918292959625,2.9836197208835618,0.9891096329381515,-0.5
250.5,9.042756863019177,12.718702117137019,1.4065071426558875,2.9836522063186632,0.9891311711710146,-0.5
251.0,9.046242278668252,12.723736506711367,1.4065217484518333,2.983683190701581,0.9891517144340011,-0.5
251.5,9.04954659747839,12.728510165730722,1.40653567873527,2.9837127420313014,0.9891713077776434,-0.5
252.0,9.052679168712977,12.733036507473164,1.4065489641431117,2.9837409253054004,0.9891899942660305,-0.5000000000000001
252.5,9.05564886199901,12.737328259886255,1.4065616339583338,2.983767802648681,0.9892078150617689,-0.5
253.0,9.05846409185816,12.74139750045926,1.4065737161679936,2.983793433436328,0.98922480950732,-0.5000000000000001
253.5,9.061132840778912,12.74525568903756,1.4065852375189274,2.983817874412098,0.9892410152030884,-0.49999999999999983
254.0,9.063662681327635,12.748913699276834,1.4065962235709977,2.9838411798013222,0.9892564680820962,-0.5000000000000001
254.5,9.066060797073673,12.75238184842179,1.4066066987481465,2.983863401419256,0.9892712024815793,-0.49999999999999994
255.0,9.068334002473952,12.75566992561321,1.406616686387302,2.9838845887748633,0.9892852512115969,-0.5000000000000001
255.5,9.070488761631355,12.758787218603251,1.4066262087853074,2.9839047891703934,0.9892986456208639,-0.5000000000000001
256.0,9.072531206265552,12.761742539353575,1.406635287243788,2.983924047796604,0.9893114156597069,-0.5
256.5,9.074467152605584,12.764544248109209,1.4066439421122463,2.983942407824201,0.9893235899405403,-0.5
257.0,9.076302117658031,12.767200276584129,1.4066521928292164,2.98395991049117,0.9893351957956215,-0.5
257.5,9.078041334463272,12.769718149715791,1.4066600579618076,2.9839765951866846,0.9893462593325579,-0.5
258.0,9.079689766454557,12.772105006149458,1.4066675552436543,2.9839924995316296,0.9893568054875795,-0.5
258.5,9.081252121465026,12.774367618216731,1.406674701611072,2.984007659455326,0.9893668580762993,-0.49999999999999994
259.0,9.08273286471259,12.776512410469186,1.406681513237864,2.9840221092693735,0.9893764398425835,-0.49999999999999994
259.5,9.084136231470751,12.77854547775998,1.4066880055684823,2.9840358817380292,0.9893855725051173,-0.5
260.0,9.085466238084727,12.780472600994386,1.4066941933503447,2.984049008146762,0.9893942768027886,-0.5
260.5,9.086726694129608,12.782299264469799,1.406700090663856,2.984061518365959,0.9894025725368506,-0.5000000000000001
261.0,9.087921212647192,12.784030670511587,1.4067057109518852,2.984073440913462,0.9894104786123247,-0.5000000000000001
261.5,9.089053220057913,12.78567175364266,1.4067110670478826,2.984084803014237,0.9894180130774961,-0.49999999999999994
262.0,9.090125965729435,12.78722719426138,1.4067161712027247,2.9840956306573143,0.9894251931616267,-0.49999999999999994
262.5,9.091142531186263,12.788701431806023,1.4067210351103452,2.9841059486501877,0.9894320353109604,-0.49999999999999994
263.0,9.09210583918122,12.790098677715788,1.406725669932103,2.9841157806704914,0.9894385552229615,-0.49999999999999983
263.5,9.093018661010156,12.79142292591964,1.4067300863208196,2.984125149317024,0.9894447678800901,-0.49999999999999983
264.0,9.093883624581585,12.792677964374102,1.406734294443173,2.984134076157247,0.989450687581266,-0.5
264.5,9.094703222075664,12.79386738601639,1.4067383040011363,2.984142581772764,0.9894563279719967,-0.5
265.0,9.095479816585993,12.794994598283006,1.4067421242528395,2.9841506858036015,0.9894617020736959,-0.5000000000000001
265.5,9.096215649367503,12.796062833469543,1.4067457640320242,2.984158406989457,0.9894668223110218,-0.5
266.0,9.096912844925406,12.797075156055978,1.4067492317676387,2.984165763211291,0.989471700539421,-0.5000000000000001
266.5,9.09757341794975,12.798034472611246,1.4067525355014325,2.984172771528651,0.9894763480698543,-0.49999999999999983
267.0,9.098199279028412,12.798943539977891,1.4067556829052748,2.9841794482164055,0.9894807756931432,-0.5000000000000001
267.5,9.098792239560785,12.799804972328944,1.4067586812979933,2.984185808800478,0.9894849937036345,-0.5
268.0,9.099354017081168,12.800621248792076,1.406761537661129,2.984191868091266,0.9894890119213522,-0.5
268.5,9.099886239728315,12.80139471987003,1.4067642586543176,2.9841976402162715,0.989492839713616,-0.5
269.0,9.100390451441724,12.80212761487331,1.4067668506294848,2.9842031386502232,0.9894964860149996,-0.5
269.5,9.10086811628764,12.802822048126552,1.4067693196447493,2.984208376244562,0.9894999593468751,-0.49999999999999983
270.0,9.101320621950272,12.803480023998684,1.406771671478056,2.9842133652563714,0.9895032678365818,-0.5
270.5,9.101749284004818,12.804103443023154,1.4067739116396842,2.984218117374912,0.9895064192350093,-0.5000000000000001
271.0,9.102155349855122,12.804694107542499,1.4067760453842737,2.984222643747131,0.989509420933508,-0.5
271.5,9.102540001949667,12.805253726335826,1.4067780777226002,2.9842269550026495,0.9895122799804471,-0.5
272.0,9.10290436170248,12.805783920229365,1.4067800134323667,2.9842310612766445,0.9895150030963848,-0.49999999999999994
272.5,9.103249491537651,12.806286225071615,1.4067818570694226,2.9842349722336654,0.9895175966898466,-0.49999999999999994
273.0,9.103576398815493,12.80676209734151,1.406783612977407,2.984238697088077,0.9895200668708833,-0.5
273.5,9.103886038742644,12.80721291832768,1.4067852852974103,2.98424224462457,0.989522419464658,-0.5
274.0,9.104179316654081,12.807639997422804,1.4067868779774648,2.984245623218277,0.9895246600247914,-0.5000000000000001
274.5,9.104457090760654,12.808044576066372,1.4067883947812965,2.9842488408533576,0.9895267938456683,-0.49999999999999994
275.0,9.104720174317547,12.808427830871654,1.4067898392969251,2.9842519051412295,0.9895288259745344,-0.5000000000000001
275.5,9.104969338344667,12.80879087752248,1.4067912149445183,2.984254823337237,0.9895307612225369,-0.5
276.0,9.105205314015482,12.809134774201569,1.4067925249839994,2.984257602356786,0.9895326041754283,-0.5
276.5,9.10542879401955,12.809460523576554,1.4067937725228068,2.9842602487918106,0.9895343592044755,-0.5000000000000001
277.0,9.105640434816845,12.809769076032786,1.4067949605227794,2.984262768925367,0.9895360304761441,-0.49999999999999994
277.5,9.105840858808968,12.810061332786333,1.4067960918067124,2.9842651687455666,0.98953762196132,-0.5
278.0,9.106030655726332,12.810338147894822,1.4067971690649903,2.984267453959616,0.9895391374446355,-0.5
278.5,9.10621038501322,12.810600331664126,1.4067981948613335,2.984269630006024,0.9895405805325534,-0.5000000000000001
279.0,9.106380576264222,12.810848651320523,1.4067991716392785,2.984271702068359,0.9895419546624801,-0.5
279.5,9.106541731465724,12.811083834210535,1.4068001017273717,2.984273675086239,0.9895432631100716,-0.49999999999999994
280.0,9.10669432667834,12.811306570214445,1.406800987344368,2.984275553766388,0.9895445089965444,-0.5
280.5,9.106838812993118,12.811517513139231,1.406801830604544,2.984277342593891,0.9895456952961483,-0.5000000000000001
281.0,9.106975617822481,12.811717282578373,1.4068026335225559,2.9842790458425017,0.9895468248429993,-0.5
281.5,9.107105146171259,12.811906465741433,1.406803398018054,2.984280667584435,0.9895479003375715,-0.49999999999999983
282.0,9.107227781660944,12.812085618935528,1.4068041259201827,2.9842822116999166,0.9895489243530248,-0.5000000000000001
282.5,9.10734388836989,12.812255270188558,1.4068048189714075,2.9842836818852887,0.9895498993405872,-0.49999999999999994
283.0,9.10745381100712,12.812415919534333,1.406805478832015,2.984285081662568,0.9895508276358875,-0.5
283.5,9.107557876022803,12.812568040608907,1.406806107083895,2.984286414387467,0.9895517114642717,-0.49999999999999994
284.0,9.1076563929308,12.812712082542392,1.406806705234004,2.9842876832567335,0.9895525529456769,-0.49999999999999994
284.5,9.107749654908842,12.812848470836322,1.406807274718023,2.98428889131592,0.9895533540997751,-0.49999999999999983
285.0,9.107837940125847,12.81297760925874,1.406807816903437,2.984290041465914,0.9895541168503069,-0.49999999999999983
285.5,9.107921511806179,12.81309987996703,1.4068083330931211,2.9842911364705396,0.9895548430301231,-0.5
286.0,9.108000619154357,12.813215644835472,1.4068088245282893,2.984292178962816,0.9895555343853337,-0.5000000000000001
286.5,9.10807549863374,12.813325247277577,1.4068092923910922,2.9842931714504757,0.9895561925789627,-0.49999999999999994
287.0,9.108146374323342,12.813429012774678,1.4068097378075577,2.9842941163221908,0.9895568191950846,-0.5
287.5,9.108213458342062,12.813527249497753,1.4068101618503521,2.9842950158534345,0.9895574157427072,-0.5000000000000001
288.0,9.108276951815917,12.813620249689114,1.4068105655410998,2.9842958722114092,0.9895579836590345,-0.49999999999999994
288.5,9.108337044807804,12.813708289588599,1.406810949853139,2.98429668746088,0.9895585243133457,-0.5000000000000001
289.0,9.108393918025548,12.813791631851442,1.4068113157131794,2.9842974635676995,0.9895590390093235,-0.5
289.5,9.10844774252979,12.81387052516116,1.4068116640039285,2.9842982024043825,0.9895595289887512,-0.5
290.0,9.108498680080142,12.813945204736081,1.406811995566248,2.984298905754665,0.9895599954345443,-0.49999999999999994
290.5,9.108546884010673,12.814015893576993,1.40681231120092,2.984299575317269,0.9895604394732372,-0.5
291.0,9.108592499622103,12.814082803036284,1.4068126116705642,2.984300212709958,0.9895608621776767,-0.49999999999999994
291.5,9.108635664644474,12.814146133485002,1.406812897701421,2.984300819473324,0.9895612645695345,-0.5000000000000001
292.0,9.108676509646191,12.814206074903836,1.406813169985063,2.984301397074415,0.9895616476217111,-0.5000000000000001
292.5,9.108715157803408,12.814262806576561,1.4068134291803627,2.9843019469109135,0.9895620122611055,-0.49999999999999994
293.0,9.10875172609583,12.814316498782363,1.4068136759146033,2.984302470313494,0.9895623593701791,-0.49999999999999994
293.5,9.10878632549936,12.814367313081084,1.406813910785044,2.9843029685491325,0.9895626897891547,-0.5
294.0,9.108819060943368,12.814415402267834,1.4068141343605403,2.984303442824559,0.9895630043182981,-0.5
294.5,9.108850031928752,12.814460911253178,1.4068143471827237,2.984303894288747,0.9895633037195765,-0.5
295.0,9.108879332300315,12.814503976757234,1.4068145497675746,2.9843043240362563,0.9895635887188718,-0.5
295.5,9.10890705131719,12.81454472882273,1.406814742606215,2.984304733108919,0.9895638600070951,-0.49999999999999983
296.0,9.108933273685679,12.814583290873015,1.406814926166206,2.984305122498582,0.9895641182420136,-0.49999999999999994
296.5,9.108958079283207,12.814619779336416,1.4068151008929455,2.984305493150077,0.9895643640502142,-0.5
297.0,9.108981543724546,12.81465430445081,1.4068152672105494,2.9843058459630907,0.9895645980283444,-0.49999999999999983
297.5,9.109003738794838,12.814686970881015,1.4068154255227536,2.98430618179408,0.9895648207443833,-0.5000000000000001
298.0,9.109024732316978,12.814717877542652,1.406815576214062,2.9843065014586982,0.9895650327392512,-0.49999999999999983
298.5,9.109044588993214,12.814747118791335,1.4068157196503193,2.9843068057330213,0.9895652345276227,-0.49999999999999994
299.0,9.10906336944743,12.814774783088955,1.406815856180208,2.984307095356717,0.9895654266000257,-0.49999999999999994
299.5,9.109081131224883,12.814800954413677,1.406815986135639,2.9843073710338768,0.989565609423395,-0.49999999999999983
300.0,9.109097929103843,12.81482571270487,1.4068161098324692,2.9843076334345326,0.9895657834420809,-0.49999999999999994
300.5,9.10911381485494,12.814849133533468,1.4068162275714786,2.9843078831967373,0.989565949079223,-0.49999999999999994
301.0,9.109128837450015,12.814871288402037,1.40681633963906,2.9843081209280227,0.9895661067377216,-0.5
301.5,9.10914304316738,12.81489224489931,1.4068164463079271,2.984308347206901,0.9895662568012324,-0.5
302.0,9.109156475718287,12.81491206688415,1.406816547837779,2.9843085625842773,0.9895663996351026,-0.49999999999999983
302.5,9.109169176990166,12.814930815533755,1.4068166444755874,2.9843087675840576,0.9895665355867755,-0.49999999999999994
303.0,9.10918118633666,12.814948548354419,1.4068167364566462,2.9843089627053794,0.9895666649872643,-0.5
303.5,9.109192540839823,12.814965319554823,1.4068168240050556,2.9843091484236286,0.9895667881518354,-0.49999999999999983
304.0,9.109203275787188,12.814981180720268,1.4068169073340653,2.9843093251911776,0.9895669053804916,-0.49999999999999983
304.5,9.109213424470763,12.81499618053611,1.406816986646753,2.984309493438816,0.9895670169589249,-0.49999999999999983
305.0,9.109223018794198,12.81501036564386,1.4068170621362392,2.9843096535762204,0.9895671231588199,-0.5000000000000001
305.5,9.109232088593323,12.815023779693366,1.4068171339865712,2.9843098059938105,0.989567224239095,-0.5
306.0,9.109240661929666,12.815036463758775,1.4068172023730556,2.9843099510634685,0.9895673204463757,-0.5000000000000001
306.5,9.109248765709326,12.815048457210395,1.4068172674623958,2.9843100891388223,0.989567412015181,-0.5
307.0,9.10925642543778,12.815059797375,1.4068173294132649,2.984310220556475,0.9895674991687353,-0.5
307.5,9.109263665076902,12.815070519339272,1.4068173883768118,2.9843103456370583,0.9895675821196765,-0.49999999999999994
308.0,9.1092705074695,12.815080656548634,1.4068174444968355,2.9843104646856196,0.9895676610703034,-0.49999999999999994
308.5,9.10927697375156,12.815090239986763,1.4068174979104846,2.98431057799309,0.9895677362135584,-0.5000000000000001
309.0,9.109283084569439,12.815099299885313,1.4068175487479686,2.984310685835687,0.9895678077326214,-0.49999999999999994
309.5,9.10928885933662,12.815107864685137,1.406817597133306,2.9843107884764946,0.9895678758019641,-0.49999999999999994
310.0,9.109294316133182,12.815115960898371,1.4068176431847115,2.9843108861662873,0.9895679405878933,-0.5000000000000001
310.5,9.109299472160574,12.815123613748849,1.4068176870146651,2.9843109791436673,0.9895680022486462,-0.5
311.0,9.109304343753472,12.815130847191464,1.4068177287302066,2.9843110676356988,0.9895680609348089,-0.5000000000000001
311.5,9.109308946440617,12.815137684000076,1.4068177684331893,2.984311151858449,0.9895681167896689,-0.49999999999999983
312.0,9.109313295050113,12.815144145917579,1.406817806220494,2.9843112320174314,0.9895681699495216,-0.5
312.5,9.109317403094987,12.815150252796913,1.4068178421846218,2.984311308308874,0.9895682205444973,-0.4999999999999998
313.0,9.109321283658362,12.815156023844187,1.4068178764134596,2.984311380919208,0.989568268698238,-0.5
313.5,9.109324949302426,12.815161477493247,1.4068179089905675,2.9843114500256926,0.9895683145282963,-0.5
314.0,9.10932841173502,12.815166630940265,1.4068179399955794,2.9843115157972577,0.9895683581467026,-0.49999999999999994
314.5,9.109331682137743,12.81517150060566,1.4068179695042398,2.984311578394583,0.9895683996600161,-0.5
315.0,9.109334770719402,12.815176101509927,1.4068179975888468,2.9843116379710337,0.9895684391699463,-0.5
315.5,9.109337687473683,12.815180448337554,1.406818024318036,2.984311694672209,0.9895684767730506,-0.49999999999999983
316.0,9.1093404420596,12.815184555271092,1.4068180497570262,2.98431174863646,0.9895685125610811,-0.49999999999999994
316.5,9.109343043271009,12.81518843524908,1.4068180739680833,2.9843117999958695,0.9895685466216338,-0.5
317.0,9.109345499379115,12.815192100447689,1.4068180970105,2.9843118488762186,0.9895685790381221,-0.49999999999999994
317.5,9.109347818392369,12.815195562646506,1.4068181189406106,2.984311895397009,0.9895686098897987,-0.49999999999999983
318.0,9.10935000771525,12.815198832751587,1.4068181398121309,2.9843119396721924,0.9895686392522318,-0.49999999999999983
318.5,9.109352074846283,12.81520192177526,1.4068181596759188,2.9843119818096513,0.9895686671969698,-0.5000000000000001
319.0,9.109354026241462,12.815204839244041,1.4068181785807288,2.98431202191281,0.9895686937925998,-0.5000000000000001
319.5,9.109355868114315,12.8152075943214,1.406818196572906,2.9843120600799824,0.9895687191043221,-0.5000000000000001
320.0,9.109357606640097,12.815210196095148,1.4068182136964014,2.9843120964044036,0.9895687431939667,-0.49999999999999994
320.5,9.109359247576931,12.815212653047373,1.406818229993091,2.984312130974903,0.9895687661204466,-0.5
321.0,9.109360796301596,12.815214973105645,1.4068182455028708,2.984312163876115,0.9895687879398879,-0.5
321.5,9.109362257851428,12.815217163702718,1.4068182602637396,2.9843121951886475,0.9895688087057474,-0.49999999999999994
322.0,9.10936363681977,12.815219231630874,1.4068182743119562,2.984312224989416,0.9895688284690352,-0.5
322.5,9.109364938087388,12.81522118406817,1.406818287681739,2.9843122533510074,0.9895688472778897,-0.49999999999999983
323.0,9.109366165981697,12.815223027400602,1.4068183004058146,2.9843122803428495,0.9895688651783521,-0.49999999999999983
323.5,9.109367324400905,12.815224767396925,1.4068183125154352,2.984312306031234,0.9895688822143882,-0.49999999999999994
324.0,9.10936841720382,12.815226409755892,1.4068183240402532,2.984312330479066,0.9895688984277135,-0.5
324.5,9.109369447946307,12.815227959737483,1.4068183350085395,2.984312353746315,0.9895689138580995,-0.49999999999999994
325.0,9.109370420338129,12.815229422804059,1.4068183454470142,2.984312375889665,0.9895689285431374,-0.5
325.5,9.109371337587204,12.815230803701727,1.4068183553812719,2.9843123969634067,0.9895689425188333,-0.5
326.0,9.109372202493233,12.815232106592186,1.4068183648357961,2.9843124170194835,0.9895689558196316,-0.5
326.5,9.10937301804618,12.815233335892364,1.406818373833706,2.984312436106933,0.9895689684780563,-0.5
327.0,9.10937378713123,12.815234495861324,1.4068183823969709,2.984312454272359,0.9895689805250149,-0.5
327.5,9.109374512286657,12.815235590261373,1.4068183905466043,2.9843124715603446,0.989568991990069,-0.5
328.0,9.109375196088571,12.815236622897942,1.4068183983025107,2.984312488013106,0.9895690029012206,-0.49999999999999994
328.5,9.109375840468475,12.815237596663348,1.4068184056839055,2.9843125036714095,0.9895690132855028,-0.5
329.0,9.109376447878734,12.815238515171114,1.406818412708737,2.9843125185733266,0.989569023168165,-0.49999999999999983
329.5,9.109377020551468,12.815239381717467,1.4068184193941344,2.9843125327551974,0.9895690325733052,-0.49999999999999994
330.0,9.109377560290817,12.815240198990523,1.406818425756567,2.984312546251955,0.9895690415240926,-0.49999999999999994
330.5,9.109378068873683,12.81524096963248,1.4068184318116685,2.9843125590967654,0.9895690500425212,-0.5
331.0,9.109378548060521,12.815241696255118,1.4068184375742747,2.9843125713211,0.9895690581494614,-0.49999999999999983
331.5,9.109378999536993,12.815242381358367,1.4068184430584931,2.984312582954883,0.9895690658647613,-0.5
332.0,9.10937942510382,12.815243027596798,1.406818448277638,2.9843125940263597,0.9895690732071506,-0.5
332.5,9.109379825905556,12.815243636698765,1.4068184532446821,2.984312604563053,0.98956908019488,-0.5
333.0,9.10938020330063,12.815244210686433,1.406818457971822,2.98431261459083,0.9895690868451071,-0.49999999999999983
333.5,9.10938055877622,12.815244751756728,1.406818462470555,2.9843126241340854,0.989569093174008,-0.49999999999999983
334.0,9.10938089356968,12.815245261750887,1.406818466751915,2.984312633216221,0.9895690991971045,-0.49999999999999994
334.5,9.109381208929092,12.815245742519988,1.4068184708263582,2.9843126418594212,0.9895691049291068,-0.5000000000000001
335.0,9.109381505708946,12.815246195358426,1.4068184747040153,2.984312650085175,0.9895691103842661,-0.5
335.5,9.109381784976842,12.815246621854627,1.4068184783943827,2.984312657913624,0.9895691155759431,-0.5
336.0,9.109382048002777,12.815247023876296,1.4068184819063578,2.9843126653636496,0.9895691205166545,-0.49999999999999994
336.5,9.109382295643726,12.815247402707882,1.4068184852485957,2.984312672453607,0.9895691252185768,-0.5000000000000001
337.0,9.109382528637862,12.815247759463244,1.4068184884293715,2.9843126792010506,0.9895691296933509,-0.5
337.5,9.109382747874513,12.815248095464275,1.4068184914564545,2.984312685622464,0.9895691339519072,-0.49999999999999994
338.0,9.109382954012853,12.815248411706587,1.4068184943373394,2.9843126917337437,0.9895691380047895,-0.5000000000000001
338.5,9.109383148182312,12.815248709841526,1.406818497078881,2.9843126975494325,0.989569141861641,-0.5000000000000001
339.0,9.109383330835927,12.815248990568923,1.4068184996879394,2.984312703084081,0.9895691455321122,-0.49999999999999994
339.5,9.109383502462972,12.81524925463625,1.406818502171008,2.9843127083514656,0.9895691490253392,-0.5
340.0,9.109383663836566,12.815249503185887,1.4068185045340966,2.984312713364332,0.989569152349776,-0.5
340.5,9.109383815624934,12.815249737210332,1.40681850678296,2.9843127181348916,0.9895691555135185,-0.5
341.0,9.109383958364576,12.815249957514686,1.4068185089231249,2.9843127226748667,0.9895691585243421,-0.49999999999999994
341.5,9.10938409256443,12.815250164862848,1.4068185109598514,2.984312726995415,0.9895691613896468,-0.5
342.0,9.109384218458912,12.815250359631401,1.406818512898277,2.984312731107438,0.9895691641166595,-0.49999999999999983
342.5,9.10938433684418,12.815250542982092,1.4068185147429797,2.984312735020644,0.9895691667118214,-0.49999999999999983
343.0,9.109384448205924,12.815250715639216,1.4068185164984617,2.9843127387445825,0.9895691691814661,-0.49999999999999994
343.5,9.109384552787962,12.815250877985859,1.406818518169123,2.984312742288592,0.9895691715317836,-0.5
344.0,9.109384650981577,12.815251030609835,1.4068185197590635,2.984312745661364,0.9895691737685413,-0.5
344.5,9.109384743090207,12.815251173973893,1.4068185212722208,2.984312748871256,0.9895691758972786,-0.4999999999999998
345.0,9.109384829699358,12.815251308934398,1.4068185227121803,2.984312751925871,0.9895691779230408,-0.5
345.5,9.10938491114118,12.815251435990787,1.406818524082473,2.9843127548327004,0.989569179850794,-0.5
346.0,9.109384987437778,12.815251555206228,1.40681852538662,2.984312757599214,0.989569181685492,-0.5000000000000001
346.5,9.1093850589505,12.815251667117874,1.4068185266277822,2.984312760232117,0.9895691834315816,-0.49999999999999983
347.0,9.109385126103458,12.8152517723494,1.4068185278089267,2.9843127627377033,0.9895691850932379,-0.5
347.5,9.109385189102058,12.815251871216454,1.4068185289329822,2.984312765122185,0.9895691866745797,-0.49999999999999983
348.0,9.10938524832082,12.815251964270402,1.406818530002637,2.9843127673912666,0.9895691881793902,-0.5
348.5,9.109385303606722,12.81525205132179,1.406818531020725,2.9843127695509573,0.9895691896116556,-0.5000000000000001
349.0,9.109385355410836,12.815252133026807,1.406818531989619,2.98431277160629,0.9895691909747131,-0.49999999999999994
349.5,9.109385404122046,12.815252209953293,1.4068185329115972,2.9843127735621007,0.9895691922717693,-0.5
350.0,9.109385449790238,12.815252282192754,1.406818533789,2.984312775423355,0.9895691935061158,-0.49999999999999994
350.5,9.10938549251277,12.815252349902199,1.4068185346240285,2.984312777194716,0.9895691946808494,-0.49999999999999994
351.0,9.109385532488071,12.815252413379323,1.4068185354187175,2.9843127788805064,0.9895691957988326,-0.5
351.5,9.109385569876215,12.81525247286709,1.406818536175018,2.9843127804848626,0.98956919686281,-0.49999999999999983
352.0,9.109385605110608,12.815252528990765,1.406818536894636,2.984312782011403,0.9895691978751818,-0.49999999999999983
352.5,9.10938563800819,12.815252581510514,1.4068185375795144,2.984312783464249,0.9895691988386817,-0.49999999999999994
353.0,9.109385668649193,12.815252630554793,1.406818538231364,2.9843127848470306,0.9895691997557159,-0.49999999999999994
353.5,9.109385697333908,12.81525267655979,1.406818538851692,2.9843127861629446,0.9895692006284048,-0.49999999999999994
354.0,9.10938572419084,12.815252719720117,1.406818539442017,2.984312787415214,0.9895692014588845,-0.4999999999999998
354.5,9.109385749392654,12.815252760291589,1.4068185400037554,2.9843127886068412,0.9895692022491488,-0.49999999999999994
355.0,9.109385772828501,12.815252798131894,1.406818540538404,2.984312789741002,0.9895692030013027,-0.5000000000000001
355.5,9.109385794572928,12.815252833357995,1.40681854104729,2.9843127908205123,0.9895692037172127,-0.49999999999999994
356.0,9.109385815016358,12.815252866529061,1.4068185415315015,2.984312791847681,0.9895692043984108,-0.5000000000000001
356.5,9.109385834188494,12.81525289769801,1.4068185419922605,2.984312792825098,0.989569205046615,-0.5000000000000001
357.0,9.109385852021767,12.815252926780822,1.406818542430779,2.9843127937553358,0.9895692056635309,-0.5
357.5,9.109385868647898,12.815252953972363,1.406818542848106,2.9843127946406187,0.9895692062506337,-0.49999999999999983
358.0,9.109385884013314,12.81525297920722,1.406818543245334,2.984312795483267,0.9895692068094618,-0.5
358.5,9.109385898566943,12.81525300312397,1.4068185436232339,2.9843127962849154,0.9895692073410983,-0.49999999999999994
359.0,9.109385912158546,12.815253025520773,1.4068185439828502,2.984312797047776,0.9895692078470133,-0.5
359.5,9.109385924656358,12.815253046221255,1.4068185443251704,2.984312797773947,0.9895692083285954,-0.49999999999999983
360.0,9.109385936258029,12.815253065510447,1.4068185446509605,2.984312798465052,0.9895692087869234,-0.5000000000000001
360.5,9.109385947110376,12.815253083601718,1.4068185449609691,2.984312799122679,0.989569209223049,-0.49999999999999994
361.0,9.109385957233014,12.815253100529752,1.4068185452559745,2.9843127997484795,0.9895692096380684,-0.5000000000000001
361.5,9.10938596669445,12.815253116397432,1.4068185455366913,2.9843128003439707,0.9895692100329857,-0.5
362.0,9.109385975241638,12.815253130856513,1.4068185458039693,2.984312800910953,0.9895692104089974,-0.5
362.5,9.109385983242252,12.815253144428622,1.406818546058289,2.984312801450445,0.9895692107667793,-0.5000000000000001
363.0,9.109385990803244,12.815253157269586,1.4068185463002396,2.9843128019637004,0.9895692111071593,-0.49999999999999983
363.5,9.109385997790516,12.815253169197002,1.4068185465305065,2.9843128024521692,0.9895692114311031,-0.49999999999999983
364.0,9.10938600422486,12.815253180245339,1.4068185467496632,2.984312802917072,0.9895692117394171,-0.5
364.5,9.109386010088356,12.815253190394559,1.4068185469582772,2.9843128033596087,0.9895692120328989,-0.49999999999999983
365.0,9.109386015611351,12.815253199972389,1.4068185471567514,2.9843128037806372,0.9895692123121164,-0.5
365.5,9.10938602087292,12.815253209094266,1.4068185473455461,2.984312804181132,0.9895692125777162,-0.49999999999999994
366.0,9.109386025598562,12.815253217379741,1.4068185475252897,2.9843128045624243,0.9895692128305827,-0.49999999999999994
366.5,9.109386029864815,12.815253224940243,1.4068185476963944,2.984312804925392,0.9895692130712961,-0.5
367.0,9.109386033851008,12.815253232031134,1.406818547859198,2.9843128052707515,0.9895692133003314,-0.5000000000000001
367.5,9.109386037530818,12.815253238619258,1.406818548014126,2.9843128055994037,0.9895692135182867,-0.49999999999999994
368.0,9.109386041050405,12.815253244913086,1.4068185481614914,2.9843128059120128,0.9895692137256032,-0.5
368.5,9.109386044059578,12.815253250425089,1.4068185483018567,2.984312806209772,0.9895692139230714,-0.49999999999999983
369.0,9.109386046775208,12.815253255462524,1.4068185484354592,2.984312806493185,0.9895692141110262,-0.5
369.5,9.109386049419165,12.815253260339498,1.4068185485625158,2.984312806762713,0.9895692142897717,-0.5
370.0,9.109386051873726,12.815253264893908,1.4068185486834117,2.9843128070191733,0.9895692144598505,-0.5
370.5,9.10938605405603,12.815253269012365,1.4068185487984963,2.9843128072633047,0.9895692146217538,-0.5000000000000001
371.0,9.109386056017776,12.815253272769997,1.406818548908033,2.9843128074956673,0.9895692147758517,-0.5
371.5,9.109386057735694,12.815253276136698,1.4068185490123102,2.984312807716871,0.9895692149225509,-0.5
372.0,9.109386059537872,12.815253279574806,1.4068185491114136,2.9843128079271026,0.9895692150619716,-0.5000000000000001
372.5,9.109386061114654,12.815253282652485,1.4068185492057594,2.9843128081272403,0.9895692151946985,-0.49999999999999983
373.0,9.109386062399304,12.815253285278363,1.4068185492956238,2.9843128083178714,0.9895692153211216,-0.49999999999999994
373.5,9.109386063573254,12.815253287708831,1.4068185493811327,2.9843128084992623,0.9895692154414173,-0.5
374.0,9.109386064667689,12.815253289989577,1.4068185494624856,2.984312808671838,0.9895692155558663,-0.5000000000000001
374.5,9.109386065734961,12.815253292195857,1.4068185495398586,2.9843128088359703,0.989569215664716,-0.5000000000000001
375.0,9.109386066603717,12.815253294089219,1.4068185496135386,2.9843128089922706,0.9895692157683702,-0.5
375.5,9.109386067208508,12.815253295579605,1.406818549683747,2.9843128091412043,0.9895692158671408,-0.5
376.0,9.109386067864598,12.815253297110587,1.4068185497504895,2.9843128092827866,0.9895692159610354,-0.5000000000000001
376.5,9.109386068537539,12.815253298635396,1.4068185498139518,2.9843128094174105,0.9895692160503154,-0.5000000000000001
377.0,9.109386069075462,12.815253299942581,1.4068185498743757,2.9843128095455898,0.9895692161353207,-0.5
377.5,9.1093860695295,12.815253301105201,1.4068185499318848,2.9843128096675837,0.9895692162162255,-0.5
378.0,9.109386069784497,12.815253301963144,1.4068185499866863,2.9843128097838356,0.9895692162933215,-0.5000000000000001
378.5,9.109386070205959,12.81525330303006,1.4068185500387198,2.9843128098942153,0.989569216366523,-0.5
379.0,9.109386070619385,12.815253304062502,1.4068185500882102,2.9843128099992007,0.9895692164361469,-0.49999999999999994
379.5,9.109386070814846,12.815253304767303,1.406818550135395,2.9843128100992935,0.9895692165025269,-0.4999999999999998
380.0,9.109386070925236,12.815253305331844,1.40681855018032,2.9843128101945946,0.9895692165657289,-0.5
380.5,9.109386071059017,12.815253305909199,1.4068185502230397,2.984312810285217,0.9895692166258276,-0.5
381.0,9.10938607117782,12.815253306446548,1.406818550263681,2.98431281037143,0.9895692166830025,-0.49999999999999994
381.5,9.109386071337838,12.815253307023607,1.406818550302316,2.984312810453388,0.9895692167373553,-0.5000000000000001
382.0,9.109386071211366,12.81525330718184,1.406818550339218,2.9843128105316676,0.9895692167892696,-0.5
382.5,9.109386071118424,12.815253307370725,1.406818550374307,2.9843128106061023,0.9895692168386332,-0.5
383.0,9.109386071150958,12.81525330771995,1.4068185504076194,2.984312810676769,0.989569216885498,-0.5000000000000001
383.5,9.109386071141715,12.815253307995812,1.40681855043933,2.984312810744039,0.9895692169301088,-0.49999999999999994
384.0,9.109386071064737,12.815253308162632,1.4068185504695312,2.9843128108081047,0.9895692169725961,-0.49999999999999983
384.5,9.109386070886991,12.8152533081748,1.4068185504983175,2.9843128108691688,0.9895692170130932,-0.49999999999999983
385.0,9.109386070770935,12.815253308260704,1.406818550525671,2.9843128109271935,0.9895692170515745,-0.49999999999999983
385.5,9.109386070815496,12.815253308559658,1.4068185505516073,2.9843128109822143,0.9895692170880626,-0.49999999999999994
386.0,9.109386070709462,12.815253308635965,1.4068185505763595,2.9843128110347217,0.9895692171228845,-0.5
386.5,9.109386070486291,12.815253308537095,1.4068185505999715,2.9843128110848096,0.9895692171561024,-0.5
387.0,9.109386070308805,12.815253308491833,1.4068185506224131,2.9843128111324164,0.9895692171876735,-0.5
387.5,9.109386070137742,12.815253308445657,1.4068185506437625,2.9843128111777038,0.9895692172177082,-0.49999999999999994
388.0,9.10938607009044,12.81525330856354,1.4068185506640083,2.984312811220652,0.9895692172461904,-0.5
388.5,9.10938606981914,12.815253308358422,1.4068185506833897,2.984312811261766,0.9895692172734561,-0.49999999999999983
389.0,9.109386069484682,12.815253308056223,1.4068185507018676,2.9843128113009643,0.9895692172994516,-0.5
389.5,9.10938606931269,12.815253307973657,1.4068185507193658,2.9843128113380835,0.9895692173240683,-0.49999999999999994
390.0,9.109386069181355,12.81525330794036,1.4068185507359932,2.984312811373355,0.9895692173474603,-0.5000000000000001
390.5,9.109386068981015,12.815253307802973,1.406818550751851,2.9843128114069946,0.9895692173697688,-0.49999999999999983
391.0,9.109386068758758,12.815253307627863,1.4068185507669526,2.9843128114390303,0.9895692173910144,-0.5
391.5,9.109386068447634,12.815253307321525,1.4068185507813724,2.984312811469619,0.9895692174113003,-0.49999999999999994
392.0,9.109386068393256,12.815253307368785,1.4068185507949584,2.9843128114984396,0.9895692174304135,-0.5
392.5,9.109386068284506,12.815253307333796,1.4068185508079125,2.98431281152592,0.9895692174486376,-0.5
393.0,9.109386068021514,12.815253307076857,1.406818550820322,2.984312811552244,0.9895692174660954,-0.5
393.5,9.109386067772947,12.815253306834688,1.4068185508321251,2.9843128115772823,0.9895692174827002,-0.49999999999999994
394.0,9.10938606757438,12.815253306657434,1.4068185508433326,2.9843128116010567,0.9895692174984673,-0.5
394.5,9.10938606745349,12.81525330658415,1.4068185508539575,2.984312811623595,0.9895692175134143,-0.49999999999999994
395.0,9.109386067269774,12.815253306418098,1.4068185508641011,2.9843128116451143,0.9895692175276845,-0.49999999999999983
395.5,9.109386066903106,12.815253305991101,1.4068185508738538,2.984312811665802,0.9895692175414051,-0.5000000000000001
396.0,9.10938606667117,12.815253305748746,1.406818550883068,2.9843128116853475,0.9895692175543677,-0.5
396.5,9.109386066551966,12.815253305660391,1.406818550891778,2.9843128117038256,0.9895692175666212,-0.5
397.0,9.10938606638179,12.815253305496743,1.4068185509000946,2.984312811721467,0.9895692175783206,-0.49999999999999983
397.5,9.109386066196667,12.815253305308483,1.4068185509080178,2.9843128117382736,0.9895692175894671,-0.49999999999999983
398.0,9.109386065885893,12.815253304940603,1.4068185509156277,2.9843128117544175,0.9895692176001728,-0.4999999999999998
398.5,9.109386065786298,12.815253304865468,1.4068185509227606,2.9843128117695485,0.9895692176102079,-0.49999999999999994
399.0,9.109386065758237,12.81525330488747,1.4068185509295097,2.984312811783867,0.9895692176197027,-0.5
399.5,9.109386065567435,12.81525330467834,1.4068185509360187,2.9843128117976745,0.9895692176288597,-0.5
400.0,9.109386065330419,12.81525330440158,1.4068185509422406,2.9843128118108724,0.9895692176376125,-0.49999999999999983
400.5,9.109386065163458,12.815253304220322,1.4068185509481277,2.98431281182336,0.9895692176458949,-0.5
401.0,9.109386065016594,12.81525330406466,1.4068185509537208,2.984312811835226,0.9895692176537635,-0.5000000000000001
401.5,9.109386064971103,12.81525330404867,1.4068185509589908,2.984312811846405,0.9895692176611769,-0.49999999999999983
402.0,9.10938606466969,12.815253303671572,1.406818550964143,2.984312811857333,0.9895692176684256,-0.5
402.5,9.109386064417427,12.81525330336115,1.4068185509690245,2.984312811867691,0.9895692176752929,-0.5
403.0,9.109386064325943,12.81525330327403,1.4068185509735893,2.9843128118773743,0.9895692176817147,-0.49999999999999994
403.5,9.109386064229037,12.8152533031773,1.4068185509779363,2.984312811886594,0.9895692176878301,-0.5
404.0,9.109386064084607,12.815253303012042,1.4068185509821,2.984312811895427,0.9895692176936879,-0.5
404.5,9.109386063873188,12.815253302751055,1.4068185509861004,2.984312811903913,0.9895692176993156,-0.5
405.0,9.109386063715826,12.815253302564125,1.4068185509898823,2.9843128119119355,0.989569217704636,-0.5
405.5,9.109386063756144,12.81525330265268,1.4068185509933768,2.9843128119193483,0.9895692177095521,-0.49999999999999994
406.0,9.109386063672876,12.815253302566418,1.406818550996767,2.98431281192654,0.9895692177143213,-0.49999999999999983
406.5,9.10938606347826,12.815253302322573,1.4068185510000542,2.984312811933513,0.9895692177189459,-0.49999999999999994
407.0,9.109386063338434,12.81525330215412,1.4068185510031561,2.984312811940094,0.9895692177233099,-0.5
407.5,9.109386063222637,12.815253302018018,1.4068185510060984,2.984312811946337,0.9895692177274492,-0.5
408.0,9.109386063235839,12.815253302061475,1.4068185510088302,2.98431281195213,0.9895692177312924,-0.5
408.5,9.109386063054744,12.815253301831337,1.4068185510115339,2.9843128119578655,0.9895692177350959,-0.5
409.0,9.109386062798087,12.815253301494103,1.4068185510141504,2.9843128119634157,0.9895692177387768,-0.49999999999999994
409.5,9.109386062709682,12.815253301391644,1.406818551016556,2.984312811968519,0.9895692177421614,-0.5000000000000001
410.0,9.109386062679743,12.815253301370106,1.4068185510188151,2.9843128119733127,0.989569217745339,-0.49999999999999983
410.5,9.109386062586388,12.815253301258663,1.4068185510209987,2.9843128119779436,0.9895692177484111,-0.49999999999999994
411.0,9.109386062482569,12.815253301131609,1.4068185510230844,2.9843128119823668,0.9895692177513453,-0.5
411.5,9.109386062274645,12.815253300857707,1.4068185510251274,2.9843128119867015,0.9895692177542192,-0.49999999999999983
412.0,9.109386062330444,12.815253300952653,1.4068185510269329,2.984312811990533,0.9895692177567597,-0.5000000000000001
412.5,9.109386062352675,12.815253300999732,1.406818551028668,2.984312811994212,0.9895692177592004,-0.5
413.0,9.109386062218258,12.815253300826432,1.4068185510304023,2.9843128119978917,0.9895692177616403,-0.5
413.5,9.109386062090966,12.81525330066238,1.4068185510320517,2.98431281200139,0.9895692177639603,-0.49999999999999983
414.0,9.109386062019775,12.815253300576273,1.4068185510335938,2.984312812004661,0.9895692177661298,-0.49999999999999983
414.5,9.109386062016297,12.815253300584425,1.4068185510350257,2.9843128120076994,0.9895692177681449,-0.5000000000000001
415.0,9.109386061979226,12.815253300544851,1.4068185510364064,2.984312812010628,0.989569217770087,-0.5
415.5,9.10938606174187,12.815253300223892,1.406818551037829,2.9843128120136466,0.9895692177720884,-0.5
416.0,9.109386061628577,12.815253300076282,1.4068185510391213,2.984312812016387,0.9895692177739063,-0.49999999999999994
416.5,9.109386061637089,12.815253300098881,1.4068185510402875,2.984312812018861,0.9895692177755467,-0.49999999999999983
417.0,9.109386061599212,12.81525330005593,1.4068185510414222,2.9843128120212676,0.9895692177771435,-0.5000000000000001
417.5,9.109386061540189,12.815253299982842,1.4068185510425142,2.9843128120235836,0.9895692177786792,-0.49999999999999983
418.0,9.109386061361192,12.815253299741089,1.4068185510436186,2.984312812025928,0.9895692177802333,-0.5
418.5,9.109386061371127,12.81525329976375,1.4068185510445719,2.9843128120279494,0.9895692177815744,-0.5
419.0,9.109386061472467,12.81525329991413,1.4068185510454296,2.98431281202977,0.9895692177827811,-0.5
419.5,9.10938606141214,12.81525329983746,1.4068185510463298,2.98431281203168,0.989569217784047,-0.49999999999999983
420.0,9.109386061292886,12.815253299677796,1.4068185510472195,2.984312812033567,0.9895692177852994,-0.5000000000000001
420.5,9.109386061241768,12.815253299613289,1.4068185510480327,2.9843128120352906,0.9895692177864427,-0.49999999999999983
421.0,9.109386061203455,12.81525329956638,1.4068185510488,2.9843128120369187,0.9895692177875225,-0.49999999999999994
421.5,9.109386061282075,12.815253299683073,1.4068185510494684,2.984312812038337,0.9895692177884624,-0.4999999999999998
422.0,9.109386061101283,12.815253299435776,1.4068185510502418,2.984312812039978,0.9895692177895509,-0.5
422.5,9.109386060949342,12.815253299228626,1.4068185510509665,2.9843128120415154,0.9895692177905702,-0.49999999999999983
423.0,9.109386060960285,12.815253299249537,1.4068185510515723,2.9843128120427997,0.9895692177914226,-0.5
423.5,9.109386060973037,12.815253299272712,1.406818551052147,2.9843128120440197,0.9895692177922311,-0.5
424.0,9.109386060931634,12.81525329921971,1.4068185510527227,2.9843128120452413,0.9895692177930411,-0.5
424.5,9.1093860608319,12.81525329908469,1.4068185510533031,2.9843128120464724,0.9895692177938576,-0.5
425.0,9.109386060755273,12.815253298981826,1.406818551053845,2.984312812047621,0.9895692177946198,-0.5
425.5,9.109386060890785,12.81525329917614,1.4068185510542484,2.9843128120484765,0.9895692177951873,-0.49999999999999994
426.0,9.109386060911685,12.815253299209568,1.40681855105469,2.984312812049414,0.9895692177958088,-0.5
426.5,9.109386060809697,12.815253299070518,1.4068185510551763,2.984312812050445,0.9895692177964928,-0.5
427.0,9.109386060754563,12.815253298996959,1.406818551055616,2.984312812051378,0.9895692177971113,-0.5
427.5,9.109386060726589,12.815253298961295,1.406818551056021,2.984312812052236,0.9895692177976811,-0.5
428.0,9.109386060817851,12.815253299092618,1.4068185510563431,2.9843128120529205,0.9895692177981343,-0.5
428.5,9.109386060734494,12.815253298978972,1.4068185510567408,2.984312812053764,0.9895692177986938,-0.5
429.0,9.109386060552048,12.815253298726262,1.4068185510571753,2.9843128120546845,0.9895692177993051,-0.49999999999999994
429.5,9.109386060532296,12.815253298701482,1.4068185510575053,2.9843128120553857,0.9895692177997693,-0.49999999999999994
430.0,9.109386060579709,12.815253298770719,1.4068185510577838,2.9843128120559763,0.989569217800161,-0.5
430.5,9.10938606056203,12.815253298748564,1.4068185510580817,2.98431281205661,0.9895692178005803,-0.5
431.0,9.109386060536012,12.815253298714596,1.406818551058371,2.984312812057222,0.9895692178009872,-0.49999999999999994
431.5,9.109386060388463,12.815253298510124,1.4068185510587117,2.984312812057945,0.9895692178014661,-0.49999999999999983
432.0,9.10938606050179,12.815253298671262,1.4068185510588993,2.9843128120583424,0.9895692178017305,-0.5
432.5,9.109386060598082,12.815253298808413,1.4068185510590843,2.984312812058735,0.9895692178019907,-0.5
433.0,9.109386060531955,12.81525329871776,1.406818551059345,2.9843128120592883,0.9895692178023574,-0.5
433.5,9.109386060461288,12.815253298620645,1.4068185510595976,2.984312812059824,0.9895692178027126,-0.49999999999999983
434.0,9.109386060448807,12.815253298605,1.4068185510598077,2.9843128120602693,0.9895692178030079,-0.4999999999999998
434.5,9.109386060491273,12.815253298666295,1.4068185510599782,2.984312812060631,0.9895692178032485,-0.5000000000000001
435.0,9.109386060526797,12.81525329871778,1.4068185510601439,2.9843128120609825,0.9895692178034815,-0.5000000000000001
435.5,9.10938606034432,12.815253298463562,1.4068185510604174,2.984312812061563,0.9895692178038662,-0.5
436.0,9.10938606027215,12.815253298363904,1.406818551060623,2.984312812061999,0.9895692178041556,-0.5000000000000001
436.5,9.109386060328887,12.81525329844489,1.4068185510607512,2.9843128120622713,0.9895692178043356,-0.5
437.0,9.109386060343631,12.815253298466935,1.4068185510608942,2.9843128120625746,0.9895692178045367,-0.49999999999999994
437.5,9.109386060330037,12.815253298449187,1.4068185510610454,2.9843128120628943,0.9895692178047496,-0.5
438.0,9.109386060203011,12.81525329827235,1.40681855106125,2.9843128120633295,0.9895692178050378,-0.5000000000000001
438.5,9.109386060240325,12.815253298325844,1.40681855106136,2.9843128120635622,0.9895692178051921,-0.5
439.0,9.109386060388776,12.815253298535083,1.4068185510614035,2.9843128120636555,0.9895692178052534,-0.5
439.5,9.109386060378167,12.815253298521279,1.4068185510615263,2.9843128120639166,0.9895692178054264,-0.5000000000000001
440.0,9.109386060296307,12.81525329840754,1.4068185510616826,2.9843128120642466,0.989569217805646,-0.49999999999999994
440.5,9.109386060280245,12.815253298385988,1.4068185510617972,2.9843128120644904,0.9895692178058075,-0.5000000000000001
441.0,9.109386060272497,12.815253298376053,1.4068185510619031,2.9843128120647138,0.989569217805956,-0.49999999999999983
441.5,9.109386060393392,12.815253298546407,1.4068185510619335,2.9843128120647804,0.9895692178059993,-0.5000000000000001
442.0,9.10938606025655,12.815253298355408,1.4068185510620996,2.9843128120651317,0.9895692178062326,-0.49999999999999994
442.5,9.109386060128202,12.815253298176268,1.4068185510622557,2.984312812065464,0.9895692178064524,-0.5
443.0,9.109386060164859,12.815253298228415,1.4068185510623192,2.984312812065598,0.9895692178065416,-0.5
443.5,9.10938606021216,12.815253298295442,1.4068185510623723,2.98431281206571,0.9895692178066163,-0.5
444.0,9.109386060200503,12.815253298279782,1.4068185510624533,2.984312812065883,0.9895692178067306,-0.5000000000000001
444.5,9.109386060140183,12.815253298195872,1.4068185510625575,2.9843128120661024,0.9895692178068765,-0.49999999999999983
445.0,9.109386060073671,12.815253298103245,1.4068185510626612,2.984312812066322,0.9895692178070227,-0.5
445.5,9.109386060233359,12.815253298327697,1.4068185510626392,2.9843128120662765,0.9895692178069917,-0.49999999999999994
446.0,9.109386060290111,12.815253298407816,1.4068185510626698,2.9843128120663422,0.9895692178070348,-0.49999999999999994
446.5,9.109386060214568,12.815253298302446,1.406818551062769,2.984312812066552,0.9895692178071746,-0.5
447.0,9.109386060178538,12.815253298252442,1.4068185510628441,2.9843128120667104,0.9895692178072798,-0.49999999999999983
447.5,9.109386060174431,12.815253298247164,1.406818551062899,2.984312812066828,0.9895692178073572,-0.49999999999999994
448.0,9.109386060279949,12.815253298395547,1.4068185510628923,2.9843128120668143,0.9895692178073477,-0.49999999999999994
448.5,9.10938606023423,12.81525329833189,1.4068185510629647,2.984312812066967,0.98956921780745,-0.5000000000000001
449.0,9.109386060067415,12.815253298098447,1.4068185510631006,2.9843128120672553,0.989569217807641,-0.5
449.5,9.109386060057822,12.815253298085397,1.4068185510631495,2.9843128120673588,0.9895692178077099,-0.5000000000000001
450.0,9.10938606012551,12.815253298180659,1.4068185510631535,2.9843128120673668,0.9895692178077151,-0.49999999999999994
450.5,9.10938606012883,12.815253298185672,1.406818551063191,2.984312812067448,0.9895692178077681,-0.5
451.0,9.109386060125047,12.815253298180705,1.40681855106323,2.9843128120675293,0.9895692178078229,-0.49999999999999994
451.5,9.10938605998872,12.815253297989916,1.4068185510633395,2.984312812067761,0.989569217807977,-0.5
452.0,9.10938606010751,12.815253298156751,1.4068185510633087,2.984312812067697,0.9895692178079336,-0.5
452.5,9.10938606022821,12.81525329832625,1.4068185510632754,2.984312812067626,0.989569217807887,-0.5000000000000001
453.0,9.109386060183134,12.815253298263334,1.4068185510633302,2.9843128120677425,0.9895692178079639,-0.5
453.5,9.109386060122786,12.815253298178996,1.4068185510633917,2.9843128120678726,0.9895692178080504,-0.5
454.0,9.109386060123448,12.81525329818018,1.4068185510634192,2.9843128120679303,0.9895692178080892,-0.5
454.5,9.10938606016802,12.815253298242904,1.4068185510634215,2.984312812067936,0.9895692178080919,-0.49999999999999983
455.0,9.109386060233076,12.815253298334332,1.4068185510634112,2.9843128120679143,0.9895692178080778,-0.49999999999999994
455.5,9.10938606006557,12.815253298099721,1.4068185510635254,2.984312812068157,0.9895692178082387,-0.5000000000000001
456.0,9.10938605999456,12.815253298000378,1.4068185510635864,2.9843128120682847,0.9895692178083241,-0.49999999999999983
456.5,9.109386060060157,12.815253298092534,1.4068185510635725,2.984312812068255,0.9895692178083048,-0.5
457.0,9.109386060090165,12.81525329813479,1.406818551063577,2.9843128120682643,0.9895692178083109,-0.49999999999999994
457.5,9.109386060085749,12.815253298128777,1.4068185510635987,2.984312812068311,0.9895692178083418,-0.5000000000000001
458.0,9.109386059976783,12.815253297976184,1.4068185510636757,2.984312812068476,0.9895692178084502,-0.5000000000000001
458.5,9.109386060006646,12.81525329801821,1.4068185510636773,2.9843128120684783,0.9895692178084521,-0.49999999999999994
459.0,9.109386060168362,12.815253298245072,1.4068185510636066,2.9843128120683295,0.9895692178083527,-0.49999999999999994
459.5,9.109386060176085,12.815253298256044,1.4068185510636184,2.9843128120683535,0.9895692178083693,-0.49999999999999994
460.0,9.10938606010142,12.815253298151509,1.406818551063674,2.984312812068471,0.9895692178084473,-0.49999999999999994
460.5,9.109386060090305,12.815253298136058,1.4068185510636944,2.984312812068514,0.9895692178084761,-0.49999999999999994
461.0,9.109386060086662,12.815253298131074,1.40681855106371,2.9843128120685476,0.9895692178084979,-0.49999999999999994
461.5,9.109386060218739,12.815253298316351,1.4068185510636515,2.9843128120684232,0.9895692178084159,-0.5
462.0,9.109386060100281,12.8152532981504,1.406818551063728,2.9843128120685876,0.9895692178085237,-0.5
462.5,9.109386059970147,12.815253297968074,1.4068185510638103,2.9843128120687608,0.9895692178086393,-0.5
463.0,9.10938606000687,12.815253298019655,1.4068185510638014,2.984312812068742,0.9895692178086267,-0.5
463.5,9.109386060064322,12.815253298100295,1.406818551063781,2.9843128120686995,0.9895692178085981,-0.5
464.0,9.109386060059547,12.815253298093698,1.4068185510637943,2.9843128120687266,0.9895692178086166,-0.49999999999999994
464.5,9.109386060016067,12.815253298032829,1.4068185510638271,2.9843128120687954,0.9895692178086629,-0.49999999999999994
465.0,9.109386059938771,12.815253297924551,1.406818551063878,2.984312812068904,0.9895692178087345,-0.5
465.5,9.109386060100334,12.815253298151125,1.4068185510637994,2.984312812068739,0.9895692178086242,-0.5000000000000001
466.0,9.1093860601728,12.815253298252792,1.4068185510637687,2.9843128120686724,0.9895692178085809,-0.5
466.5,9.109386060104965,12.815253298157767,1.4068185510638134,2.9843128120687674,0.9895692178086435,-0.49999999999999994
467.0,9.109386060069173,12.815253298107658,1.4068185510638402,2.984312812068824,0.9895692178086815,-0.5
467.5,9.109386060070774,12.815253298109967,1.4068185510638465,2.984312812068839,0.9895692178086902,-0.5
468.0,9.109386060172056,12.815253298252014,1.4068185510637983,2.9843128120687354,0.9895692178086226,-0.5000000000000001
468.5,9.109386060147878,12.815253298218183,1.4068185510638183,2.9843128120687776,0.9895692178086504,-0.49999999999999994
469.0,9.109386059981546,12.815253297985056,1.4068185510639142,2.984312812068981,0.9895692178087854,-0.49999999999999994
469.5,9.109386059966093,12.815253297963443,1.406818551063928,2.9843128120690112,0.9895692178088047,-0.49999999999999994
470.0,9.109386060038483,12.815253298064983,1.406818551063895,2.98431281206894,0.9895692178087586,-0.5
470.5,9.109386060048738,12.815253298079403,1.4068185510638944,2.984312812068939,0.9895692178087578,-0.5000000000000001
471.0,9.109386060050737,12.815253298082249,1.4068185510638982,2.9843128120689473,0.989569217808763,-0.5
471.5,9.109386059915927,12.815253297893305,1.406818551063976,2.9843128120691107,0.9895692178088723,-0.5
472.0,9.109386060025976,12.815253298047624,1.406818551063921,2.984312812068996,0.9895692178087951,-0.5
472.5,9.109386060158066,12.815253298232843,1.4068185510638544,2.9843128120688545,0.9895692178087017,-0.5000000000000001
473.0,9.10938606012279,12.815253298183423,1.406818551063877,2.9843128120689024,0.9895692178087333,-0.5
473.5,9.109386060061569,12.815253298097634,1.4068185510639142,2.984312812068981,0.9895692178087855,-0.5
474.0,9.10938606006388,12.815253298100911,1.406818551063917,2.9843128120689864,0.9895692178087891,-0.49999999999999983
474.5,9.10938606010017,12.81525329815182,1.406818551063901,2.984312812068952,0.9895692178087667,-0.49999999999999983
475.0,9.109386060183503,12.815253298268674,1.4068185510638593,2.9843128120688642,0.9895692178087082,-0.49999999999999994
475.5,9.109386060022514,12.815253298043011,1.4068185510639493,2.9843128120690556,0.989569217808835,-0.5000000000000001
476.0,9.109386059943262,12.815253297931935,1.4068185510639952,2.9843128120691516,0.9895692178088995,-0.5
476.5,9.109386060007937,12.815253298022629,1.406818551063963,2.984312812069084,0.9895692178088541,-0.49999999999999994
477.0,9.109386060044512,12.815253298073928,1.406818551063946,2.984312812069048,0.98956921780883,-0.49999999999999994
477.5,9.109386060041013,12.815253298069049,1.4068185510639508,2.9843128120690583,0.989569217808837,-0.5
478.0,9.109386059943011,12.815253297931681,1.4068185510640059,2.9843128120691755,0.9895692178089144,-0.49999999999999994
478.5,9.109386059957153,12.81525329795153,1.406818551064001,2.984312812069165,0.9895692178089076,-0.5
479.0,9.109386060123583,12.815253298184869,1.4068185510639133,2.984312812068978,0.989569217808784,-0.49999999999999994
479.5,9.109386060142802,12.815253298211829,1.4068185510639049,2.984312812068961,0.9895692178087723,-0.49999999999999994
480.0,9.109386060069015,12.815253298108406,1.4068185510639466,2.98431281206905,0.9895692178088311,-0.5
480.5,9.109386060055881,12.815253298090015,1.4068185510639561,2.98431281206907,0.9895692178088444,-0.49999999999999994
481.0,9.109386060052778,12.815253298085679,1.4068185510639595,2.9843128120690774,0.9895692178088494,-0.5000000000000001
481.5,9.109386060185885,12.815253298272296,1.406818551063889,2.9843128120689273,0.9895692178087504,-0.5000000000000001
482.0,9.10938606008131,12.815253298125707,1.4068185510639473,2.984312812069051,0.989569217808832,-0.5
482.5,9.109386059944363,12.815253297933742,1.4068185510640234,2.9843128120692133,0.9895692178089391,-0.5
483.0,9.109386059975106,12.815253297976854,1.4068185510640083,2.9843128120691804,0.9895692178089179,-0.5
483.5,9.109386060037187,12.815253298063894,1.4068185510639757,2.9843128120691125,0.989569217808872,-0.5
484.0,9.109386060034758,12.815253298060501,1.4068185510639784,2.984312812069116,0.9895692178088757,-0.5
484.5,9.109386060002958,12.815253298015937,1.4068185510639974,2.9843128120691573,0.9895692178089023,-0.49999999999999983
485.0,9.109386059911458,12.815253297887674,1.406818551064048,2.9843128120692652,0.9895692178089738,-0.5
485.5,9.109386060069125,12.815253298108715,1.4068185510639635,2.9843128120690867,0.9895692178088548,-0.5
486.0,9.109386060152916,12.81525329822619,1.4068185510639193,2.9843128120689917,0.9895692178087928,-0.5000000000000001
486.5,9.109386060089399,12.81525329813716,1.4068185510639553,2.984312812069068,0.9895692178088429,-0.49999999999999983
487.0,9.109386060049957,12.815253298081874,1.4068185510639775,2.984312812069116,0.9895692178088747,-0.5000000000000001
487.5,9.109386060053325,12.815253298086603,1.4068185510639764,2.984312812069113,0.9895692178088726,-0.49999999999999983
488.0,9.109386060145887,12.815253298216374,1.4068185510639273,2.984312812069008,0.9895692178088039,-0.5
488.5,9.10938606014017,12.81525329820837,1.4068185510639315,2.9843128120690188,0.9895692178088098,-0.5
489.0,9.109386059972167,12.815253297972856,1.4068185510640232,2.9843128120692133,0.9895692178089388,-0.5
489.5,9.109386059947392,12.81525329793813,1.4068185510640374,2.9843128120692426,0.989569217808959,-0.5000000000000001
490.0,9.10938606002086,12.81525329804113,1.4068185510639981,2.9843128120691595,0.9895692178089037,-0.5000000000000001
490.5,9.109386060035424,12.815253298061556,1.4068185510639912,2.9843128120691436,0.9895692178088938,-0.5
491.0,9.109386060037842,12.81525329806495,1.4068185510639906,2.9843128120691422,0.9895692178088928,-0.49999999999999994
491.5,9.109386059905619,12.81525329787959,1.4068185510640623,2.9843128120692954,0.9895692178089937,-0.49999999999999994
492.0,9.109386060003184,12.815253298016373,1.4068185510640103,2.984312812069185,0.9895692178089207,-0.5
492.5,9.109386060143535,12.815253298213134,1.4068185510639348,2.9843128120690254,0.9895692178088145,-0.5
493.0,9.10938606011624,12.815253298174879,1.4068185510639506,2.984312812069059,0.9895692178088369,-0.5000000000000001
493.5,9.109386060052225,12.81525329808514,1.4068185510639857,2.984312812069134,0.989569217808886,-0.49999999999999994
494.0,9.109386060053557,12.815253298087011,1.4068185510639852,2.9843128120691333,0.9895692178088854,-0.5
494.5,9.109386060080011,12.815253298124102,1.4068185510639715,2.984312812069103,0.9895692178088661,-0.5
495.0,9.109386060178261,12.815253298261844,1.406818551063919,2.9843128120689904,0.9895692178087924,-0.5
495.5,9.109386060023247,12.815253298044535,1.4068185510640032,2.984312812069171,0.9895692178089107,-0.5
496.0,9.10938605993406,12.815253297919506,1.4068185510640518,2.9843128120692723,0.989569217808979,-0.49999999999999994
496.5,9.109386059995346,12.81525329800543,1.4068185510640194,2.984312812069204,0.9895692178089334,-0.49999999999999994
497.0,9.109386060036794,12.815253298063535,1.406818551063997,2.9843128120691578,0.9895692178089018,-0.49999999999999994
497.5,9.109386060032822,12.81525329805797,1.4068185510639994,2.9843128120691613,0.9895692178089054,-0.5
498.0,9.109386059945036,12.815253297934909,1.4068185510640476,2.984312812069263,0.9895692178089731,-0.49999999999999994
498.5,9.109386059941592,12.815253297930079,1.4068185510640492,2.9843128120692692,0.9895692178089756,-0.5000000000000001
499.0,9.109386060110198,12.815253298166455,1.406818551063959,2.984312812069076,0.9895692178088482,-0.49999999999999983
499.5,9.109386060139853,12.815253298208031,1.4068185510639433,2.9843128120690423,0.989569217808826,-0.49999999999999983
500.0,9.109386060066242,12.815253298104837,1.406818551063983,2.9843128120691267,0.989569217808882,-0.49999999999999983
500.5,9.109386060049534,12.815253298081416,1.4068185510639923,2.984312812069148,0.9895692178088953,-0.49999999999999994
501.0,9.109386060047328,12.815253298078325,1.406818551063994,2.9843128120691493,0.9895692178088976,-0.5
501.5,9.10938606017762,12.815253298260982,1.4068185510639235,2.9843128120690006,0.9895692178087986,-0.5
502.0,9.109386060086946,12.815253298133868,1.4068185510639728,2.984312812069106,0.9895692178088679,-0.49999999999999994
502.5,9.10938605994281,12.81525329793181,1.406818551064051,2.9843128120692706,0.9895692178089781,-0.5000000000000001
503.0,9.10938605996598,12.815253297964292,1.4068185510640387,2.9843128120692453,0.9895692178089607,-0.5
503.5,9.109386060031357,12.815253298055945,1.4068185510640034,2.984312812069169,0.989569217808911,-0.5
504.0,9.109386060030793,12.815253298055161,1.4068185510640046,2.9843128120691724,0.9895692178089126,-0.5
504.5,9.109386060009054,12.815253298024684,1.406818551064016,2.9843128120691964,0.9895692178089288,-0.5
505.0,9.109386059904052,12.815253297877481,1.4068185510640727,2.984312812069319,0.9895692178090087,-0.5000000000000001
505.5,9.109386060055629,12.81525329808998,1.4068185510639912,2.984312812069144,0.9895692178088938,-0.5
506.0,9.10938606014983,12.815253298222043,1.4068185510639406,2.9843128120690374,0.9895692178088222,-0.4999999999999998
506.5,9.1093860600906,12.815253298139007,1.4068185510639726,2.984312812069105,0.9895692178088675,-0.49999999999999994
507.0,9.109386060046809,12.815253298077614,1.406818551063996,2.9843128120691538,0.9895692178089004,-0.5
507.5,9.10938606005098,12.815253298083466,1.4068185510639941,2.98431281206915,0.989569217808898,-0.5
508.0,9.109386060133444,12.815253298199071,1.4068185510639495,2.984312812069056,0.9895692178088353,-0.5000000000000001
508.5,9.109386060145853,12.815253298216472,1.4068185510639433,2.984312812069041,0.9895692178088262,-0.49999999999999994
509.0,9.109386059976693,12.815253297979327,1.4068185510640348,2.984312812069236,0.9895692178089548,-0.49999999999999983
509.5,9.109386059941777,12.815253297930377,1.4068185510640534,2.9843128120692763,0.9895692178089815,-0.5000000000000001
510.0,9.109386060015112,12.81525329803319,1.4068185510640143,2.9843128120691933,0.9895692178089266,-0.5000000000000001
510.5,9.109386060033769,12.815253298059346,1.4068185510640043,2.984312812069172,0.9895692178089123,-0.5
511.0,9.109386060035446,12.815253298061693,1.406818551064003,2.984312812069169,0.9895692178089104,-0.5
511.5,9.109386059907239,12.815253297881965,1.4068185510640727,2.984312812069316,0.9895692178090085,-0.5
512.0,9.109386059990552,12.815253297998764,1.406818551064028,2.984312812069223,0.9895692178089456,-0.49999999999999994
512.5,9.10938606013804,12.815253298205523,1.4068185510639482,2.984312812069052,0.9895692178088329,-0.49999999999999983
513.0,9.109386060118968,12.815253298178787,1.4068185510639584,2.984312812069076,0.9895692178088479,-0.5000000000000001
513.5,9.10938606005212,12.815253298085077,1.4068185510639948,2.984312812069152,0.9895692178088988,-0.5
514.0,9.10938606005162,12.815253298084375,1.4068185510639952,2.9843128120691524,0.9895692178088995,-0.5
514.5,9.10938606006875,12.815253298108392,1.406818551063986,2.984312812069133,0.9895692178088864,-0.5
515.0,9.1093860601798,12.815253298264068,1.4068185510639257,2.984312812069006,0.9895692178088017,-0.5
515.5,9.109386060031834,12.81525329805664,1.4068185510640059,2.984312812069176,0.9895692178089144,-0.49999999999999994
516.0,9.109386059932596,12.815253297917518,1.4068185510640596,2.9843128120692897,0.98956921780899,-0.49999999999999994
516.5,9.10938605998945,12.815253297997222,1.406818551064029,2.9843128120692244,0.9895692178089469,-0.5
517.0,9.109386060035405,12.815253298061647,1.4068185510640043,2.984312812069172,0.9895692178089123,-0.5
517.5,9.10938606003098,12.815253298055442,1.4068185510640066,2.9843128120691764,0.9895692178089156,-0.5000000000000001
518.0,9.1093860599538,12.815253297947248,1.4068185510640485,2.984312812069266,0.9895692178089743,-0.49999999999999994
518.5,9.109386059932364,12.815253297917193,1.4068185510640598,2.9843128120692914,0.9895692178089905,-0.5000000000000001
519.0,9.109386060101652,12.81525329815452,1.4068185510639686,2.984312812069096,0.989569217808862,-0.5
519.5,9.109386060141759,12.815253298210743,1.4068185510639468,2.984312812069051,0.9895692178088313,-0.5
520.0,9.10938606006875,12.815253298108393,1.4068185510639861,2.984312812069134,0.9895692178088866,-0.5
520.5,9.109386060047989,12.81525329807929,1.4068185510639977,2.984312812069158,0.9895692178089028,-0.49999999999999994
521.0,9.109386060046814,12.815253298077643,1.4068185510639981,2.9843128120691595,0.9895692178089035,-0.5
521.5,9.109386060172483,12.81525329825382,1.4068185510639306,2.984312812069016,0.9895692178088085,-0.49999999999999994
522.0,9.109386060096606,12.815253298147447,1.4068185510639715,2.9843128120691027,0.9895692178088663,-0.5000000000000001
522.5,9.109386059945914,12.815253297936195,1.4068185510640532,2.9843128120692763,0.9895692178089807,-0.49999999999999983
523.0,9.10938605996079,12.815253297957051,1.4068185510640452,2.98431281206926,0.9895692178089698,-0.5
523.5,9.109386060028871,12.815253298052491,1.406818551064008,2.984312812069181,0.9895692178089176,-0.5
524.0,9.109386060030456,12.815253298054715,1.4068185510640077,2.98431281206918,0.9895692178089169,-0.5
524.5,9.109386060017512,12.815253298036566,1.4068185510640143,2.9843128120691937,0.9895692178089263,-0.49999999999999994
525.0,9.109386059900974,12.815253297873191,1.4068185510640772,2.984312812069328,0.9895692178090144,-0.49999999999999983
525.5,9.109386060044898,12.815253298074959,1.4068185510639997,2.984312812069163,0.9895692178089059,-0.5000000000000001
526.0,9.109386060149038,12.815253298220952,1.4068185510639433,2.9843128120690436,0.9895692178088263,-0.5
526.5,9.109386060094677,12.815253298144745,1.4068185510639728,2.984312812069104,0.989569217808868,-0.5
527.0,9.109386060046525,12.81525329807724,1.4068185510639986,2.9843128120691604,0.9895692178089042,-0.5
527.5,9.109386060051053,12.81525329808359,1.4068185510639966,2.984312812069155,0.989569217808901,-0.4999999999999998
528.0,9.109386060122777,12.81525329818414,1.406818551063958,2.9843128120690734,0.9895692178088469,-0.49999999999999994
528.5,9.109386060153163,12.815253298226738,1.4068185510639413,2.9843128120690383,0.9895692178088236,-0.5
529.0,9.109386059984022,12.815253297989619,1.4068185510640328,2.9843128120692315,0.9895692178089522,-0.5
529.5,9.109386059938661,12.815253297926027,1.4068185510640572,2.9843128120692843,0.9895692178089865,-0.49999999999999994
530.0,9.109386060011142,12.815253298027642,1.4068185510640185,2.9843128120692017,0.9895692178089323,-0.5
530.5,9.109386060033996,12.815253298059678,1.4068185510640057,2.9843128120691755,0.989569217808914,-0.49999999999999994
531.0,9.109386060034584,12.815253298060501,1.4068185510640052,2.9843128120691738,0.9895692178089135,-0.5
531.5,9.109386059911762,12.81525329788832,1.406818551064072,2.9843128120693154,0.9895692178090072,-0.49999999999999983
532.0,9.109386059979881,12.815253297983816,1.406818551064035,2.9843128120692364,0.9895692178089553,-0.5
532.5,9.109386060133533,12.815253298199217,1.4068185510639517,2.9843128120690596,0.9895692178088382,-0.5
533.0,9.10938606012302,12.815253298184478,1.4068185510639573,2.984312812069073,0.989569217808846,-0.49999999999999994
533.5,9.109386060053778,12.815253298087413,1.4068185510639952,2.9843128120691533,0.9895692178088994,-0.49999999999999994
534.0,9.109386060050959,12.815253298083457,1.4068185510639963,2.984312812069156,0.9895692178089011,-0.5
534.5,9.109386060060066,12.815253298096225,1.4068185510639917,2.9843128120691444,0.9895692178088944,-0.49999999999999994
535.0,9.109386060181485,12.815253298266441,1.4068185510639257,2.984312812069006,0.9895692178088017,-0.5
535.5,9.10938606004185,12.815253298070688,1.4068185510640014,2.984312812069166,0.989569217808908,-0.49999999999999994
536.0,9.109386059932856,12.815253297917893,1.4068185510640607,2.9843128120692923,0.9895692178089915,-0.49999999999999994
536.5,9.1093860599846,12.815253297990429,1.4068185510640323,2.9843128120692333,0.9895692178089512,-0.4999999999999998
537.0,9.109386060034858,12.81525329806089,1.4068185510640057,2.984312812069175,0.989569217808914,-0.49999999999999994
537.5,9.109386060030305,12.815253298054502,1.4068185510640077,2.9843128120691795,0.9895692178089172,-0.5000000000000001
538.0,9.109386059964024,12.815253297961585,1.4068185510640436,2.984312812069255,0.9895692178089676,-0.5
538.5,9.109386059924823,12.815253297906633,1.4068185510640652,2.9843128120693003,0.9895692178089978,-0.49999999999999994
539.0,9.10938606009348,12.815253298143068,1.4068185510639737,2.984312812069107,0.9895692178088689,-0.49999999999999983
539.5,9.10938606014408,12.815253298214005,1.4068185510639462,2.984312812069049,0.9895692178088307,-0.5000000000000001
540.0,9.10938606007229,12.815253298113364,1.4068185510639852,2.984312812069132,0.9895692178088854,-0.5
540.5,9.109386060047276,12.815253298078298,1.4068185510639988,2.9843128120691595,0.9895692178089047,-0.5000000000000001
541.0,9.109386060047289,12.815253298078316,1.4068185510639988,2.98431281206916,0.9895692178089044,-0.49999999999999994
541.5,9.109386060166916,12.815253298246018,1.406818551063934,2.984312812069023,0.9895692178088132,-0.5
542.0,9.109386060106724,12.815253298161636,1.4068185510639666,2.984312812069092,0.9895692178088589,-0.49999999999999983
542.5,9.109386059950348,12.815253297942416,1.4068185510640514,2.984312812069272,0.9895692178089786,-0.5
543.0,9.109386059956373,12.81525329795086,1.4068185510640479,2.9843128120692657,0.9895692178089736,-0.5
543.5,9.109386060026663,12.815253298049399,1.4068185510640097,2.9843128120691844,0.9895692178089197,-0.49999999999999994
544.0,9.1093860600308,12.8152532980552,1.4068185510640077,2.9843128120691795,0.9895692178089172,-0.5000000000000001
544.5,9.109386060025129,12.815253298047248,1.4068185510640105,2.9843128120691857,0.989569217808921,-0.5
545.0,9.10938605989953,12.815253297871172,1.4068185510640785,2.984312812069329,0.9895692178090166,-0.5
545.5,9.109386060034455,12.815253298060322,1.4068185510640054,2.984312812069175,0.9895692178089138,-0.5
546.0,9.109386060148122,12.815253298219673,1.4068185510639444,2.9843128120690454,0.9895692178088281,-0.5000000000000001
546.5,9.10938606009924,12.815253298151145,1.4068185510639706,2.984312812069101,0.989569217808865,-0.5000000000000001
547.0,9.109386060046907,12.815253298077776,1.4068185510639986,2.9843128120691604,0.9895692178089041,-0.49999999999999994
547.5,9.109386060051381,12.815253298084048,1.4068185510639961,2.984312812069156,0.9895692178089007,-0.5
548.0,9.10938606011208,12.815253298169143,1.4068185510639635,2.984312812069086,0.989569217808855,-0.5000000000000001
548.5,9.109386060160103,12.815253298236472,1.4068185510639382,2.9843128120690325,0.9895692178088192,-0.5
549.0,9.10938605999224,12.81525329800114,1.4068185510640283,2.9843128120692235,0.9895692178089459,-0.49999999999999994
549.5,9.109386059936343,12.815253297922782,1.406818551064059,2.9843128120692883,0.989569217808989,-0.49999999999999994
550.0,9.10938606000725,12.815253298022185,1.4068185510640205,2.984312812069205,0.989569217808935,-0.5
550.5,9.109386060034467,12.815253298060341,1.4068185510640057,2.984312812069175,0.989569217808914,-0.49999999999999994
551.0,9.109386060033833,12.815253298059453,1.406818551064006,2.9843128120691755,0.9895692178089148,-0.5
551.5,9.109386059917748,12.81525329789671,1.4068185510640685,2.9843128120693088,0.9895692178090025,-0.5
552.0,9.109386059969713,12.815253297969559,1.4068185510640403,2.984312812069249,0.9895692178089629,-0.5
552.5,9.109386060128616,12.81525329819233,1.406818551063955,2.984312812069067,0.9895692178088428,-0.49999999999999994
553.0,9.109386060127157,12.81525329819028,1.4068185510639553,2.9843128120690694,0.9895692178088432,-0.5
553.5,9.109386060055986,12.815253298090504,1.4068185510639937,2.98431281206915,0.9895692178088975,-0.5000000000000001
554.0,9.109386060050413,12.815253298082695,1.406818551063997,2.984312812069157,0.9895692178089022,-0.5000000000000001
554.5,9.109386060053154,12.815253298086537,1.4068185510639954,2.984312812069154,0.9895692178088997,-0.49999999999999994
555.0,9.109386060182187,12.815253298267427,1.4068185510639257,2.984312812069005,0.9895692178088016,-0.49999999999999994
555.5,9.109386060052284,12.815253298085317,1.406818551063996,2.9843128120691538,0.9895692178089003,-0.49999999999999994
556.0,9.109386059933996,12.81525329791949,1.4068185510640598,2.9843128120692906,0.9895692178089902,-0.49999999999999994
556.5,9.109386059979864,12.815253297983793,1.4068185510640352,2.9843128120692377,0.9895692178089553,-0.49999999999999983
557.0,9.109386060034234,12.815253298060014,1.4068185510640059,2.9843128120691746,0.9895692178089145,-0.5
557.5,9.109386060029946,12.815253298054001,1.4068185510640079,2.98431281206918,0.9895692178089172,-0.49999999999999994
558.0,9.109386059974845,12.815253297976753,1.4068185510640374,2.984312812069243,0.989569217808959,-0.5000000000000001
558.5,9.10938605991815,12.815253297897277,1.4068185510640687,2.984312812069308,0.9895692178090028,-0.49999999999999994
559.0,9.109386060084887,12.815253298131026,1.4068185510639786,2.9843128120691174,0.9895692178088763,-0.5000000000000001
559.5,9.109386060146091,12.815253298216822,1.4068185510639448,2.9843128120690454,0.9895692178088286,-0.5
560.0,9.109386060076234,12.815253298118892,1.4068185510639828,2.9843128120691276,0.9895692178088819,-0.49999999999999994
560.5,9.109386060046768,12.815253298077584,1.406818551063999,2.984312812069162,0.989569217808905,-0.5000000000000001
561.0,9.10938606004802,12.815253298079343,1.4068185510639986,2.9843128120691604,0.9895692178089038,-0.49999999999999983
561.5,9.109386060160277,12.815253298236714,1.4068185510639377,2.984312812069031,0.9895692178088182,-0.49999999999999983
562.0,9.109386060116739,12.815253298175675,1.406818551063961,2.98431281206908,0.9895692178088512,-0.49999999999999994
562.5,9.109386059955536,12.815253297949688,1.4068185510640483,2.984312812069266,0.9895692178089741,-0.5
563.0,9.109386059952275,12.815253297945116,1.40681855106405,2.984312812069269,0.9895692178089763,-0.49999999999999983
563.5,9.109386060024233,12.815253298045995,1.4068185510640114,2.984312812069186,0.9895692178089223,-0.5
564.0,9.109386060031328,12.815253298055936,1.406818551064007,2.9843128120691786,0.9895692178089163,-0.5000000000000001
564.5,9.109386060030971,12.815253298055442,1.4068185510640079,2.9843128120691795,0.9895692178089169,-0.49999999999999983
565.0,9.10938605989933,12.815253297870893,1.4068185510640787,2.9843128120693314,0.989569217809017,-0.5
565.5,9.1093860600239,12.815253298045524,1.4068185510640112,2.984312812069188,0.9895692178089222,-0.5000000000000001
566.0,9.109386060146658,12.815253298217621,1.4068185510639453,2.9843128120690467,0.9895692178088289,-0.49999999999999983
566.5,9.109386060103937,12.815253298157728,1.406818551063968,2.9843128120690947,0.989569217808861,-0.49999999999999994
567.0,9.10938606004761,12.815253298078769,1.406818551063999,2.984312812069161,0.9895692178089047,-0.49999999999999994
567.5,9.109386060051612,12.815253298084373,1.4068185510639961,2.9843128120691556,0.9895692178089006,-0.49999999999999994
568.0,9.10938606010123,12.815253298153936,1.4068185510639697,2.9843128120690983,0.9895692178088638,-0.5000000000000001
568.5,9.109386060166237,12.81525329824507,1.4068185510639346,2.984312812069024,0.9895692178088142,-0.5
569.0,9.109386060000942,12.815253298013339,1.4068185510640234,2.9843128120692124,0.9895692178089391,-0.5
569.5,9.109386059934533,12.815253297920245,1.4068185510640598,2.9843128120692906,0.9895692178089905,-0.5000000000000001
570.0,9.109386060003208,12.81525329801652,1.4068185510640228,2.9843128120692097,0.9895692178089379,-0.49999999999999983
570.5,9.10938606003488,12.81525329806092,1.4068185510640054,2.984312812069174,0.9895692178089135,-0.49999999999999983
571.0,9.109386060033039,12.81525329805834,1.4068185510640066,2.984312812069176,0.9895692178089153,-0.49999999999999994
571.5,9.10938605992481,12.815253297906617,1.4068185510640654,2.9843128120693025,0.9895692178089979,-0.49999999999999983
572.0,9.109386059959961,12.815253297955888,1.4068185510640456,2.98431281206926,0.9895692178089703,-0.5
572.5,9.10938606012313,12.815253298184636,1.4068185510639577,2.9843128120690734,0.9895692178088467,-0.5
573.0,9.109386060131097,12.815253298195806,1.4068185510639535,2.9843128120690654,0.9895692178088408,-0.5
573.5,9.109386060058524,12.815253298094063,1.4068185510639923,2.984312812069148,0.9895692178088956,-0.5000000000000001
574.0,9.109386060049832,12.815253298081881,1.4068185510639974,2.984312812069158,0.9895692178089026,-0.5
574.5,9.109386060048402,12.81525329807988,1.4068185510639986,2.98431281206916,0.9895692178089044,-0.5000000000000001
575.0,9.109386060181764,12.815253298266834,1.406818551063926,2.984312812069006,0.9895692178088022,-0.5000000000000001
575.5,9.109386060062867,12.815253298100151,1.40681855106399,2.9843128120691413,0.989569217808892,-0.5
576.0,9.109386059935767,12.815253297921974,1.406818551064059,2.9843128120692892,0.989569217808989,-0.49999999999999994
576.5,9.109386059975181,12.815253297977225,1.4068185510640374,2.9843128120692435,0.9895692178089585,-0.49999999999999983
577.0,9.109386060033383,12.81525329805882,1.406818551064006,2.9843128120691764,0.9895692178089148,-0.5
577.5,9.109386060029786,12.81525329805378,1.4068185510640083,2.9843128120691818,0.9895692178089182,-0.5000000000000001
578.0,9.109386059985646,12.815253297991896,1.4068185510640319,2.984312812069231,0.9895692178089507,-0.49999999999999983
578.5,9.109386059912485,12.815253297889335,1.4068185510640718,2.984312812069315,0.9895692178090072,-0.5
579.0,9.109386060075938,12.81525329811848,1.4068185510639835,2.9843128120691276,0.9895692178088829,-0.49999999999999994
579.5,9.109386060147633,12.815253298218986,1.4068185510639444,2.9843128120690445,0.9895692178088279,-0.5
580.0,9.10938606008036,12.815253298124677,1.406818551063981,2.9843128120691222,0.9895692178088792,-0.49999999999999983
580.5,9.109386060046415,12.81525329807709,1.4068185510639992,2.98431281206916,0.9895692178089049,-0.49999999999999994
581.0,9.109386060048816,12.815253298080458,1.4068185510639981,2.984312812069159,0.9895692178089035,-0.5
581.5,9.10938606015266,12.815253298226033,1.4068185510639415,2.984312812069039,0.9895692178088241,-0.5000000000000001
582.0,9.10938606012625,12.815253298189008,1.406818551063956,2.9843128120690694,0.9895692178088442,-0.5
582.5,9.109386059961349,12.815253297957836,1.4068185510640452,2.9843128120692595,0.9895692178089697,-0.49999999999999994
583.0,9.109386059948498,12.81525329793982,1.406818551064052,2.9843128120692746,0.9895692178089794,-0.5
583.5,9.109386060021547,12.81525329804223,1.4068185510640128,2.984312812069189,0.9895692178089242,-0.5
584.0,9.109386060031934,12.81525329805679,1.4068185510640072,2.9843128120691773,0.9895692178089163,-0.49999999999999994
584.5,9.109386060034447,12.815253298060314,1.4068185510640059,2.984312812069175,0.9895692178089142,-0.49999999999999983
585.0,9.109386059900336,12.815253297872301,1.406818551064078,2.984312812069329,0.989569217809016,-0.5
585.5,9.10938606001329,12.815253298030651,1.4068185510640172,2.984312812069199,0.9895692178089303,-0.49999999999999994
586.0,9.109386060144564,12.815253298214683,1.4068185510639462,2.9843128120690485,0.9895692178088307,-0.5000000000000001
586.5,9.109386060108625,12.8152532981643,1.4068185510639655,2.9843128120690894,0.9895692178088576,-0.5
587.0,9.109386060048607,12.815253298080162,1.406818551063998,2.9843128120691578,0.9895692178089032,-0.5
587.5,9.109386060051687,12.815253298084482,1.4068185510639966,2.984312812069156,0.9895692178089014,-0.5
588.0,9.109386060090372,12.815253298138712,1.4068185510639752,2.984312812069111,0.989569217808871,-0.49999999999999983
588.5,9.109386060171513,12.815253298252465,1.4068185510639317,2.9843128120690174,0.98956921780881,-0.49999999999999994
589.0,9.109386060010214,12.81525329802634,1.4068185510640188,2.9843128120692035,0.9895692178089328,-0.5000000000000001
589.5,9.109386059933213,12.815253297918396,1.4068185510640607,2.9843128120692923,0.9895692178089913,-0.49999999999999983
590.0,9.109386059998943,12.81525329801054,1.4068185510640248,2.984312812069215,0.9895692178089412,-0.5000000000000001
590.5,9.109386060035167,12.81525329806132,1.4068185510640052,2.984312812069174,0.9895692178089135,-0.5
591.0,9.109386060032241,12.815253298057216,1.4068185510640066,2.9843128120691773,0.9895692178089156,-0.5000000000000001
591.5,9.109386059933021,12.815253297918124,1.4068185510640605,2.9843128120692906,0.989569217808991,-0.49999999999999983
592.0,9.109386059950543,12.815253297942688,1.406818551064051,2.984312812069272,0.9895692178089779,-0.5
592.5,9.109386060116913,12.81525329817592,1.406818551063961,2.984312812069081,0.9895692178088515,-0.5000000000000001
593.0,9.109386060134787,12.815253298200977,1.4068185510639513,2.9843128120690596,0.9895692178088373,-0.49999999999999983
593.5,9.109386060061398,12.815253298098096,1.4068185510639912,2.9843128120691436,0.9895692178088935,-0.49999999999999983
594.0,9.109386060049196,12.815253298080991,1.406818551063998,2.9843128120691573,0.9895692178089028,-0.49999999999999983
594.5,9.10938606004634,12.815253298076986,1.4068185510639992,2.9843128120691613,0.989569217808905,-0.5
595.0,9.109386060180098,12.8152532982645,1.406818551063927,2.9843128120690086,0.9895692178088032,-0.49999999999999983
595.5,9.109386060073591,12.815253298115186,1.4068185510639843,2.9843128120691294,0.9895692178088844,-0.5000000000000001
596.0,9.109386059938213,12.815253297925404,1.4068185510640578,2.9843128120692857,0.9895692178089874,-0.49999999999999994
596.5,9.10938605997045,12.815253297970598,1.4068185510640405,2.984312812069248,0.9895692178089631,-0.49999999999999994
597.0,9.10938606003223,12.815253298057206,1.406818551064007,2.9843128120691778,0.989569217808916,-0.5
597.5,9.109386060029793,12.81525329805379,1.4068185510640083,2.98431281206918,0.9895692178089179,-0.5
598.0,9.109386059996497,12.815253298007109,1.406818551064026,2.9843128120692186,0.9895692178089431,-0.5000000000000001
598.5,9.109386059907628,12.815253297882526,1.4068185510640743,2.9843128120693203,0.9895692178090106,-0.5
599.0,9.109386060066385,12.815253298105086,1.4068185510639886,2.9843128120691387,0.9895692178088901,-0.5
599.5,9.109386060148672,12.815253298220442,1.4068185510639437,2.984312812069044,0.9895692178088266,-0.4999999999999998
600.0,9.10938606004132,12.815253298069944,1.4068185510640017,2.984312812069167,0.9895692178089085,-0.5
