lam_N,mu,pole_index,re,im,G_exact_DC,G_exact_DC_imag,mark,D_star,N_star,A_star,S_star
0.5,6.0,0,-0.10000000000000211,0.0,-9.006290666846247e-06,0.0,,49.05497393540559,0.0025790857688985135,0.4554611466134675,2.2225318765813515
0.5,6.0,1,-0.10000100121651943,0.0,-9.006290666846247e-06,0.0,,49.05497393540559,0.0025790857688985135,0.4554611466134675,2.2225318765813515
0.5,6.0,2,-0.9999989941114242,0.0,-9.006290666846247e-06,0.0,,49.05497393540559,0.0025790857688985135,0.4554611466134675,2.2225318765813515
0.5,6.0,3,-193.86882345527383,0.0,-9.006290666846247e-06,0.0,,49.05497393540559,0.0025790857688985135,0.4554611466134675,2.2225318765813515
0.5,-3.0,0,-0.09578147939097889,0.0,0.002281427204534945,0.0,,49.05497393540559,0.0025790857688985135,0.4554611466134675,2.2225318765813515
0.5,-3.0,1,-0.10611262225031277,0.0,0.002281427204534945,0.0,,49.05497393540559,0.0025790857688985135,0.4554611466134675,2.2225318765813515
0.5,-3.0,2,-0.9999716582476013,0.0,0.002281427204534945,0.0,,49.05497393540559,0.0025790857688985135,0.4554611466134675,2.2225318765813515
0.5,-3.0,3,-193.86695769071278,0.0,0.002281427204534945,0.0,,49.05497393540559,0.0025790857688985135,0.4554611466134675,2.2225318765813515
0.5108023252908401,6.0,0,-0.09999999999994003,0.0,-1.0625193157768833e-05,0.0,,49.0173177697014,0.002636829085955954,0.4653010411585014,2.1136679037056747
0.5108023252908401,6.0,1,-0.10000118118837376,0.0,-1.0625193157768833e-05,0.0,,49.0173177697014,0.002636829085955954,0.4653010411585014,2.1136679037056747
0.5108023252908401,6.0,2,-0.9999988132955626,0.0,-1.0625193157768833e-05,0.0,,49.0173177697014,0.002636829085955954,0.4653010411585014,2.1136679037056747
0.5108023252908401,6.0,3,-193.7201191347425,0.0,-1.0625193157768833e-05,0.0,,49.0173177697014,0.002636829085955954,0.4653010411585014,2.1136679037056747
0.5108023252908401,-3.0,0,-0.09537225731888067,0.0,0.0026883553317009127,0.0,,49.0173177697014,0.002636829085955954,0.4653010411585014,2.1136679037056747
0.5108023252908401,-3.0,1,-0.10656868770426092,0.0,0.0026883553317009127,0.0,,49.0173177697014,0.002636829085955954,0.4653010411585014,2.1136679037056747
0.5108023252908401,-3.0,2,-0.9999665877984905,0.0,0.0026883553317009127,0.0,,49.0173177697014,0.002636829085955954,0.4653010411585014,2.1136679037056747
0.5108023252908401,-3.0,3,-193.7182115964048,0.0,0.0026883553317009127,0.0,,49.0173177697014,0.002636829085955954,0.4653010411585014,2.1136679037056747
0.5218380310450585,6.0,0,-0.09999999999997083,0.0,-1.255252592821627e-05,0.0,,48.975723707337906,0.0026960834605940062,0.4753534991687081,2.0087592637464624
0.5218380310450585,6.0,1,-0.10000139544825869,0.0,-1.255252592821627e-05,0.0,,48.975723707337906,0.0026960834605940062,0.4753534991687081,2.0087592637464624
0.5218380310450585,6.0,2,-0.9999985980295006,0.0,-1.255252592821627e-05,0.0,,48.975723707337906,0.0026960834605940062,0.4753534991687081,2.0087592637464624
0.5218380310450585,6.0,3,-193.55586110475633,0.0,-1.255252592821627e-05,0.0,,48.975723707337906,0.0026960834605940062,0.4753534991687081,2.0087592637464624
0.5218380310450585,-3.0,0,-0.0949226994142643,0.0,0.0031719801272432346,0.0,,48.975723707337906,0.0026960834605940062,0.4753534991687081,2.0087592637464624
0.5218380310450585,-3.0,1,-0.10706714096833103,0.0,0.0031719801272432346,0.0,,48.975723707337906,0.0026960834605940062,0.4753534991687081,2.0087592637464624
0.5218380310450585,-3.0,2,-0.9999605585614622,0.0,0.0031719801272432346,0.0,,48.975723707337906,0.0026960834605940062,0.4753534991687081,2.0087592637464624
0.5218380310450585,-3.0,3,-193.55391069929007,0.0,0.0031719801272432346,0.0,,48.975723707337906,0.0026960834605940062,0.4753534991687081,2.0087592637464624
0.533112159366019,6.0,0,-0.09999999999993968,0.0,-1.484934302696173e-05,0.0,,48.92951554099675,0.002756931198254028,0.48562310847754353,1.9077982010469652
0.533112159366019,6.0,1,-0.10000165078378054,0.0,-1.484934302696173e-05,0.0,,48.92951554099675,0.002756931198254028,0.48562310847754353,1.9077982010469652
0.533112159366019,6.0,2,-0.9999983414932644,0.0,-1.484934302696173e-05,0.0,,48.92951554099675,0.002756931198254028,0.48562310847754353,1.9077982010469652
0.533112159366019,6.0,3,-193.373378399939,0.0,-1.484934302696173e-05,0.0,,48.92951554099675,0.002756931198254028,0.48562310847754353,1.9077982010469652
0.533112159366019,-3.0,0,-0.09442890620864074,0.0,0.003747227417893326,0.0,,48.92951554099675,0.002756931198254028,0.48562310847754353,1.9077982010469652
0.533112159366019,-3.0,1,-0.10761212836321939,0.0,0.003747227417893326,0.0,,48.92951554099675,0.002756931198254028,0.48562310847754353,1.9077982010469652
0.533112159366019,-3.0,2,-0.9999533832377969,0.0,0.003747227417893326,0.0,,48.92951554099675,0.002756931198254028,0.48562310847754353,1.9077982010469652
0.533112159366019,-3.0,3,-193.37138397440648,0.0,0.003747227417893326,0.0,,48.92951554099675,0.002756931198254028,0.48562310847754353,1.9077982010469652
0.5446298612899668,6.0,0,-0.09999999999997077,0.0,-1.7589104168562462e-05,0.0,,48.87788828877585,0.002819467113908314,0.49611455505895535,1.8107619296184758
0.5446298612899668,6.0,1,-0.10000195536145434,0.0,-1.7589104168562462e-05,0.0,,48.87788828877585,0.002819467113908314,0.49611455505895535,1.8107619296184758
0.5446298612899668,6.0,2,-0.9999980354809223,0.0,-1.7589104168562462e-05,0.0,,48.87788828877585,0.002819467113908314,0.49611455505895535,1.8107619296184758
0.5446298612899668,6.0,3,-193.16949140344607,0.0,-1.7589104168562462e-05,0.0,,48.87788828877585,0.002819467113908314,0.49611455505895535,1.8107619296184758
0.5446298612899668,-3.0,0,-0.0938866225264322,0.0,0.004431966404221731,0.0,,48.87788828877585,0.002819467113908314,0.49611455505895535,1.8107619296184758
0.5446298612899668,-3.0,1,-0.10820819808256431,0.0,0.004431966404221731,0.0,,48.87788828877585,0.002819467113908314,0.49611455505895535,1.8107619296184758
0.5446298612899668,-3.0,2,-0.9999448374150743,0.0,0.004431966404221731,0.0,,48.87788828877585,0.002819467113908314,0.49611455505895535,1.8107619296184758
0.5446298612899668,-3.0,3,-193.16745173626438,0.0,0.004431966404221731,0.0,,48.87788828877585,0.002819467113908314,0.49611455505895535,1.8107619296184758
0.5563963991394856,6.0,0,-0.09999999999993968,0.0,-2.0860242912851126e-05,0.0,,48.81988349330349,0.002883801233919972,0.50683262492606,1.7176139067355702
0.5563963991394856,6.0,1,-0.10000231901276037,0.0,-2.0860242912851126e-05,0.0,,48.81988349330349,0.002883801233919972,0.50683262492606,1.7176139067355702
0.5563963991394856,6.0,2,-0.9999976701135812,0.0,-2.0860242912851126e-05,0.0,,48.81988349330349,0.002883801233919972,0.50683262492606,1.7176139067355702
0.5563963991394856,6.0,3,-192.94041428022462,0.0,-2.0860242912851126e-05,0.0,,48.81988349330349,0.002883801233919972,0.50683262492606,1.7176139067355702
0.5563963991394856,-3.0,0,-0.09329121138201897,0.0,0.005247584979410868,0.0,,48.81988349330349,0.002883801233919972,0.50683262492606,1.7176139067355702
0.5563963991394856,-3.0,1,-0.10886033555562503,0.0,0.005247584979410868,0.0,,48.81988349330349,0.002883801233919972,0.50683262492606,1.7176139067355702
0.5563963991394856,-3.0,2,-0.9999346522625662,0.0,0.005247584979410868,0.0,,48.81988349330349,0.002883801233919972,0.50683262492606,1.7176139067355702
0.5563963991394856,-3.0,3,-192.9383280701505,0.0,0.005247584979410868,0.0,,48.81988349330349,0.002883801233919972,0.50683262492606,1.7176139067355702
0.5684171489277993,6.0,0,-0.10000000000000195,0.0,-2.4769274332103244e-05,0.0,,48.754359988426046,0.002950062119472389,0.5177822060195106,1.6283051281684735
0.5684171489277993,6.0,1,-0.10000275357913242,0.0,-2.4769274332103244e-05,0.0,,48.754359988426046,0.002950062119472389,0.5177822060195106,1.6283051281684735
0.5684171489277993,6.0,2,-0.9999972334920644,0.0,-2.4769274332103244e-05,0.0,,48.754359988426046,0.002950062119472389,0.5177822060195106,1.6283051281684735
0.5684171489277993,6.0,3,-192.6816395075894,0.0,-2.4769274332103244e-05,0.0,,48.754359988426046,0.002950062119472389,0.5177822060195106,1.6283051281684735
0.5684171489277993,-3.0,0,-0.09263762804262889,0.0,0.006219672245128866,0.0,,48.754359988426046,0.002950062119472389,0.5177822060195106,1.6283051281684735
0.5684171489277993,-3.0,1,-0.10957400047128693,0.0,0.006219672245128866,0.0,,48.754359988426046,0.002950062119472389,0.5177822060195106,1.6283051281684735
0.5684171489277993,-3.0,2,-0.9999225058492615,0.0,0.006219672245128866,0.0,,48.754359988426046,0.002950062119472389,0.5177822060195106,1.6283051281684735
0.5684171489277993,-3.0,3,-192.67950536029727,0.0,0.006219672245128866,0.0,,48.754359988426046,0.002950062119472389,0.5177822060195106,1.6283051281684735
0.5806976028150193,6.0,0,-0.09999999999997039,0.0,-2.9444557109996178e-05,0.0,,48.67995942027089,0.003018400957612947,0.5289682900732477,1.5427754252790817
0.5806976028150193,6.0,1,-0.1000032733308644,0.0,-2.9444557109996178e-05,0.0,,48.67995942027089,0.003018400957612947,0.5289682900732477,1.5427754252790817
0.5806976028150193,6.0,2,-0.9999967112764029,0.0,-2.9444557109996178e-05,0.0,,48.67995942027089,0.003018400957612947,0.5289682900732477,1.5427754252790817
0.5806976028150193,6.0,3,-192.38780168608523,0.0,-2.9444557109996178e-05,0.0,,48.67995942027089,0.003018400957612947,0.5289682900732477,1.5427754252790817
0.5806976028150193,-3.0,0,-0.0919203950727132,0.0,0.007378825427047054,0.0,,48.67995942027089,0.003018400957612947,0.5289682900732477,1.5427754252790817
0.5806976028150193,-3.0,1,-0.11035516498080011,0.0,0.007378825427047054,0.0,,48.67995942027089,0.003018400957612947,0.5289682900732477,1.5427754252790817
0.5806976028150193,-3.0,2,-0.999908012857102,0.0,0.007378825427047054,0.0,,48.67995942027089,0.003018400957612947,0.5289682900732477,1.5427754252790817
0.5806976028150193,-3.0,3,-192.38561809778176,0.0,0.007378825427047054,0.0,,48.67995942027089,0.003018400957612947,0.5289682900732477,1.5427754252790817
0.5932433716174571,6.0,0,-0.10000000000000214,0.0,-3.5040849965873275e-05,0.0,,48.59506575623734,0.0030889966000581704,0.5403959744422341,1.460954746537645
0.5932433716174571,6.0,1,-0.10000389547304016,0.0,-3.5040849965873275e-05,0.0,,48.59506575623734,0.0030889966000581704,0.5403959744422341,1.460954746537645
0.5932433716174571,6.0,2,-0.9999960861764501,0.0,-3.5040849965873275e-05,0.0,,48.59506575623734,0.0030889966000581704,0.5403959744422341,1.460954746537645
0.5932433716174571,6.0,3,-192.05251760327798,0.0,-3.5040849965873275e-05,0.0,,48.59506575623734,0.0030889966000581704,0.5403959744422341,1.460954746537645
0.5932433716174571,-3.0,0,-0.09113357947879075,0.0,0.008761599795868491,0.0,,48.59506575623734,0.0030889966000581704,0.5403959744422341,1.460954746537645
0.5932433716174571,-3.0,1,-0.1112103523396969,0.0,0.008761599795868491,0.0,,48.59506575623734,0.0030889966000581704,0.5403959744422341,1.460954746537645
0.5932433716174571,-3.0,2,-0.999890712440428,0.0,0.008761599795868491,0.0,,48.59506575623734,0.0030889966000581704,0.5403959744422341,1.460954746537645
0.5932433716174571,-3.0,3,-192.05028294066852,0.0,0.008761599795868491,0.0,,48.59506575623734,0.0030889966000581704,0.5403959744422341,1.460954746537645
0.6060601873711502,6.0,0,-0.09999999999997072,0.0,-4.174483284774561e-05,0.0,,48.4977579896544,0.0031620617733311564,0.5520704638728459,1.3827644084178805
0.6060601873711502,6.0,1,-0.10000464076006634,0.0,-4.174483284774561e-05,0.0,,48.4977579896544,0.0031620617733311564,0.5520704638728459,1.3827644084178805
0.6060601873711502,6.0,2,-0.9999953373345668,0.0,-4.174483284774561e-05,0.0,,48.4977579896544,0.0031620617733311564,0.5520704638728459,1.3827644084178805
0.6060601873711502,6.0,3,-191.66819942119287,0.0,-4.174483284774561e-05,0.0,,48.4977579896544,0.0031620617733311564,0.5520704638728459,1.3827644084178805
0.6060601873711502,-3.0,0,-0.09027077346245273,0.0,0.010411620985887878,0.0,,48.4977579896544,0.0031620617733311564,0.5520704638728459,1.3827644084178805
0.6060601873711502,-3.0,1,-0.11214667490745334,0.0,0.010411620985887878,0.0,,48.4977579896544,0.0031620617733311564,0.5520704638728459,1.3827644084178805
0.6060601873711502,-3.0,2,-0.9998700539671231,0.0,0.010411620985887878,0.0,,48.4977579896544,0.0031620617733311564,0.5520704638728459,1.3827644084178805
0.6060601873711502,-3.0,3,-191.66591189695055,0.0,0.010411620985887878,0.0,,48.4977579896544,0.0031620617733311564,0.5520704638728459,1.3827644084178805
0.6191539059507716,6.0,0,-0.09999999999993948,0.0,-4.978180081365937e-05,0.0,,48.38575527160194,0.0032378507374188647,0.5639970721917233,1.3081183030449668
0.6191539059507716,6.0,1,-0.1000055342395207,0.0,-4.978180081365937e-05,0.0,,48.38575527160194,0.0032378507374188647,0.5639970721917233,1.3081183030449668
0.6191539059507716,6.0,2,-0.9999944395770061,0.0,-4.978180081365937e-05,0.0,,48.38575527160194,0.0032378507374188647,0.5639970721917233,1.3081183030449668
0.6191539059507716,6.0,3,-191.2258379519905,0.0,-4.978180081365937e-05,0.0,,48.38575527160194,0.0032378507374188647,0.5639970721917233,1.3081183030449668
0.6191539059507716,-3.0,0,-0.08932508078385387,0.0,0.012380878781659003,0.0,,48.38575527160194,0.0032378507374188647,0.5639970721917233,1.3081183030449668
0.6191539059507716,-3.0,1,-0.11317186997108865,0.0,0.012380878781659003,0.0,,48.38575527160194,0.0032378507374188647,0.5639970721917233,1.3081183030449668
0.6191539059507716,-3.0,2,-0.9998453803735313,0.0,0.012380878781659003,0.0,,48.38575527160194,0.0032378507374188647,0.5639970721917233,1.3081183030449668
0.6191539059507716,-3.0,3,-191.2234955946784,0.0,0.012380878781659003,0.0,,48.38575527160194,0.0032378507374188647,0.5639970721917233,1.3081183030449668
0.6325305097451205,6.0,0,-0.10000000000006441,0.0,-5.942378459904339e-05,0.0,,48.25635380456143,0.0033166687357937537,0.5761812238829235,1.2369240522995255
0.6325305097451205,6.0,1,-0.10000660615525574,0.0,-5.942378459904339e-05,0.0,,48.25635380456143,0.0033166687357937537,0.5761812238829235,1.2369240522995255
0.6325305097451205,6.0,2,-0.9999933625055469,0.0,-5.942378459904339e-05,0.0,,48.25635380456143,0.0033166687357937537,0.5761812238829235,1.2369240522995255
0.6325305097451205,6.0,3,-190.71475339403509,0.0,-5.942378459904339e-05,0.0,,48.25635380456143,0.0033166687357937537,0.5761812238829235,1.2369240522995255
0.6325305097451205,-3.0,0,-0.08828911136059635,0.0,0.014731219295016713,0.0,,48.25635380456143,0.0033166687357937537,0.5761812238829235,1.2369240522995255
0.6325305097451205,-3.0,1,-0.11429433126699615,0.0,0.014731219295016713,0.0,,48.25635380456143,0.0033166687357937537,0.5761812238829235,1.2369240522995255
0.6325305097451205,-3.0,2,-0.9998159088820869,0.0,0.014731219295016713,0.0,,48.25635380456143,0.0033166687357937537,0.5761812238829235,1.2369240522995255
0.6325305097451205,-3.0,3,-190.71235401118622,0.0,0.014731219295016713,0.0,,48.25635380456143,0.0033166687357937537,0.5761812238829235,1.2369240522995255
0.6461961103904159,6.0,0,-0.10000000000006486,0.0,-7.099940872274283e-05,0.0,,48.10635505931759,0.0033988836632557673,0.5886284555156267,1.1690841003150834
0.6461961103904159,6.0,1,-0.10000789304420134,0.0,-7.099940872274283e-05,0.0,,48.10635505931759,0.0033988836632557673,0.5886284555156267,1.1690841003150834
0.6461961103904159,6.0,2,-0.9999920693944484,0.0,-7.099940872274283e-05,0.0,,48.10635505931759,0.0033988836632557673,0.5886284555156267,1.1690841003150834
0.6461961103904159,6.0,3,-190.122311796247,0.0,-7.099940872274283e-05,0.0,,48.10635505931759,0.0033988836632557673,0.5886284555156267,1.1690841003150834
0.6461961103904159,-3.0,0,-0.08715498749569213,0.0,0.01753604746341301,0.0,,48.10635505931759,0.0033988836632557673,0.5886284555156267,1.1690841003150834
0.6461961103904159,-3.0,1,-0.11552313331798497,0.0,0.01753604746341301,0.0,,48.10635505931759,0.0033988836632557673,0.5886284555156267,1.1690841003150834
0.6461961103904159,-3.0,2,-0.9997807088795624,0.0,0.01753604746341301,0.0,,48.10635505931759,0.0033988836632557673,0.5886284555156267,1.1690841003150834
0.6461961103904159,-3.0,3,-190.11985292899254,0.0,0.01753604746341301,0.0,,48.10635505931759,0.0033988836632557673,0.5886284555156267,1.1690841003150834
0.6601569515626418,6.0,0,-0.09999999999993936,0.0,-8.4905868339804e-05,0.0,,47.93198528700189,0.0034849404802722176,0.6013444169753449,1.104496738370459
0.6601569515626418,6.0,1,-0.10000943906762949,0.0,-8.4905868339804e-05,0.0,,47.93198528700189,0.0034849404802722176,0.6013444169753449,1.104496738370459
0.6601569515626418,6.0,2,-0.9999905158498615,0.0,-8.4905868339804e-05,0.0,,47.93198528700189,0.0034849404802722176,0.6013444169753449,1.104496738370459
0.6601569515626418,6.0,3,-189.43360714005217,0.0,-8.4905868339804e-05,0.0,,47.93198528700189,0.0034849404802722176,0.6013444169753449,1.104496738370459
0.6601569515626418,-3.0,0,-0.08591436606561277,0.0,0.02088224253594238,0.0,,47.93198528700189,0.0034849404802722176,0.6013444169753449,1.104496738370459
0.6601569515626418,-3.0,1,-0.11686804474105143,0.0,0.02088224253594238,0.0,,47.93198528700189,0.0034849404802722176,0.6013444169753449,1.104496738370459
0.6601569515626418,-3.0,2,-0.9997386768520968,0.0,0.02088224253594238,0.0,,47.93198528700189,0.0034849404802722176,0.6013444169753449,1.104496738370459
0.6601569515626418,-3.0,3,-189.43108600731102,0.0,0.02088224253594238,0.0,,47.93198528700189,0.0034849404802722176,0.6013444169753449,1.104496738370459
0.6744194118302198,6.0,0,-0.10000000000009528,0.0,-0.00010162349353135958,0.0,,47.72880697340739,0.003575379032055144,0.6143348724398104,1.0430570580648637
0.6744194118302198,6.0,1,-0.100011297630878,0.0,-0.00010162349353135958,0.0,,47.72880697340739,0.003575379032055144,0.6143348724398104,1.0430570580648637
0.6744194118302198,6.0,2,-0.999988648178974,0.0,-0.00010162349353135958,0.0,,47.72880697340739,0.003575379032055144,0.6143348724398104,1.0430570580648637
0.6744194118302198,6.0,3,-188.63111159552008,0.0,-0.00010162349353135958,0.0,,47.72880697340739,0.003575379032055144,0.6143348724398104,1.0430570580648637
0.6744194118302198,-3.0,0,-0.08455848211026712,0.0,0.024872273770485228,0.0,,47.72880697340739,0.003575379032055144,0.6143348724398104,1.0430570580648637
0.6744194118302198,-3.0,1,-0.11833952549450126,0.0,0.024872273770485228,0.0,,47.72880697340739,0.003575379032055144,0.6143348724398104,1.0430570580648637
0.6744194118302198,-3.0,2,-0.999688508442859,0.0,0.024872273770485228,0.0,,47.72880697340739,0.003575379032055144,0.6143348724398104,1.0430570580648637
0.6744194118302198,-3.0,3,-188.62852502528233,0.0,0.024872273770485228,0.0,,47.72880697340739,0.003575379032055144,0.6143348724398104,1.0430570580648637
0.6889900075683141,6.0,0,-0.10000000000000822,0.0,-0.00012173347897492596,0.0,,47.4916239274201,0.003670856090706986,0.6276057010261459,0.9846578303484956
0.6889900075683141,6.0,1,-0.10001353335678796,0.0,-0.00012173347897492596,0.0,,47.4916239274201,0.003670856090706986,0.6276057010261459,0.9846578303484956
0.6889900075683141,6.0,2,-0.9999864014037351,0.0,-0.00012173347897492596,0.0,,47.4916239274201,0.003670856090706986,0.6276057010261459,0.9846578303484956
0.6889900075683141,6.0,3,-187.69430063500783,0.0,-0.00012173347897492596,0.0,,47.4916239274201,0.003670856090706986,0.6276057010261459,0.9846578303484956
0.6889900075683141,-3.0,0,-0.08307822054854655,0.0,0.029626479438102378,0.0,,47.4916239274201,0.003670856090706986,0.6276057010261459,0.9846578303484956
0.6889900075683141,-3.0,1,-0.11994870159558305,0.0,0.029626479438102378,0.0,,47.4916239274201,0.003670856090706986,0.6276057010261459,0.9846578303484956
0.6889900075683141,-3.0,2,-0.9996286679699071,0.0,0.029626479438102378,0.0,,47.4916239274201,0.003670856090706986,0.6276057010261459,0.9846578303484956
0.6889900075683141,-3.0,3,-187.6916449796542,0.0,0.029626479438102378,0.0,,47.4916239274201,0.003670856090706986,0.6276057010261459,0.9846578303484956
0.7038753959360967,6.0,0,-0.10000000000013318,0.0,-0.00014593949424136798,0.0,,47.2143832387938,0.0037721726412543862,0.6411628970174928,0.9291903094585613
0.7038753959360967,6.0,1,-0.10001622448779265,0.0,-0.00014593949424136798,0.0,,47.2143832387938,0.0037721726412543862,0.6411628970174928,0.9291903094585613
0.7038753959360967,6.0,2,-0.9999836968384086,0.0,-0.00014593949424136798,0.0,,47.2143832387938,0.0037721726412543862,0.6411628970174928,0.9291903094585613
0.7038753959360967,6.0,3,-186.5992657841261,0.0,-0.00014593949424136798,0.0,,47.2143832387938,0.0037721726412543862,0.6411628970174928,0.9291903094585613
0.7038753959360967,-3.0,0,-0.08146422415180933,0.0,0.03528543633952427,0.0,,47.2143832387938,0.0037721726412543862,0.6411628970174928,0.9291903094585613
0.7038753959360967,-3.0,1,-0.12170730916722218,0.0,0.03528543633952427,0.0,,47.2143832387938,0.0037721726412543862,0.6411628970174928,0.9291903094585613
0.7038753959360967,-3.0,2,-0.9995573561521072,0.0,0.03528543633952427,0.0,,47.2143832387938,0.0037721726412543862,0.6411628970174928,0.9291903094585613
0.7038753959360967,-3.0,3,-186.59653681598115,0.0,0.03528543633952427,0.0,,47.2143832387938,0.0037721726412543862,0.6411628970174928,0.9291903094585613
0.719082377918338,6.0,0,-0.10000000000010206,0.0,-0.00017509406361257914,0.0,,46.89007953092257,0.0038803076857076824,0.6550125695542182,0.8765449620794493
0.719082377918338,6.0,1,-0.10001946582268424,0.0,-0.00017509406361257914,0.0,,46.89007953092257,0.0038803076857076824,0.6550125695542182,0.8765449620794493
0.719082377918338,6.0,2,-0.9999804391304586,0.0,-0.00017509406361257914,0.0,,46.89007953092257,0.0038803076857076824,0.6550125695542182,0.8765449620794493
0.719082377918338,6.0,3,-185.31833644218676,0.0,-0.00017509406361257914,0.0,,46.89007953092257,0.0038803076857076824,0.6550125695542182,0.8765449620794493
0.719082377918338,-3.0,0,-0.07970704735749772,0.0,0.04201229578305633,0.0,,46.89007953092257,0.0038803076857076824,0.6550125695542182,0.8765449620794493
0.719082377918338,-3.0,1,-0.12362759781272559,0.0,0.04201229578305633,0.0,,46.89007953092257,0.0038803076857076824,0.6550125695542182,0.8765449620794493
0.719082377918338,-3.0,2,-0.9994724773844053,0.0,0.04201229578305633,0.0,,46.89007953092257,0.0038803076857076824,0.6550125695542182,0.8765449620794493
0.719082377918338,-3.0,3,-185.31552922458522,0.0,0.04201229578305633,0.0,,46.89007953092257,0.0038803076857076824,0.6550125695542182,0.8765449620794493
0.7346179014327073,6.0,0,-0.10000000000003928,0.0,-0.00021023082569396014,0.0,,46.510669923601355,0.003996460159805826,0.6691609416456243,0.8266121231129958
0.7346179014327073,6.0,1,-0.10002337230499156,0.0,-0.00021023082569396014,0.0,,46.510669923601355,0.003996460159805826,0.6691609416456243,0.8266121231129958
0.7346179014327073,6.0,2,-0.9999765126388763,0.0,-0.00021023082569396014,0.0,,46.510669923601355,0.003996460159805826,0.6691609416456243,0.8266121231129958
0.7346179014327073,6.0,3,-183.81974401238523,0.0,-0.00021023082569396014,0.0,,46.510669923601355,0.003996460159805826,0.6691609416456243,0.8266121231129958
0.7346179014327073,-3.0,0,-0.07779736682402799,0.0,0.049994891637235174,0.0,,46.510669923601355,0.003996460159805826,0.6691609416456243,0.8266121231129958
0.7346179014327073,-3.0,1,-0.12572218140803068,0.0,0.049994891637235174,0.0,,46.510669923601355,0.003996460159805826,0.6691609416456243,0.8266121231129958
0.7346179014327073,-3.0,2,-0.9993716087260585,0.0,0.049994891637235174,0.0,,46.510669923601355,0.003996460159805826,0.6691609416456243,0.8266121231129958
0.7346179014327073,-3.0,3,-183.816852740371,0.0,0.049994891637235174,0.0,,46.510669923601355,0.003996460159805826,0.6691609416456243,0.8266121231129958
0.7504890645042082,6.0,0,-0.10000000000003305,0.0,-0.0002526040676635748,0.0,,46.06701202995964,0.004122100960891254,0.6836143483213237,0.7792825803200596
0.7504890645042082,6.0,1,-0.10002808342349861,0.0,-0.0002526040676635748,0.0,,46.06701202995964,0.004122100960891254,0.6836143483213237,0.7792825803200596
0.7504890645042082,6.0,2,-0.9999717769914749,0.0,-0.0002526040676635748,0.0,,46.06701202995964,0.004122100960891254,0.6836143483213237,0.7792825803200596
0.7504890645042082,6.0,3,-182.06737702355025,0.0,-0.0002526040676635748,0.0,,46.06701202995964,0.004122100960891254,0.6836143483213237,0.7792825803200596
0.7504890645042082,-3.0,0,-0.07572626054065289,0.0,0.05944733354616403,0.0,,46.06701202995964,0.004122100960891254,0.6836143483213237,0.7792825803200596
0.7504890645042082,-3.0,1,-0.1280038226889312,0.0,0.05944733354616403,0.0,,46.06701202995964,0.004122100960891254,0.6836143483213237,0.7792825803200596
0.7504890645042082,-3.0,2,-0.999251973857584,0.0,0.05944733354616403,0.0,,46.06701202995964,0.004122100960891254,0.6836143483213237,0.7792825803200596
0.7504890645042082,-3.0,3,-182.06439482687807,0.0,0.05944733354616403,0.0,,46.06701202995964,0.004122100960891254,0.6836143483213237,0.7792825803200596
0.7667031185081937,6.0,0,-0.10000000000003924,0.0,-0.00030373729868265695,0.0,,45.54884216848182,0.004259037603286762,0.6983792336942568,0.7344480907938777
0.7667031185081937,6.0,1,-0.10003376861954301,0.0,-0.00030373729868265695,0.0,,45.54884216848182,0.004259037603286762,0.6983792336942568,0.7344480907938777
0.7667031185081937,6.0,2,-0.9999660616200927,0.0,-0.00030373729868265695,0.0,,45.54884216848182,0.004259037603286762,0.6983792336942568,0.7344480907938777
0.7667031185081937,6.0,3,-180.0206951097057,0.0,-0.00030373729868265695,0.0,,45.54884216848182,0.004259037603286762,0.6983792336942568,0.7344480907938777
0.7667031185081937,-3.0,0,-0.07348556736380928,0.0,0.07061068275490505,0.0,,45.54884216848182,0.004259037603286762,0.6983792336942568,0.7344480907938777
0.7667031185081937,-3.0,1,-0.13048513695041408,0.0,0.07061068275490505,0.0,,45.54884216848182,0.004259037603286762,0.6983792336942568,0.7344480907938777
0.7667031185081937,-3.0,2,-0.9991104266397031,0.0,0.07061068275490505,0.0,,45.54884216848182,0.004259037603286762,0.6983792336942568,0.7344480907938777
0.7667031185081937,-3.0,3,-180.01761380899123,0.0,0.07061068275490505,0.0,,45.54884216848182,0.004259037603286762,0.6983792336942568,0.7344480907938777
0.7832674714834479,6.0,0,-0.10000000000007091,0.0,-0.00036548311228561304,0.0,,44.94481660774933,0.004409494677750679,0.7134621466471954,0.6920018327639746
0.7832674714834479,6.0,1,-0.10004063395244868,0.0,-0.00036548311228561304,0.0,,44.94481660774933,0.004409494677750679,0.7134621466471954,0.6920018327639746
0.7832674714834479,6.0,2,-0.9999591590164836,0.0,-0.00036548311228561304,0.0,,44.94481660774933,0.004409494677750679,0.7134621466471954,0.6920018327639746
0.7832674714834479,6.0,3,-177.6348919791815,0.0,-0.00036548311228561304,0.0,,44.94481660774933,0.004409494677750679,0.7134621466471954,0.6920018327639746
0.7832674714834479,-3.0,0,-0.07106833744208461,0.0,0.08375217271520433,0.0,,44.94481660774933,0.004409494677750679,0.7134621466471954,0.6920018327639746
0.7832674714834479,-3.0,1,-0.13317820043404968,0.0,0.08375217271520433,0.0,,44.94481660774933,0.004409494677750679,0.7134621466471954,0.6920018327639746
0.7832674714834479,-3.0,2,-0.9989434505364757,0.0,0.08375217271520433,0.0,,44.94481660774933,0.004409494677750679,0.7134621466471954,0.6920018327639746
0.7832674714834479,-3.0,3,-177.6317017837376,0.0,0.08375217271520433,0.0,,44.94481660774933,0.004409494677750679,0.7134621466471954,0.6920018327639746
0.8001896915168439,6.0,0,-0.09999999999997641,0.0,-0.0004400972311010098,0.0,,44.242644566199544,0.004576214130084776,0.7288697347781792,0.6518387966251648
0.8001896915168439,6.0,1,-0.10004893034709371,0.0,-0.0004400972311010098,0.0,,44.242644566199544,0.004576214130084776,0.7288697347781792,0.6518387966251648
0.8001896915168439,6.0,2,-0.9999508163770414,0.0,-0.0004400972311010098,0.0,,44.242644566199544,0.004576214130084776,0.7288697347781792,0.6518387966251648
0.8001896915168439,6.0,3,-174.86142082894858,0.0,-0.0004400972311010098,0.0,,44.242644566199544,0.004576214130084776,0.7288697347781792,0.6518387966251648
0.8001896915168439,-3.0,0,-0.06846938032272779,0.0,0.09916229302476956,0.0,,44.242644566199544,0.004576214130084776,0.7288697347781792,0.6518387966251648
0.8001896915168439,-3.0,1,-0.13609405150192314,0.0,0.09916229302476956,0.0,,44.242644566199544,0.004576214130084776,0.7288697347781792,0.6518387966251648
0.8001896915168439,-3.0,2,-0.9987471819190772,0.0,0.09916229302476956,0.0,,44.242644566199544,0.004576214130084776,0.7288697347781792,0.6518387966251648
0.8001896915168439,-3.0,3,-174.85810996192902,0.0,0.09916229302476956,0.0,,44.242644566199544,0.004576214130084776,0.7288697347781792,0.6518387966251648
0.8174775102011279,6.0,0,-0.10000000000003913,0.0,-0.0005303304951444596,0.0,,43.429346817606095,0.004762580494401611,0.7446087361382471,0.6138561193615428
0.8174775102011279,6.0,1,-0.10005896384297625,0.0,-0.0005303304951444596,0.0,,43.429346817606095,0.004762580494401611,0.7446087361382471,0.6138561193615428
0.8174775102011279,6.0,2,-0.9999407252031636,0.0,-0.0005303304951444596,0.0,,43.429346817606095,0.004762580494401611,0.7446087361382471,0.6138561193615428
0.8174775102011279,6.0,3,-171.6490159178194,0.0,-0.0005303304951444596,0.0,,43.429346817606095,0.004762580494401611,0.7446087361382471,0.6138561193615428
0.8174775102011279,-3.0,0,-0.06568591049061367,0.0,0.1171489280368069,0.0,,43.429346817606095,0.004762580494401611,0.7446087361382471,0.6138561193615428
0.8174775102011279,-3.0,1,-0.1392420789576852,0.0,0.1171489280368069,0.0,,43.429346817606095,0.004762580494401611,0.7446087361382471,0.6138561193615428
0.8174775102011279,-3.0,2,-0.9985174668586212,0.0,0.1171489280368069,0.0,,43.429346817606095,0.004762580494401611,0.7446087361382471,0.6138561193615428
0.8174775102011279,-3.0,3,-171.64557015055868,0.0,0.1171489280368069,0.0,,43.429346817606095,0.004762580494401611,0.7446087361382471,0.6138561193615428
0.8351388261674052,6.0,0,-0.10000000000000839,0.0,-0.0006395437348348936,0.0,,42.491676327400164,0.004972777637578169,0.7606859681653495,0.5779533667037096
0.8351388261674052,6.0,1,-0.10007110840016105,0.0,-0.0006395437348348936,0.0,,42.491676327400164,0.004972777637578169,0.7606859681653495,0.5779533667037096
0.8351388261674052,6.0,2,-0.9999285082859211,0.0,-0.0006395437348348936,0.0,,42.491676327400164,0.004972777637578169,0.7606859681653495,0.5779533667037096
0.8351388261674052,6.0,3,-167.94535418200908,0.0,-0.0006395437348348936,0.0,,42.491676327400164,0.004972777637578169,0.7606859681653495,0.5779533667037096
0.8351388261674052,-3.0,0,-0.06271827884511297,0.0,0.13802767104067573,0.0,,42.491676327400164,0.004972777637578169,0.7606859681653495,0.5779533667037096
0.8351388261674052,-3.0,1,-0.14262930319877143,0.0,0.13802767104067573,0.0,,42.491676327400164,0.004972777637578169,0.7606859681653495,0.5779533667037096
0.8351388261674052,-3.0,2,-0.9982499619686714,0.0,0.13802767104067573,0.0,,42.491676327400164,0.004972777637578169,0.7606859681653495,0.5779533667037096
0.8351388261674052,-3.0,3,-167.94175625468247,0.0,0.13802767104067573,0.0,,42.491676327400164,0.004972777637578169,0.7606859681653495,0.5779533667037096
0.8531817086939466,6.0,0,-0.1000000000000401,0.0,-0.0007718521029479847,0.0,,41.41673474317911,0.005211985484334504,0.7771083130440121,0.5440327674448298
0.8531817086939466,6.0,1,-0.10008582199506583,0.0,-0.0007718521029479847,0.0,,41.41673474317911,0.005211985484334504,0.7771083130440121,0.5440327674448298
0.8531817086939466,6.0,2,-0.9999137033114017,0.0,-0.0007718521029479847,0.0,,41.41673474317911,0.005211985484334504,0.7771083130440121,0.5440327674448298
0.8531817086939466,6.0,3,-163.69949050081576,0.0,-0.0007718521029479847,0.0,,41.41673474317911,0.005211985484334504,0.7771083130440121,0.5440327674448298
0.8531817086939466,-3.0,0,-0.05957076220620966,0.0,0.16210748407386683,0.0,,41.41673474317911,0.005211985484334504,0.7771083130440121,0.5440327674448298
0.8531817086939466,-3.0,1,-0.14625957413482613,0.0,0.16210748407386683,0.0,,41.41673474317911,0.005211985484334504,0.7771083130440121,0.5440327674448298
0.8531817086939466,-3.0,2,-0.9979402894084356,0.0,0.16210748407386683,0.0,,41.41673474317911,0.005211985484334504,0.7771083130440121,0.5440327674448298
0.8531817086939466,-3.0,3,-163.69571940037267,0.0,0.16210748407386683,0.0,,41.41673474317911,0.005211985484334504,0.7771083130440121,0.5440327674448298
0.8716144013929602,6.0,0,-0.10000000000007064,0.0,-0.0009323077282159708,0.0,,40.19280743323649,0.005486627729820385,0.7938826984890941,0.5119994043630471
0.8716144013929602,6.0,1,-0.10010366700328828,0.0,-0.0009323077282159708,0.0,,40.19280743323649,0.005486627729820385,0.7938826984890941,0.5119994043630471
0.8716144013929602,6.0,2,-0.9998957420524637,0.0,-0.0009323077282159708,0.0,,40.19280743323649,0.005486627729820385,0.7938826984890941,0.5119994043630471
0.8716144013929602,6.0,3,-158.86515626025272,0.0,-0.0009323077282159708,0.0,,40.19280743323649,0.005486627729820385,0.7938826984890941,0.5119994043630471
0.8716144013929602,-3.0,0,-0.05625236143580982,0.0,0.1896711213529015,0.0,,40.19280743323649,0.005486627729820385,0.7938826984890941,0.5119994043630471
0.8716144013929602,-3.0,1,-0.15013273599004875,0.0,0.1896711213529015,0.0,,40.19280743323649,0.005486627729820385,0.7938826984890941,0.5119994043630471
0.8716144013929602,-3.0,2,-0.9975842533211347,0.0,0.1896711213529015,0.0,,40.19280743323649,0.005486627729820385,0.7938826984890941,0.5119994043630471
0.8716144013929602,-3.0,3,-158.86118631856152,0.0,0.1896711213529015,0.0,,40.19280743323649,0.005486627729820385,0.7938826984890941,0.5119994043630471
0.8904453259770155,6.0,0,-0.10000000000007057,0.0,-0.0011271328091806184,0.0,,38.81041661529152,0.005804684980140088,0.8110160726390899,0.481761366176149
0.8904453259770155,6.0,1,-0.10012533622724558,0.0,-0.0011271328091806184,0.0,,38.81041661529152,0.005804684980140088,0.8110160726390899,0.481761366176149
0.8904453259770155,6.0,2,-0.9998739237256884,0.0,-0.0011271328091806184,0.0,,38.81041661529152,0.005804684980140088,0.8110160726390899,0.481761366176149
0.8904453259770155,6.0,3,-153.40491941568558,0.0,-0.0011271328091806184,0.0,,38.81041661529152,0.005804684980140088,0.8110160726390899,0.481761366176149
0.8904453259770155,-3.0,0,-0.05277753347998945,0.0,0.2209502657288201,0.0,,38.81041661529152,0.005804684980140088,0.8110160726390899,0.481761366176149
0.8904453259770155,-3.0,1,-0.1542438432043295,0.0,0.2209502657288201,0.0,,38.81041661529152,0.005804684980140088,0.8110160726390899,0.481761366176149
0.8904453259770155,-3.0,2,-0.9971781186569442,0.0,0.2209502657288201,0.0,,38.81041661529152,0.005804684980140088,0.8110160726390899,0.481761366176149
0.8904453259770155,-3.0,3,-153.40071918029727,0.0,0.2209502657288201,0.0,,38.81041661529152,0.005804684980140088,0.8110160726390899,0.481761366176149
0.9096830861068392,6.0,0,-0.10000000000003882,0.0,-0.0013640199691218808,0.0,,37.263554576887365,0.006176092466539056,0.8285153713156119,0.45322986491071054
0.9096830861068392,6.0,1,-0.10015168645981329,0.0,-0.0013640199691218808,0.0,,37.263554576887365,0.006176092466539056,0.8285153713156119,0.45322986491071054
0.9096830861068392,6.0,2,-0.9998473805307395,0.0,-0.0013640199691218808,0.0,,37.263554576887365,0.006176092466539056,0.8285153713156119,0.45322986491071054
0.9096830861068392,6.0,3,-147.29505597181785,0.0,-0.0013640199691218808,0.0,,37.263554576887365,0.006176092466539056,0.8285153713156119,0.45322986491071054
0.9096830861068392,-3.0,0,-0.04916675707938693,0.0,0.2560962021995364,0.0,,37.263554576887365,0.006176092466539056,0.8285153713156119,0.45322986491071054
0.9096830861068392,-3.0,1,-0.1585825513079016,0.0,0.2560962021995364,0.0,,37.263554576887365,0.006176092466539056,0.8285153713156119,0.45322986491071054
0.9096830861068392,-3.0,2,-0.9967189426449421,0.0,0.2560962021995364,0.0,,37.263554576887365,0.006176092466539056,0.8285153713156119,0.45322986491071054
0.9096830861068392,-3.0,3,-147.2905867877761,0.0,0.2560962021995364,0.0,,37.263554576887365,0.006176092466539056,0.8285153713156119,0.45322986491071054
0.9293364713222422,6.0,0,-0.10000000000007084,0.0,-0.0016525235874983299,0.0,,35.551007833076504,0.006613248016328436,0.8463874753099224,0.42631932302615644
0.9293364713222422,6.0,1,-0.10018378225148358,0.0,-0.0016525235874983299,0.0,,35.551007833076504,0.006613248016328436,0.8463874753099224,0.42631932302615644
0.9293364713222422,6.0,2,-0.999815032561695,0.0,-0.0016525235874983299,0.0,,35.551007833076504,0.006613248016328436,0.8463874753099224,0.42631932302615644
0.9293364713222422,6.0,3,-140.5307807370496,0.0,-0.0016525235874983299,0.0,,35.551007833076504,0.006613248016328436,0.8463874753099224,0.42631932302615644
0.9293364713222422,-3.0,0,-0.04544681218948049,0.0,0.2951480576323292,0.0,,35.551007833076504,0.006613248016328436,0.8463874753099224,0.42631932302615644
0.9293364713222422,-3.0,1,-0.16313284622199328,0.0,0.2951480576323292,0.0,,35.551007833076504,0.006613248016328436,0.8463874753099224,0.42631932302615644
0.9293364713222422,-3.0,2,-0.9962049340548823,0.0,0.2951480576323292,0.0,,35.551007833076504,0.006613248016328436,0.8463874753099224,0.42631932302615644
0.9293364713222422,-3.0,3,-140.52599495939666,0.0,0.2951480576323292,0.0,,35.551007833076504,0.006613248016328436,0.8463874753099224,0.42631932302615644
0.9494144610579709,6.0,0,-0.10000000000000805,0.0,-0.0020045760926971916,0.0,,33.67762457549868,0.007131665191610719,0.8646391545163836,0.4009474346237255
0.9494144610579709,6.0,1,-0.10022295370936347,0.0,-0.0020045760926971916,0.0,,33.67762457549868,0.007131665191610719,0.8646391545163836,0.4009474346237255
0.9494144610579709,6.0,2,-0.999775528040515,0.0,-0.0020045760926971916,0.0,,33.67762457549868,0.007131665191610719,0.8646391545163836,0.4009474346237255
0.9494144610579709,6.0,3,-133.13125417384458,0.0,-0.0020045760926971916,0.0,,33.67762457549868,0.007131665191610719,0.8646391545163836,0.4009474346237255
0.9494144610579709,-3.0,0,-0.041650647760902465,0.0,0.3380020299417106,0.0,,33.67762457549868,0.007131665191610719,0.8646391545163836,0.4009474346237255
0.9494144610579709,-3.0,1,-0.16787330567810496,0.0,0.3380020299417106,0.0,,33.67762457549868,0.007131665191610719,0.8646391545163836,0.4009474346237255
0.9494144610579709,-3.0,2,-0.9956357972483716,0.0,0.3380020299417106,0.0,,33.67762457549868,0.007131665191610719,0.8646391545163836,0.4009474346237255
0.9494144610579709,-3.0,3,-133.12609290490695,0.0,0.3380020299417106,0.0,,33.67762457549868,0.007131665191610719,0.8646391545163836,0.4009474346237255
0.9699262287463226,6.0,0,-0.09999999999997677,0.0,-0.0024351787468264064,0.0,,31.655325344521067,0.007750819744590175,0.8832769945262555,0.37703520512883715
0.9699262287463226,6.0,1,-0.10027087391303854,0.0,-0.0024351787468264064,0.0,,31.655325344521067,0.007750819744590175,0.8832769945262555,0.37703520512883715
0.9699262287463226,6.0,2,-0.9997271629357133,0.0,-0.0024351787468264064,0.0,,31.655325344521067,0.007750819744590175,0.8832769945262555,0.37703520512883715
0.9699262287463226,6.0,3,-125.1435751068436,0.0,-0.0024351787468264064,0.0,,31.655325344521067,0.007750819744590175,0.8832769945262555,0.37703520512883715
0.9699262287463226,-3.0,0,-0.03781673065851921,0.0,0.3843863020868539,0.0,,31.655325344521067,0.007750819744590175,0.8832769945262555,0.37703520512883715
0.9699262287463226,-3.0,1,-0.17277809561349514,0.0,0.3843863020868539,0.0,,31.655325344521067,0.007750819744590175,0.8832769945262555,0.37703520512883715
0.9699262287463226,-3.0,2,-0.9950130003529749,0.0,0.3843863020868539,0.0,,31.655325344521067,0.007750819744590175,0.8832769945262555,0.37703520512883715
0.9699262287463226,-3.0,3,-125.13796531706726,0.0,0.3843863020868539,0.0,,31.655325344521067,0.007750819744590175,0.8832769945262555,0.37703520512883715
0.9908811460083938,6.0,0,-0.09999999999999266,0.0,-0.002963340390690374,0.0,baseline,29.503630174282634,0.008495256856761372,0.9023072995346287,0.3545069740153909
0.9908811460083938,6.0,1,-0.10032966424734233,0.0,-0.002963340390690374,0.0,baseline,29.503630174282634,0.008495256856761372,0.9023072995346287,0.3545069740153909
0.9908811460083938,6.0,2,-0.9996677711052688,0.0,-0.002963340390690374,0.0,baseline,29.503630174282634,0.008495256856761372,0.9023072995346287,0.3545069740153909
0.9908811460083938,6.0,3,-116.64486367002074,0.0,-0.002963340390690374,0.0,baseline,29.503630174282634,0.008495256856761372,0.9023072995346287,0.3545069740153909
0.9908811460083938,-3.0,0,-0.033987816835291104,0.0,0.43384702323892166,0.0,baseline,29.503630174282634,0.008495256856761372,0.9023072995346287,0.3545069740153909
0.9908811460083938,-3.0,1,-0.17781888181312258,0.0,0.43384702323892166,0.0,baseline,29.503630174282634,0.008495256856761372,0.9023072995346287,0.3545069740153909
0.9908811460083938,-3.0,2,-0.994339895203448,0.0,0.43384702323892166,0.0,baseline,29.503630174282634,0.008495256856761372,0.9023072995346287,0.3545069740153909
0.9908811460083938,-3.0,3,-116.6387145115215,0.0,0.43384702323892166,0.0,baseline,29.503630174282634,0.008495256856761372,0.9023072995346287,0.3545069740153909
1.01228878693588,6.0,0,-0.09999999999999298,0.0,-0.003613375149117585,0.0,,27.24949549521048,0.009396055332060012,0.9217359627973739,0.33329042551942856
1.01228878693588,6.0,1,-0.10040204020867162,0.0,-0.003613375149117585,0.0,,27.24949549521048,0.009396055332060012,0.9217359627973739,0.33329042551942856
1.01228878693588,6.0,2,-0.9995945714860434,0.0,-0.003613375149117585,0.0,,27.24949549521048,0.009396055332060012,0.9217359627973739,0.33329042551942856
1.01228878693588,6.0,3,-107.7416180303526,0.0,-0.003613375149117585,0.0,,27.24949549521048,0.009396055332060012,0.9217359627973739,0.33329042551942856
1.01228878693588,-3.0,0,-0.030209164277951405,0.0,0.4857503398508903,0.0,,27.24949549521048,0.009396055332060012,0.9217359627973739,0.33329042551942856
1.01228878693588,-3.0,1,-0.18296777901145558,0.0,0.4857503398508903,0.0,,27.24949549521048,0.009396055332060012,0.9217359627973739,0.33329042551942856
1.01228878693588,-3.0,2,-0.9936216172588097,0.0,0.4857503398508903,0.0,,27.24949549521048,0.009396055332060012,0.9217359627973739,0.33329042551942856
1.01228878693588,-3.0,3,-107.73481608149899,0.0,0.4857503398508903,0.0,,27.24949549521048,0.009396055332060012,0.9217359627973739,0.33329042551942856
1.0341589324653828,6.0,0,-0.09999999999999301,0.0,-0.004416730101316131,0.0,,24.92633403046537,0.010492788367291535,0.9415682919147224,0.31331659298701287
1.0341589324653828,6.0,1,-0.10049151706743718,0.0,-0.004416730101316131,0.0,,24.92633403046537,0.010492788367291535,0.9415682919147224,0.31331659298701287
1.0341589324653828,6.0,2,-0.9995039514128812,0.0,-0.004416730101316131,0.0,,24.92633403046537,0.010492788367291535,0.9415682919147224,0.31331659298701287
1.0341589324653828,6.0,3,-98.56584426429659,0.0,-0.004416730101316131,0.0,,24.92633403046537,0.010492788367291535,0.9415682919147224,0.31331659298701287
1.0341589324653828,-3.0,0,-0.026526305070045417,0.0,0.539303646672122,0.0,,24.92633403046537,0.010492788367291535,0.9415682919147224,0.31331659298701287
1.0341589324653828,-3.0,1,-0.18820137620142396,0.0,0.539303646672122,0.0,,24.92633403046537,0.010492788367291535,0.9415682919147224,0.31331659298701287
1.0341589324653828,-3.0,2,-0.9928647110277392,0.0,0.539303646672122,0.0,,24.92633403046537,0.010492788367291535,0.9415682919147224,0.31331659298701287
1.0341589324653828,-3.0,3,-98.55824734047769,0.0,0.539303646672122,0.0,,24.92633403046537,0.010492788367291535,0.9415682919147224,0.31331659298701287
1.0565015748472208,6.0,0,-0.10000000000000796,0.0,-0.005414611910970569,0.0,,22.5722260796153,0.011836187616769134,0.9618087701032805,0.29451986370941285
1.0565015748472208,6.0,1,-0.1006027059408132,0.0,-0.005414611910970569,0.0,,22.5722260796153,0.011836187616769134,0.9618087701032805,0.29451986370941285
1.0565015748472208,6.0,2,-0.9993911528932292,0.0,-0.005414611910970569,0.0,,22.5722260796153,0.011836187616769134,0.9618087701032805,0.29451986370941285
1.0565015748472208,6.0,3,-89.26799267759719,0.0,-0.005414611910970569,0.0,,22.5722260796153,0.011836187616769134,0.9618087701032805,0.29451986370941285
1.0565015748472208,-3.0,0,-0.022982589618956977,0.0,0.5935960933868163,0.0,,22.5722260796153,0.011836187616769134,0.9618087701032805,0.29451986370941285
1.0565015748472208,-3.0,1,-0.19350579652867636,0.0,0.5935960933868163,0.0,,22.5722260796153,0.011836187616769134,0.9618087701032805,0.29451986370941285
1.0565015748472208,-3.0,2,-0.9920764601877445,0.0,0.5935960933868163,0.0,,22.5722260796153,0.011836187616769134,0.9618087701032805,0.29451986370941285
1.0565015748472208,-3.0,3,-89.25942169009606,0.0,0.5935960933868163,0.0,,22.5722260796153,0.011836187616769134,0.9618087701032805,0.29451986370941285
1.07932692221079,6.0,0,-0.10000000000000882,0.0,-0.006661845201940083,0.0,,20.227493059342528,0.013491823041923614,0.9824607249781651,0.27683799313692553
1.07932692221079,6.0,1,-0.10074174955590827,0.0,-0.006661845201940083,0.0,,20.227493059342528,0.013491823041923614,0.9824607249781651,0.27683799313692553
1.07932692221079,6.0,2,-0.9992498079646353,0.0,-0.006661845201940083,0.0,,20.227493059342528,0.013491823041923614,0.9824607249781651,0.27683799313692553
1.07932692221079,6.0,3,-80.00737571185962,0.0,-0.006661845201940083,0.0,,20.227493059342528,0.013491823041923614,0.9824607249781651,0.27683799313692553
1.07932692221079,-3.0,0,-0.019616782005747815,0.0,0.6476545687008439,0.0,,20.227493059342528,0.013491823041923614,0.9824607249781651,0.27683799313692553
1.07932692221079,-3.0,1,-0.19888271909115005,0.0,0.6476545687008439,0.0,,20.227493059342528,0.013491823041923614,0.9824607249781651,0.27683799313692553
1.07932692221079,-3.0,2,-0.9912639440706459,0.0,0.6476545687008439,0.0,,20.227493059342528,0.013491823041923614,0.9824607249781651,0.27683799313692553
1.07932692221079,-3.0,3,-79.99760382421266,0.0,0.6476545687008439,0.0,,20.227493059342528,0.013491823041923614,0.9824607249781651,0.27683799313692553
1.1026454032285544,6.0,0,-0.1000000000000082,0.0,-0.008232676370646754,0.0,,17.931948239430582,0.015545281518867778,1.0035258608293678,0.26021214077625826
1.1026454032285544,6.0,1,-0.1009169792100936,0.0,-0.008232676370646754,0.0,,17.931948239430582,0.015545281518867778,1.0035258608293678,0.26021214077625826
1.1026454032285544,6.0,2,-0.9990712333411284,0.0,-0.008232676370646754,0.0,,17.931948239430582,0.015545281518867778,1.0035258608293678,0.26021214077625826
1.1026454032285544,6.0,3,-70.94131176618684,0.0,-0.008232676370646754,0.0,,17.931948239430582,0.015545281518867778,1.0035258608293678,0.26021214077625826
1.1026454032285544,-3.0,0,-0.016460997323852505,0.0,0.700507969002076,0.0,,17.931948239430582,0.015545281518867778,1.0035258608293678,0.26021214077625826
1.1026454032285544,-3.0,1,-0.20435636543827454,0.0,0.700507969002076,0.0,,17.931948239430582,0.015545281518867778,1.0035258608293678,0.26021214077625826
1.1026454032285544,-3.0,2,-0.9904328796932963,0.0,0.700507969002076,0.0,,17.931948239430582,0.015545281518867778,1.0035258608293678,0.26021214077625826
1.1026454032285544,-3.0,3,-70.93004973628268,0.0,0.700507969002076,0.0,,17.931948239430582,0.015545281518867778,1.0035258608293678,0.26021214077625826
1.126467671880803,6.0,0,-0.09999999999999289,0.0,-0.01022973218140171,0.0,,15.72221826789029,0.01810960852536403,1.0250035847346228,0.24458694582318885
1.126467671880803,6.0,1,-0.10113993153416934,0.0,-0.01022973218140171,0.0,,15.72221826789029,0.01810960852536403,1.0250035847346228,0.24458694582318885
1.126467671880803,6.0,2,-0.9988433302907774,0.0,-0.01022973218140171,0.0,,15.72221826789029,0.01810960852536403,1.0250035847346228,0.24458694582318885
1.126467671880803,6.0,3,-62.21455014188312,0.0,-0.01022973218140171,0.0,,15.72221826789029,0.01810960852536403,1.0250035847346228,0.24458694582318885
1.126467671880803,-3.0,0,-0.013539219396991492,0.0,0.7512506766127972,0.0,,15.72221826789029,0.01810960852536403,1.0250035847346228,0.24458694582318885
1.126467671880803,-3.0,1,-0.20998169597630179,0.0,0.7512506766127972,0.0,,15.72221826789029,0.01810960852536403,1.0250035847346228,0.24458694582318885
1.126467671880803,-3.0,2,-0.9895863251648446,0.0,0.7512506766127972,0.0,,15.72221826789029,0.01810960852536403,1.0250035847346228,0.24458694582318885
1.126467671880803,-3.0,3,-62.201426163170005,0.0,0.7512506766127972,0.0,,15.72221826789029,0.01810960852536403,1.0250035847346228,0.24458694582318885
1.1508046123233469,6.0,0,-0.10000000000000239,0.0,-0.012798245051408457,0.0,,13.62951477072032,0.02133625344742926,1.0468900134488541,0.22991067039030957
1.1508046123233469,6.0,1,-0.10142696816456248,0.0,-0.012798245051408457,0.0,,13.62951477072032,0.02133625344742926,1.0468900134488541,0.22991067039030957
1.1508046123233469,6.0,2,-0.998548816745229,0.0,-0.012798245051408457,0.0,,13.62951477072032,0.02133625344742926,1.0468900134488541,0.22991067039030957
1.1508046123233469,6.0,3,-53.9504761241763,0.0,-0.012798245051408457,0.0,,13.62951477072032,0.02133625344742926,1.0468900134488541,0.22991067039030957
1.1508046123233469,-3.0,0,-0.010866529339866903,0.0,0.7990965252229945,0.0,,13.62951477072032,0.02133625344742926,1.0468900134488541,0.22991067039030957
1.1508046123233469,-3.0,1,-0.2158545360217566,0.0,0.7990965252229945,0.0,,13.62951477072032,0.02133625344742926,1.0468900134488541,0.22991067039030957
1.1508046123233469,-3.0,2,-0.9887233044337216,0.0,0.7990965252229945,0.0,,13.62951477072032,0.02133625344742926,1.0468900134488541,0.22991067039030957
1.1508046123233469,-3.0,3,-53.935007539290766,0.0,0.7990965252229945,0.0,,13.62951477072032,0.02133625344742926,1.0468900134488541,0.22991067039030957
1.1756673438603786,6.0,0,-0.0999999999999947,0.0,-0.016149358679378185,0.0,,11.67813326538898,0.025431587210299648,1.0691764725320645,0.21613545526072436
1.1756673438603786,6.0,1,-0.10180193971403786,0.0,-0.016149358679378185,0.0,,11.67813326538898,0.025431587210299648,1.0691764725320645,0.21613545526072436
1.1756673438603786,6.0,2,-0.99816228998191,0.0,-0.016149358679378185,0.0,,11.67813326538898,0.025431587210299648,1.0691764725320645,0.21613545526072436
1.1756673438603786,6.0,3,-46.24519270027726,0.0,-0.016149358679378185,0.0,,11.67813326538898,0.025431587210299648,1.0691764725320645,0.21613545526072436
1.1756673438603786,-3.0,0,-0.008449036732910973,0.0,0.8434170728114934,0.0,,11.67813326538898,0.025431587210299648,1.0691764725320645,0.21613545526072436
1.1756673438603786,-3.0,1,-0.22212515274862213,0.0,0.8434170728114934,0.0,,11.67813326538898,0.025431587210299648,1.0691764725320645,0.21613545526072436
1.1756673438603786,-3.0,2,-0.9878373629247093,0.0,0.8434170728114934,0.0,,11.67813326538898,0.025431587210299648,1.0691764725320645,0.21613545526072436
1.1756673438603786,-3.0,3,-46.22674537756695,0.0,0.8434170728114934,0.0,,11.67813326538898,0.025431587210299648,1.0691764725320645,0.21613545526072436
1.2010672260247743,6.0,0,-0.10000000000000216,0.0,-0.02059966169004012,0.0,,9.884802584477974,0.030682542855996274,1.091847164116716,0.20321776351697463
1.2010672260247743,6.0,1,-0.10230072704539524,0.0,-0.02059966169004012,0.0,,9.884802584477974,0.030682542855996274,1.091847164116716,0.20321776351697463
1.2010672260247743,6.0,2,-0.9976451595462769,0.0,-0.02059966169004012,0.0,,9.884802584477974,0.030682542855996274,1.091847164116716,0.20321776351697463
1.2010672260247743,6.0,3,-39.1649679749527,0.0,-0.02059966169004012,0.0,,9.884802584477974,0.030682542855996274,1.091847164116716,0.20321776351697463
1.2010672260247743,-3.0,0,-0.006284364095582954,0.0,0.883762003169356,0.0,,9.884802584477974,0.030682542855996274,1.091847164116716,0.20321776351697463
1.2010672260247743,-3.0,1,-0.22901812091042442,0.0,0.883762003169356,0.0,,9.884802584477974,0.030682542855996274,1.091847164116716,0.20321776351697463
1.2010672260247743,-3.0,2,-0.9869149898688583,0.0,0.883762003169356,0.0,,9.884802584477974,0.030682542855996274,1.091847164116716,0.20321776351697463
1.2010672260247743,-3.0,3,-39.14269638666955,0.0,0.883762003169356,0.0,,9.884802584477974,0.030682542855996274,1.091847164116716,0.20321776351697463
1.2270158637681476,6.0,0,-0.10000000000000618,0.0,-0.026640908281214005,0.0,,8.258851847825769,0.037497660133717456,1.114875430865112,0.19111914297825336
1.2270158637681476,6.0,1,-0.10297930142927289,0.0,-0.026640908281214005,0.0,,8.258851847825769,0.037497660133717456,1.114875430865112,0.19111914297825336
1.2270158637681476,6.0,2,-0.9969365252378334,0.0,-0.026640908281214005,0.0,,8.258851847825769,0.037497660133717456,1.114875430865112,0.19111914297825336
1.2270158637681476,6.0,3,-32.74692245133158,0.0,-0.026640908281214005,0.0,,8.258851847825769,0.037497660133717456,1.114875430865112,0.19111914297825336
1.2270158637681476,-3.0,0,-0.0043624078357807775,0.0,0.9198639341681761,0.0,,8.258851847825769,0.037497660133717456,1.114875430865112,0.19111914297825336
1.2270158637681476,-3.0,1,-0.23686355308946014,0.0,0.9198639341681761,0.0,,8.258851847825769,0.037497660133717456,1.114875430865112,0.19111914297825336
1.2270158637681476,-3.0,2,-0.9859337784630084,0.0,0.9198639341681761,0.0,,8.258851847825769,0.037497660133717456,1.114875430865112,0.19111914297825336
1.2270158637681476,-3.0,3,-32.71967853861051,0.0,0.9198639341681761,0.0,,8.258851847825769,0.037497660133717456,1.114875430865112,0.19111914297825336
1.253525112763037,6.0,0,-0.10000000000000231,0.0,-0.03506844038927202,0.0,,6.803047316403468,0.04647498879747659,1.138217572146795,0.17980754238197114
1.253525112763037,6.0,1,-0.10392869813233575,0.0,-0.03506844038927202,0.0,,6.803047316403468,0.04647498879747659,1.138217572146795,0.17980754238197114
1.253525112763037,6.0,2,-0.9959359349628738,0.0,-0.03506844038927202,0.0,,6.803047316403468,0.04647498879747659,1.138217572146795,0.17980754238197114
1.253525112763037,6.0,3,-27.00238100941684,0.0,-0.03506844038927202,0.0,,6.803047316403468,0.04647498879747659,1.138217572146795,0.17980754238197114
1.253525112763037,-3.0,0,-0.0026659725541246025,0.0,0.951634119365441,0.0,,6.803047316403468,0.04647498879747659,1.138217572146795,0.17980754238197114
1.253525112763037,-3.0,1,-0.24614878063734083,0.0,0.951634119365441,0.0,,6.803047316403468,0.04647498879747659,1.138217572146795,0.17980754238197114
1.253525112763037,-3.0,2,-0.9848602312747173,0.0,0.951634119365441,0.0,,6.803047316403468,0.04647498879747659,1.138217572146795,0.17980754238197114
1.253525112763037,-3.0,3,-26.968570658045866,0.0,0.951634119365441,0.0,,6.803047316403468,0.04647498879747659,1.138217572146795,0.17980754238197114
1.2806070848196436,6.0,0,-0.09999999999999927,0.0,-0.047229412772002696,0.0,,5.514902104224132,0.058518327709342004,1.161802255031735,0.16925961399334963
1.2806070848196436,6.0,1,-0.10530430400243503,0.0,-0.047229412772002696,0.0,,5.514902104224132,0.058518327709342004,1.161802255031735,0.16925961399334963
1.2806070848196436,6.0,2,-0.9944689248332863,0.0,-0.047229412772002696,0.0,,5.514902104224132,0.058518327709342004,1.161802255031735,0.16925961399334963
1.2806070848196436,6.0,3,-21.922126995860673,0.0,-0.047229412772002696,0.0,,5.514902104224132,0.058518327709342004,1.161802255031735,0.16925961399334963
1.2806070848196436,-3.0,0,-0.0011706922103520265,0.0,0.9791595743240812,0.0,,5.514902104224132,0.058518327709342004,1.161802255031735,0.16925961399334963
1.2806070848196436,-3.0,1,-0.2576070386270015,0.0,0.9791595743240812,0.0,,5.514902104224132,0.058518327709342004,1.161802255031735,0.16925961399334963
1.2806070848196436,-3.0,2,-0.9836475666723744,0.0,0.9791595743240812,0.0,,5.514902104224132,0.058518327709342004,1.161802255031735,0.16925961399334963
1.2806070848196436,-3.0,3,-21.87947492718668,0.0,0.9791595743240812,0.0,,5.514902104224132,0.058518327709342004,1.161802255031735,0.16925961399334963
1.3082741534195963,6.0,0,-0.10000000000001134,0.0,-0.06552815971511648,0.0,,4.388280481746359,0.07504279414761385,1.1855117839031408,0.15946480911927752
1.3082741534195963,6.0,1,-0.10738652929256098,0.0,-0.06552815971511648,0.0,,4.388280481746359,0.07504279414761385,1.1855117839031408,0.15946480911927752
1.3082741534195963,6.0,2,-0.9922136400971902,0.0,-0.06552815971511648,0.0,,4.388280481746359,0.07504279414761385,1.1855117839031408,0.15946480911927752
1.3082741534195963,6.0,3,-17.482885549704317,0.0,-0.06552815971511648,0.0,,4.388280481746359,0.07504279414761385,1.1855117839031408,0.15946480911927752
1.3082741534195963,-3.0,0,0.00015672264864588476,0.0,1.0027172525112078,0.0,,4.388280481746359,0.07504279414761385,1.1855117839031408,0.15946480911927752
1.3082741534195963,-3.0,1,-0.2723735934818175,0.0,1.0027172525112078,0.0,,4.388280481746359,0.07504279414761385,1.1855117839031408,0.15946480911927752
1.3082741534195963,-3.0,2,-0.9822359074935608,0.0,1.0027172525112078,0.0,,4.388280481746359,0.07504279414761385,1.1855117839031408,0.15946480911927752
1.3082741534195963,-3.0,3,-17.42803294076733,0.0,1.0027172525112078,0.0,,4.388280481746359,0.07504279414761385,1.1855117839031408,0.15946480911927752
1.3365389593692703,6.0,0,-0.09999999999999948,0.0,-0.09450995730379291,0.0,,3.415192512193706,0.09834716219750651,1.209148170971714,0.15043273273345167
1.3365389593692703,6.0,1,-0.11071450819956301,0.0,-0.09450995730379291,0.0,,3.415192512193706,0.09834716219750651,1.209148170971714,0.15043273273345167
1.3365389593692703,6.0,2,-0.9885331859500499,0.0,-0.09450995730379291,0.0,,3.415192512193706,0.09834716219750651,1.209148170971714,0.15043273273345167
1.3365389593692703,6.0,3,-13.654688384443904,0.0,-0.09450995730379291,0.0,,3.415192512193706,0.09834716219750651,1.209148170971714,0.15043273273345167
1.3365389593692703,-3.0,0,0.0013636966082450142,0.0,1.0228294520299233,0.0,,3.415192512193706,0.09834716219750651,1.209148170971714,0.15043273273345167
1.3365389593692703,-3.0,1,-0.29226327736410845,0.0,1.0228294520299233,0.0,,3.415192512193706,0.09834716219750651,1.209148170971714,0.15043273273345167
1.3365389593692703,-3.0,2,-0.9805654632171238,0.0,1.0228294520299233,0.0,,3.415192512193706,0.09834716219750651,1.209148170971714,0.15043273273345167
1.3365389593692703,-3.0,3,-13.582471034620529,0.0,1.0228294520299233,0.0,,3.415192512193706,0.09834716219750651,1.209148170971714,0.15043273273345167
1.365414416575246,6.0,0,-0.09999999999999883,0.0,-0.1432826272939147,0.0,,2.587767531097168,0.1322860411639609,1.2323718797093315,0.14220607805888763
1.365414416575246,6.0,1,-0.11639917232389255,0.0,-0.1432826272939147,0.0,,2.587767531097168,0.1322860411639609,1.2323718797093315,0.14220607805888763
1.365414416575246,6.0,2,-0.982063491505702,0.0,-0.1432826272939147,0.0,,2.587767531097168,0.1322860411639609,1.2323718797093315,0.14220607805888763
1.365414416575246,6.0,3,-10.40920501076081,0.0,-0.1432826272939147,0.0,,2.587767531097168,0.1322860411639609,1.2323718797093315,0.14220607805888763
1.365414416575246,-3.0,0,0.0025238748771469225,0.0,1.040398472771921,0.0,,2.587767531097168,0.1322860411639609,1.2323718797093315,0.14220607805888763
1.365414416575246,-3.0,1,-0.32024752832879166,0.0,1.040398472771921,0.0,,2.587767531097168,0.1322860411639609,1.2323718797093315,0.14220607805888763
1.365414416575246,-3.0,2,-0.9786472674708583,0.0,1.040398472771921,0.0,,2.587767531097168,0.1322860411639609,1.2323718797093315,0.14220607805888763
1.365414416575246,-3.0,3,-10.31129675366788,0.0,1.040398472771921,0.0,,2.587767531097168,0.1322860411639609,1.2323718797093315,0.14220607805888763
1.3949137179445428,6.0,0,-0.09999999999999996,0.0,-0.23092798353740926,0.0,,1.9003570263828136,0.18338660042325464,1.254600052771641,0.13488081954206976
1.3949137179445428,6.0,1,-0.12689058579272816,0.0,-0.23092798353740926,0.0,,1.9003570263828136,0.18338660042325464,1.254600052771641,0.13488081954206976
1.3949137179445428,6.0,2,-0.9696342066340273,0.0,-0.23092798353740926,0.0,,1.9003570263828136,0.18338660042325464,1.254600052771641,0.13488081954206976
1.3949137179445428,6.0,3,-7.7290867520604705,0.0,-0.23092798353740926,0.0,,1.9003570263828136,0.18338660042325464,1.254600052771641,0.13488081954206976
1.3949137179445428,-3.0,0,0.0037614727210620413,0.0,1.0569651659458321,0.0,,1.9003570263828136,0.18338660042325464,1.254600052771641,0.13488081954206976
1.3949137179445428,-3.0,1,-0.36113538476492046,0.0,1.0569651659458321,0.0,,1.9003570263828136,0.18338660042325464,1.254600052771641,0.13488081954206976
1.3949137179445428,-3.0,2,-0.9768831748798387,0.0,1.0569651659458321,0.0,,1.9003570263828136,0.18338660042325464,1.254600052771641,0.13488081954206976
1.3949137179445428,-3.0,3,-7.591354457563545,0.0,1.0569651659458321,0.0,,1.9003570263828136,0.18338660042325464,1.254600052771641,0.13488081954206976
1.4250503414123272,6.0,0,-0.10000000000000234,0.0,-0.3971492883028345,0.0,,1.350964345423748,0.2621356325227564,1.274889215538275,0.12862461546414267
1.4250503414123272,6.0,1,-0.1478690876803572,0.0,-0.3971492883028345,0.0,,1.350964345423748,0.2621356325227564,1.274889215538275,0.12862461546414267
1.4250503414123272,6.0,2,-0.9433837567284804,0.0,-0.3971492883028345,0.0,,1.350964345423748,0.2621356325227564,1.274889215538275,0.12862461546414267
1.4250503414123272,6.0,3,-5.61544448115476,0.0,-0.3971492883028345,0.0,,1.350964345423748,0.2621356325227564,1.274889215538275,0.12862461546414267
1.4250503414123272,-3.0,0,0.005288934827427505,0.0,1.0750469198578596,0.0,,1.350964345423748,0.2621356325227564,1.274889215538275,0.12862461546414267
1.4250503414123272,-3.0,1,-0.42174952433817076,0.0,1.0750469198578596,0.0,,1.350964345423748,0.2621356325227564,1.274889215538275,0.12862461546414267
1.4250503414123272,-3.0,2,-0.9774952186484637,0.0,1.0750469198578596,0.0,,1.350964345423748,0.2621356325227564,1.274889215538275,0.12862461546414267
1.4250503414123272,-3.0,3,-5.412741517404391,0.0,1.0750469198578596,0.0,,1.350964345423748,0.2621356325227564,1.274889215538275,0.12862461546414267
1.4558380560998447,6.0,0,-0.10000000000000116,0.0,-0.7136792244893952,0.0,,0.9387358993581003,0.3823097309488943,1.2919963288146428,0.12364501642341273
1.4558380560998447,6.0,1,-0.19283027382034118,0.0,-0.7136792244893952,0.0,,0.9387358993581003,0.3823097309488943,1.2919963288146428,0.12364501642341273
1.4558380560998447,6.0,2,-0.88355457222499,0.0,-0.7136792244893952,0.0,,0.9387358993581003,0.3823097309488943,1.2919963288146428,0.12364501642341273
1.4558380560998447,6.0,3,-4.080123281535944,0.0,-0.7136792244893952,0.0,,0.9387358993581003,0.3823097309488943,1.2919963288146428,0.12364501642341273
1.4558380560998447,-3.0,0,0.007423525860333926,0.0,1.0980755476622461,0.0,,0.9387358993581003,0.3823097309488943,1.2919963288146428,0.12364501642341273
1.4558380560998447,-3.0,1,-0.5065881573557749,0.0,1.0980755476622461,0.0,,0.9387358993581003,0.3823097309488943,1.2919963288146428,0.12364501642341273
1.4558380560998447,-3.0,2,-0.9909814408503297,0.0,1.0980755476622461,0.0,,0.9387358993581003,0.3823097309488943,1.2919963288146428,0.12364501642341273
1.4558380560998447,-3.0,3,-3.7663620552355055,0.0,1.0980755476622461,0.0,,0.9387358993581003,0.3823097309488943,1.2919963288146428,0.12364501642341273
1.4872909286053944,6.0,0,-0.09999999999999974,0.0,-1.2642499654449795,0.0,,0.6538353870356749,0.5544111424322998,1.30497704600096,0.12003572511999719
1.4872909286053944,6.0,1,-0.30056195907258676,0.0,-1.2642499654449795,0.0,,0.6538353870356749,0.5544111424322998,1.30497704600096,0.12003572511999719
1.4872909286053944,6.0,2,-0.738564297548742,0.0,-1.2642499654449795,0.0,,0.6538353870356749,0.5544111424322998,1.30497704600096,0.12003572511999719
1.4872909286053944,6.0,3,-3.1038907647505853,0.0,-1.2642499654449795,0.0,,0.6538353870356749,0.5544111424322998,1.30497704600096,0.12003572511999719
1.4872909286053944,-3.0,0,0.010486644556902232,0.0,1.1289508269020843,0.0,,0.6538353870356749,0.5544111424322998,1.30497704600096,0.12003572511999719
1.4872909286053944,-3.0,1,-0.5977702676306589,0.0,1.1289508269020843,0.0,,0.6538353870356749,0.5544111424322998,1.30497704600096,0.12003572511999719
1.4872909286053944,-3.0,2,-1.0634489699135123,0.0,1.1289508269020843,0.0,,0.6538353870356749,0.5544111424322998,1.30497704600096,0.12003572511999719
1.4872909286053944,-3.0,3,-2.592284428384643,0.0,1.1289508269020843,0.0,,0.6538353870356749,0.5544111424322998,1.30497704600096,0.12003572511999719
1.519423329431217,6.0,0,-0.09999999999999987,0.0,-2.06346742913031,0.0,,0.4696270925078925,0.7771878943143813,1.3139585681010642,0.11761976579423447
1.519423329431217,6.0,1,-0.4857956156746416,0.23484660782422465,-2.06346742913031,0.0,,0.4696270925078925,0.7771878943143813,1.3139585681010642,0.11761976579423447
1.519423329431217,6.0,2,-0.4857956156746416,-0.23484660782422465,-2.06346742913031,0.0,,0.4696270925078925,0.7771878943143813,1.3139585681010642,0.11761976579423447
1.519423329431217,6.0,3,-2.588607915361242,0.0,-2.06346742913031,0.0,,0.4696270925078925,0.7771878943143813,1.3139585681010642,0.11761976579423447
1.519423329431217,-3.0,0,0.014605660338076396,0.0,1.1679591683323753,0.0,,0.4696270925078925,0.7771878943143813,1.3139585681010642,0.11761976579423447
1.519423329431217,-3.0,1,-0.6395538119677496,0.0,1.1679591683323753,0.0,,0.4696270925078925,0.7771878943143813,1.3139585681010642,0.11761976579423447
1.519423329431217,-3.0,2,-1.5176254975404264,-0.12030397057318179,1.1679591683323753,0.0,,0.4696270925078925,0.7771878943143813,1.3139585681010642,0.11761976579423447
1.519423329431217,-3.0,3,-1.5176254975404264,0.12030397057318179,1.1679591683323753,0.0,,0.4696270925078925,0.7771878943143813,1.3139585681010642,0.11761976579423447
1.5522499395492315,6.0,0,-0.10000000000000085,0.0,-3.0086675747739533,0.0,,0.35258143075250536,1.039896443807072,1.3199334335713133,0.11604816981793462
1.5522499395492315,6.0,1,-0.4459254170821202,0.4085473085651658,-3.0086675747739533,0.0,,0.35258143075250536,1.039896443807072,1.3199334335713133,0.11604816981793462
1.5522499395492315,6.0,2,-0.4459254170821202,-0.4085473085651658,-3.0086675747739533,0.0,,0.35258143075250536,1.039896443807072,1.3199334335713133,0.11604816981793462
1.5522499395492315,6.0,3,-2.3767785057827515,0.0,-3.0086675747739533,0.0,,0.35258143075250536,1.039896443807072,1.3199334335713133,0.11604816981793462
1.5522499395492315,-3.0,0,0.019681625049440574,0.0,1.2130603020473298,0.0,,0.35258143075250536,1.039896443807072,1.3199334335713133,0.11604816981793462
1.5522499395492315,-3.0,1,-0.6182855362467194,0.0,1.2130603020473298,0.0,,0.35258143075250536,1.039896443807072,1.3199334335713133,0.11604816981793462
1.5522499395492315,-3.0,2,-1.3850127143748552,-0.5438869001784775,1.2130603020473298,0.0,,0.35258143075250536,1.039896443807072,1.3199334335713133,0.11604816981793462
1.5522499395492315,-3.0,3,-1.3850127143748552,0.5438869001784775,1.2130603020473298,0.0,,0.35258143075250536,1.039896443807072,1.3199334335713133,0.11604816981793462
1.585785757108627,6.0,0,-0.10000000000000006,0.0,-3.9530281906850555,0.0,,0.2762677151889149,1.3311864062919445,1.3239497770445459,0.11500734631238724
1.585785757108627,6.0,1,-0.41302799227946846,0.516225239081889,-3.9530281906850555,0.0,,0.2762677151889149,1.3311864062919445,1.3239497770445459,0.11500734631238724
1.585785757108627,6.0,2,-0.41302799227946846,-0.516225239081889,-3.9530281906850555,0.0,,0.2762677151889149,1.3311864062919445,1.3239497770445459,0.11500734631238724
1.585785757108627,6.0,3,-2.330472654527041,0.0,-3.9530281906850555,0.0,,0.2762677151889149,1.3311864062919445,1.3239497770445459,0.11500734631238724
1.585785757108627,-3.0,0,0.025532991283734006,0.0,1.2618680971452967,0.0,,0.2762677151889149,1.3311864062919445,1.3239497770445459,0.11500734631238724
1.585785757108627,-3.0,1,-0.5668837653843579,0.0,1.2618680971452967,0.0,,0.2762677151889149,1.3311864062919445,1.3239497770445459,0.11500734631238724
1.585785757108627,-3.0,2,-1.3575889324926762,-0.6559591389830807,1.2618680971452967,0.0,,0.2762677151889149,1.3311864062919445,1.3239497770445459,0.11500734631238724
1.585785757108627,-3.0,3,-1.3575889324926762,0.6559591389830807,1.2618680971452967,0.0,,0.2762677151889149,1.3311864062919445,1.3239497770445459,0.11500734631238724
1.6200461042883638,6.0,0,-0.09999999999999992,0.0,-4.79445288218481,0.0,,0.2242891192953267,1.6431454075660665,1.3267426908137534,0.11429085498276435
1.6200461042883638,6.0,1,-0.3917581821463969,0.5904308136973955,-4.79445288218481,0.0,,0.2242891192953267,1.6431454075660665,1.3267426908137534,0.11429085498276435
1.6200461042883638,6.0,2,-0.3917581821463969,-0.5904308136973955,-4.79445288218481,0.0,,0.2242891192953267,1.6431454075660665,1.3267426908137534,0.11429085498276435
1.6200461042883638,6.0,3,-2.370470171841692,0.0,-4.79445288218481,0.0,,0.2242891192953267,1.6431454075660665,1.3267426908137534,0.11429085498276435
1.6200461042883638,-3.0,0,0.031990366396731154,0.0,1.3126542683831246,0.0,,0.2242891192953267,1.6431454075660665,1.3267426908137534,0.11429085498276435
1.6200461042883638,-3.0,1,-0.5077719612842142,0.0,1.3126542683831246,0.0,,0.2242891192953267,1.6431454075660665,1.3267426908137534,0.11429085498276435
1.6200461042883638,-3.0,2,-1.3891024706234987,-0.701929635732221,1.3126542683831246,0.0,,0.2242891192953267,1.6431454075660665,1.3267426908137534,0.11429085498276435
1.6200461042883638,-3.0,3,-1.3891024706234987,0.701929635732221,1.3126542683831246,0.0,,0.2242891192953267,1.6431454075660665,1.3267426908137534,0.11429085498276435
1.6550466342977264,6.0,0,-0.10000000000000017,0.0,-5.49461229234354,0.0,,0.18726538448968258,1.9710016036981108,1.3287613433267076,0.11377667189468112
1.6550466342977264,6.0,1,-0.3807679372971159,0.6442783648226942,-5.49461229234354,0.0,,0.18726538448968258,1.9710016036981108,1.3287613433267076,0.11377667189468112
1.6550466342977264,6.0,2,-0.3807679372971159,-0.6442783648226942,-5.49461229234354,0.0,,0.18726538448968258,1.9710016036981108,1.3287613433267076,0.11377667189468112
1.6550466342977264,6.0,3,-2.4593134365437885,0.0,-5.49461229234354,0.0,,0.18726538448968258,1.9710016036981108,1.3287613433267076,0.11377667189468112
1.6550466342977264,-3.0,0,0.03890985782299735,0.0,1.3643493945366418,0.0,,0.18726538448968258,1.9710016036981108,1.3287613433267076,0.11377667189468112
1.6550466342977264,-3.0,1,-0.45147016595369377,0.0,1.3643493945366418,0.0,,0.18726538448968258,1.9710016036981108,1.3287613433267076,0.11377667189468112
1.6550466342977264,-3.0,2,-1.4541445015036616,-0.7161768574400007,1.3643493945366418,0.0,,0.18726538448968258,1.9710016036981108,1.3287613433267076,0.11377667189468112
1.6550466342977264,-3.0,3,-1.4541445015036616,0.7161768574400007,1.3643493945366418,0.0,,0.18726538448968258,1.9710016036981108,1.3287613433267076,0.11377667189468112
1.690803338528115,6.0,0,-0.09999999999999973,0.0,-6.056474474073947,0.0,,0.15982866509557667,2.31197817300187,1.3302733864355798,0.11339353738784741
1.690803338528115,6.0,1,-0.3772665820312101,0.6847001696558042,-6.056474474073947,0.0,,0.15982866509557667,2.31197817300187,1.3302733864355798,0.11339353738784741
1.690803338528115,6.0,2,-0.3772665820312101,-0.6847001696558042,-6.056474474073947,0.0,,0.15982866509557667,2.31197817300187,1.3302733864355798,0.11339353738784741
1.690803338528115,6.0,3,-2.5795758755163227,0.0,-6.056474474073947,0.0,,0.15982866509557667,2.31197817300187,1.3302733864355798,0.11339353738784741
1.690803338528115,-3.0,0,0.04616308466867134,0.0,1.416314812238781,0.0,,0.15982866509557667,2.31197817300187,1.3302733864355798,0.11339353738784741
1.690803338528115,-3.0,1,-0.4019884125740787,0.0,1.416314812238781,0.0,,0.15982866509557667,2.31197817300187,1.3302733864355798,0.11339353738784741
1.690803338528115,-3.0,2,-1.539141855836669,-0.7078865796318257,1.416314812238781,0.0,,0.15982866509557667,2.31197817300187,1.3302733864355798,0.11339353738784741
1.690803338528115,-3.0,3,-1.539141855836669,0.7078865796318257,1.416314812238781,0.0,,0.15982866509557667,2.31197817300187,1.3302733864355798,0.11339353738784741
1.7273325538593531,6.0,0,-0.09999999999999984,0.0,-6.500177717094353,0.0,,0.1388069164457067,2.6644552510519417,1.3314413426620182,0.11309876061603617
1.7273325538593531,6.0,1,-0.3787726066050662,0.7156895064476593,-6.500177717094353,0.0,,0.1388069164457067,2.6644552510519417,1.3314413426620182,0.11309876061603617
1.7273325538593531,6.0,2,-0.3787726066050662,-0.7156895064476593,-6.500177717094353,0.0,,0.1388069164457067,2.6644552510519417,1.3314413426620182,0.11309876061603617
1.7273325538593531,6.0,3,-2.722638019934171,0.0,-6.500177717094353,0.0,,0.1388069164457067,2.6644552510519417,1.3314413426620182,0.11309876061603617
1.7273325538593531,-3.0,0,0.05363003098177985,0.0,1.4681650819613083,0.0,,0.1388069164457067,2.6644552510519417,1.3314413426620182,0.11309876061603617
1.7273325538593531,-3.0,1,-0.3600831085049782,0.0,1.4681650819613083,0.0,,0.1388069164457067,2.6644552510519417,1.3314413426620182,0.11309876061603617
1.7273325538593531,-3.0,2,-1.6368650778105536,-0.6780787193607221,1.4681650819613083,0.0,,0.1388069164457067,2.6644552510519417,1.3314413426620182,0.11309876061603617
1.7273325538593531,-3.0,3,-1.6368650778105536,0.6780787193607221,1.4681650819613083,0.0,,0.1388069164457067,2.6644552510519417,1.3314413426620182,0.11309876061603617
1.7646509701238458,6.0,0,-0.09999999999999983,0.0,-6.849150314152503,0.0,,0.12224752877901943,3.027480469795979,1.3323672210934916,0.11286580256439759
1.7646509701238458,6.0,1,-0.38343817862641294,0.7397447753652009,-6.849150314152503,0.0,,0.12224752877901943,3.027480469795979,1.3323672210934916,0.11286580256439759
1.7646509701238458,6.0,2,-0.38343817862641294,-0.7397447753652009,-6.849150314152503,0.0,,0.12224752877901943,3.027480469795979,1.3323672210934916,0.11286580256439759
1.7646509701238458,6.0,3,-2.8838636867916874,0.0,-6.849150314152503,0.0,,0.12224752877901943,3.027480469795979,1.3323672210934916,0.11286580256439759
1.7646509701238458,-3.0,0,0.06119795399597179,0.0,1.5196618499133778,0.0,,0.12224752877901943,3.027480469795979,1.3323672210934916,0.11286580256439759
1.7646509701238458,-3.0,1,-0.32515439943493224,0.0,1.5196618499133778,0.0,,0.12224752877901943,3.027480469795979,1.3323672210934916,0.11286580256439759
1.7646509701238458,-3.0,2,-1.7433917993027768,-0.6233613302055419,1.5196618499133778,0.0,,0.12224752877901943,3.027480469795979,1.3323672210934916,0.11286580256439759
1.7646509701238458,-3.0,3,-1.7433917993027768,0.6233613302055419,1.5196618499133778,0.0,,0.12224752877901943,3.027480469795979,1.3323672210934916,0.11286580256439759
1.8027756377319946,6.0,0,-0.09999999999999998,0.0,-7.124367469003819,0.0,,0.10889891986600482,3.4004963568187883,1.3331173689570675,0.11267752593434893
1.8027756377319946,6.0,1,-0.38997265829219635,0.7585496093048577,-7.124367469003819,0.0,,0.10889891986600482,3.4004963568187883,1.3331173689570675,0.11267752593434893
1.8027756377319946,6.0,2,-0.38997265829219635,-0.7585496093048577,-7.124367469003819,0.0,,0.10889891986600482,3.4004963568187883,1.3331173689570675,0.11267752593434893
1.8027756377319946,6.0,3,-3.0605280488185365,0.0,-7.124367469003819,0.0,,0.10889891986600482,3.4004963568187883,1.3331173689570675,0.11267752593434893
1.8027756377319946,-3.0,0,0.0687638834674825,0.0,1.5706539718496926,0.0,,0.10889891986600482,3.4004963568187883,1.3331173689570675,0.11267752593434893
1.8027756377319946,-3.0,1,-0.29618706060869077,0.0,1.5706539718496926,0.0,,0.10889891986600482,3.4004963568187883,1.3331173689570675,0.11267752593434893
1.8027756377319946,-3.0,2,-1.856525094130861,-0.5347689470945467,1.5706539718496926,0.0,,0.10889891986600482,3.4004963568187883,1.3331173689570675,0.11267752593434893
1.8027756377319946,-3.0,3,-1.856525094130861,0.5347689470945467,1.5706539718496926,0.0,,0.10889891986600482,3.4004963568187883,1.3331173689570675,0.11267752593434893
1.84172397546236,6.0,0,-0.09999999999999998,0.0,-7.3428075011264955,0.0,,0.09792862537059051,3.7831873715324154,1.333736419724766,0.11252246630884764
1.84172397546236,6.0,1,-0.3975024672328825,0.7733052941013622,-7.3428075011264955,0.0,,0.09792862537059051,3.7831873715324154,1.333736419724766,0.11252246630884764
1.84172397546236,6.0,2,-0.3975024672328825,-0.7733052941013622,-7.3428075011264955,0.0,,0.09792862537059051,3.7831873715324154,1.333736419724766,0.11252246630884764
1.84172397546236,6.0,3,-3.250884927244135,0.0,-7.3428075011264955,0.0,,0.09792862537059051,3.7831873715324154,1.333736419724766,0.11252246630884764
1.84172397546236,-3.0,0,0.07623802342012836,0.0,1.6210436309343994,0.0,,0.09792862537059051,3.7831873715324154,1.333736419724766,0.11252246630884764
1.84172397546236,-3.0,1,-0.2721467174048386,0.0,1.6210436309343994,0.0,,0.09792862537059051,3.7831873715324154,1.333736419724766,0.11252246630884764
1.84172397546236,-3.0,2,-1.9749905838625978,-0.38735718251718465,1.6210436309343994,0.0,,0.09792862537059051,3.7831873715324154,1.333736419724766,0.11252246630884764
1.84172397546236,-3.0,3,-1.9749905838625978,0.38735718251718465,1.6210436309343994,0.0,,0.09792862537059051,3.7831873715324154,1.333736419724766,0.11252246630884764
1.8815137784201277,6.0,0,-0.10000000000000019,0.0,-7.517609275806693,0.0,,0.08876447982027925,4.175391795089775,1.3342553306532001,0.11239270755598477
1.8815137784201277,6.0,1,-0.4054498107626462,0.7849032833907128,-7.517609275806693,0.0,,0.08876447982027925,4.175391795089775,1.3342553306532001,0.11239270755598477
1.8815137784201277,6.0,2,-0.4054498107626462,-0.7849032833907128,-7.517609275806693,0.0,,0.08876447982027925,4.175391795089775,1.3342553306532001,0.11239270755598477
1.8815137784201277,6.0,3,-3.4537247405731684,0.0,-7.517609275806693,0.0,,0.08876447982027925,4.175391795089775,1.3342553306532001,0.11239270755598477
1.8815137784201277,-3.0,0,0.08354630185816785,0.0,1.6707666992001726,0.0,,0.08876447982027925,4.175391795089775,1.3342553306532001,0.11239270755598477
1.8815137784201277,-3.0,1,-0.2521192613878648,0.0,1.6707666992001726,0.0,,0.08876447982027925,4.175391795089775,1.3342553306532001,0.11239270755598477
1.8815137784201277,-3.0,2,-1.9518251151731913,0.0,1.6707666992001726,0.0,,0.08876447982027925,4.175391795089775,1.3342553306532001,0.11239270755598477
1.8815137784201277,-3.0,3,-2.2442262873955685,0.0,1.6707666992001726,0.0,,0.08876447982027925,4.175391795089775,1.3342553306532001,0.11239270755598477
1.9221632261675115,6.0,0,-0.09999999999999988,0.0,-7.658744516155181,0.0,,0.08100173416194709,4.577049347911282,1.3346961642924,0.11228262860116793
1.9221632261675115,6.0,1,-0.4134418796548963,0.7940218490730521,-7.658744516155181,0.0,,0.08100173416194709,4.577049347911282,1.3346961642924,0.11228262860116793
1.9221632261675115,6.0,2,-0.4134418796548963,-0.7940218490730521,-7.658744516155181,0.0,,0.08100173416194709,4.577049347911282,1.3346961642924,0.11228262860116793
1.9221632261675115,6.0,3,-3.668155166772234,0.0,-7.658744516155181,0.0,,0.08100173416194709,4.577049347911282,1.3346961642924,0.11228262860116793
1.9221632261675115,-3.0,0,0.09063133290443522,0.0,1.7197810025024534,0.0,,0.08100173416194709,4.577049347911282,1.3346961642924,0.11228262860116793
1.9221632261675115,-3.0,1,-0.23534286652181527,0.0,1.7197810025024534,0.0,,0.08100173416194709,4.577049347911282,1.3346961642924,0.11228262860116793
1.9221632261675115,-3.0,2,-1.7449804523498762,0.0,1.7197810025024534,0.0,,0.08100173416194709,4.577049347911282,1.3346961642924,0.11228262860116793
1.9221632261675115,-3.0,3,-2.7053469401147643,0.0,1.7197810025024534,0.0,,0.08100173416194709,4.577049347911282,1.3346961642924,0.11228262860116793
1.9636908910298156,6.0,0,-0.09999999999999995,0.0,-7.773733308803604,0.0,,0.07434675343801472,4.988169042082623,1.3350750259639474,0.1121881386180746
1.9636908910298156,6.0,1,-0.42124598414944503,0.801184941488267,-7.773733308803604,0.0,,0.07434675343801472,4.988169042082623,1.3350750259639474,0.1121881386180746
1.9636908910298156,6.0,2,-0.42124598414944503,-0.801184941488267,-7.773733308803604,0.0,,0.07434675343801472,4.988169042082623,1.3350750259639474,0.1121881386180746
1.9636908910298156,6.0,3,-3.8934875851349746,0.0,-7.773733308803604,0.0,,0.07434675343801472,4.988169042082623,1.3350750259639474,0.1121881386180746
1.9636908910298156,-3.0,0,0.09745181783181131,0.0,1.7680590851239293,0.0,,0.07434675343801472,4.988169042082623,1.3350750259639474,0.1121881386180746
1.9636908910298156,-3.0,1,-0.22119962346702665,0.0,1.7680590851239293,0.0,,0.07434675343801472,4.988169042082623,1.3350750259639474,0.1121881386180746
1.9636908910298156,-3.0,2,-1.663322413851517,0.0,1.7680590851239293,0.0,,0.07434675343801472,4.988169042082623,1.3350750259639474,0.1121881386180746
1.9636908910298156,-3.0,3,-3.0489093339471314,0.0,1.7680590851239293,0.0,,0.07434675343801472,4.988169042082623,1.3350750259639474,0.1121881386180746
2.006115746580943,6.0,0,-0.0999999999999999,0.0,-7.868251155845379,0.0,P2,0.06858174221900049,5.408808853348966,1.335403924173612,0.11210619523602862
2.006115746580943,6.0,1,-0.42872407307037685,0.8068009667864047,-7.868251155845379,0.0,P2,0.06858174221900049,5.408808853348966,1.335403924173612,0.11210619523602862
2.006115746580943,6.0,2,-0.42872407307037685,-0.8068009667864047,-7.868251155845379,0.0,P2,0.06858174221900049,5.408808853348966,1.335403924173612,0.11210619523602862
2.006115746580943,6.0,3,-4.129175490301127,0.0,-7.868251155845379,0.0,P2,0.06858174221900049,5.408808853348966,1.335403924173612,0.11210619523602862
2.006115746580943,-3.0,0,0.1039808161146672,0.0,1.815583613181263,0.0,P2,0.06858174221900049,5.408808853348966,1.335403924173612,0.11210619523602862
2.006115746580943,-3.0,1,-0.20919466029870548,0.0,1.815583613181263,0.0,P2,0.06858174221900049,5.408808853348966,1.335403924173612,0.11210619523602862
2.006115746580943,-3.0,2,-1.6120430196066975,0.0,1.815583613181263,0.0,P2,0.06858174221900049,5.408808853348966,1.335403924173612,0.11210619523602862
2.006115746580943,-3.0,3,-3.369366772651145,0.0,1.815583613181263,0.0,P2,0.06858174221900049,5.408808853348966,1.335403924173612,0.11210619523602862
2.049457176312231,6.0,0,-0.10000000000000017,0.0,-7.9466015478644,0.0,,0.0635419726937481,5.839062511625592,1.3356919824148905,0.11203449210299246
2.049457176312231,6.0,1,-0.4358011669723151,0.8111900172218115,-7.9466015478644,0.0,,0.0635419726937481,5.839062511625592,1.3356919824148905,0.11203449210299246
2.049457176312231,6.0,2,-0.4358011669723151,-0.8111900172218115,-7.9466015478644,0.0,,0.0635419726937481,5.839062511625592,1.3356919824148905,0.11203449210299246
2.049457176312231,6.0,3,-4.374779090752309,0.0,-7.9466015478644,0.0,,0.0635419726937481,5.839062511625592,1.3356919824148905,0.11203449210299246
2.049457176312231,-3.0,0,0.11020341767883424,0.0,1.8623443722223394,0.0,,0.0635419726937481,5.839062511625592,1.3356919824148905,0.11203449210299246
2.049457176312231,-3.0,1,-0.1989336729355705,0.0,1.8623443722223394,0.0,,0.0635419726937481,5.839062511625592,1.3356919824148905,0.11203449210299246
2.049457176312231,-3.0,2,-1.575521120727261,0.0,1.8623443722223394,0.0,,0.0635419726937481,5.839062511625592,1.3356919824148905,0.11203449210299246
2.049457176312231,-3.0,3,-3.682130048712944,0.0,1.8623443722223394,0.0,,0.0635419726937481,5.839062511625592,1.3356919824148905,0.11203449210299246
2.093734982488574,6.0,0,-0.10000000000000013,0.0,-8.01206998819166,0.0,,0.05910068220447252,6.2790507048613335,1.3359462489136167,0.11197125088549659
2.093734982488574,6.0,1,-0.44244362463333653,0.8146038758211626,-8.01206998819166,0.0,,0.05910068220447252,6.2790507048613335,1.3359462489136167,0.11197125088549659
2.093734982488574,6.0,2,-0.44244362463333653,-0.8146038758211626,-8.01206998819166,0.0,,0.05910068220447252,6.2790507048613335,1.3359462489136167,0.11197125088549659
2.093734982488574,6.0,3,-4.629943403600862,0.0,-8.01206998819166,0.0,,0.05910068220447252,6.2790507048613335,1.3359462489136167,0.11197125088549659
2.093734982488574,-3.0,0,0.11611426568288796,0.0,1.908336255749077,0.0,,0.05910068220447252,6.2790507048613335,1.3359462489136167,0.11197125088549659
2.093734982488574,-3.0,1,-0.1901027510338169,0.0,1.908336255749077,0.0,,0.05910068220447252,6.2790507048613335,1.3359462489136167,0.11197125088549659
2.093734982488574,-3.0,2,-1.5477544321239176,0.0,1.908336255749077,0.0,,0.05910068220447252,6.2790507048613335,1.3359462489136167,0.11197125088549659
2.093734982488574,-3.0,3,-3.9930877353926886,0.0,1.908336255749077,0.0,,0.05910068220447252,6.2790507048613335,1.3359462489136167,0.11197125088549659
2.13896939519588,6.0,0,-0.10000000000000021,0.0,-8.067184751728814,0.0,,0.05515881138086335,6.728915093520834,1.3361722503892828,0.11191507947364632
2.13896939519588,6.0,1,-0.4486443013806757,0.8172411360268376,-8.067184751728814,0.0,,0.05515881138086335,6.728915093520834,1.3361722503892828,0.11191507947364632
2.13896939519588,6.0,2,-0.4486443013806757,-0.8172411360268376,-8.067184751728814,0.0,,0.05515881138086335,6.728915093520834,1.3361722503892828,0.11191507947364632
2.13896939519588,6.0,3,-4.8943835129816,0.0,-8.067184751728814,0.0,,0.05515881138086335,6.728915093520834,1.3361722503892828,0.11191507947364632
2.13896939519588,-3.0,0,0.12171523103104497,0.0,1.9535578859739802,0.0,,0.05515881138086335,6.728915093520834,1.3361722503892828,0.11191507947364632
2.13896939519588,-3.0,1,-0.18245154019163776,0.0,1.9535578859739802,0.0,,0.05515881138086335,6.728915093520834,1.3361722503892828,0.11191507947364632
2.13896939519588,-3.0,2,-1.5257549037977234,0.0,1.9535578859739802,0.0,,0.05515881138086335,6.728915093520834,1.3361722503892828,0.11191507947364632
2.13896939519588,-3.0,3,-4.305180902784636,0.0,1.9535578859739802,0.0,,0.05515881138086335,6.728915093520834,1.3361722503892828,0.11191507947364632
2.185181081583995,6.0,0,-0.09999999999999973,0.0,-8.113907824666203,0.0,,0.051637877535467974,7.188814159894652,1.336374378769698,0.11186487323094771
2.185181081583995,6.0,1,-0.45441250528044164,0.8192588160291724,-8.113907824666203,0.0,,0.051637877535467974,7.188814159894652,1.336374378769698,0.11186487323094771
2.185181081583995,6.0,2,-0.45441250528044164,-0.8192588160291724,-8.113907824666203,0.0,,0.051637877535467974,7.188814159894652,1.336374378769698,0.11186487323094771
2.185181081583995,6.0,3,-5.167873809635736,0.0,-8.113907824666203,0.0,,0.051637877535467974,7.188814159894652,1.336374378769698,0.11186487323094771
2.185181081583995,-3.0,0,0.12701339829971367,0.0,1.9980106480988469,0.0,,0.051637877535467974,7.188814159894652,1.336374378769698,0.11186487323094771
2.185181081583995,-3.0,1,-0.17577968227616494,0.0,1.9980106480988469,0.0,,0.051637877535467974,7.188814159894652,1.336374378769698,0.11186487323094771
2.185181081583995,-3.0,2,-1.5078127833330384,0.0,1.9980106480988469,0.0,,0.051637877535467974,7.188814159894652,1.336374378769698,0.11186487323094771
2.185181081583995,-3.0,3,-4.620119752887138,0.0,1.9980106480988469,0.0,,0.051637877535467974,7.188814159894652,1.336374378769698,0.11186487323094771
2.232391155309315,6.0,0,-0.10000000000000021,0.0,-8.153774755362209,0.0,,0.04847492702502885,7.65892028253452,1.3365561664306598,0.11181974487820222
2.232391155309315,6.0,1,-0.4597672713071992,0.8207813569323597,-8.153774755362209,0.0,,0.04847492702502885,7.65892028253452,1.3365561664306598,0.11181974487820222
2.232391155309315,6.0,2,-0.4597672713071992,-0.8207813569323597,-8.153774755362209,0.0,,0.04847492702502885,7.65892028253452,1.3365561664306598,0.11181974487820222
2.232391155309315,6.0,3,-5.4502396027819024,0.0,-8.153774755362209,0.0,,0.04847492702502885,7.65892028253452,1.3365561664306598,0.11181974487820222
2.232391155309315,-3.0,0,0.13201941800414935,0.0,2.041698000987771,0.0,,0.04847492702502885,7.65892028253452,1.3365561664306598,0.11181974487820222
2.232391155309315,-3.0,1,-0.1699261007376296,0.0,2.041698000987771,0.0,,0.04847492702502885,7.65892028253452,1.3365561664306598,0.11181974487820222
2.232391155309315,-3.0,2,-1.4928589949653683,0.0,2.041698000987771,0.0,,0.04847492702502885,7.65892028253452,1.3365561664306598,0.11181974487820222
2.232391155309315,-3.0,3,-4.9390084676974535,0.0,2.041698000987771,0.0,,0.04847492702502885,7.65892028253452,1.3365561664306598,0.11181974487820222
2.2806211861814063,6.0,0,-0.10000000000000012,0.0,-8.187997473227483,0.0,,0.04561889586252255,8.139417645938384,1.33672048549753,0.11177897382918084
2.2806211861814063,6.0,1,-0.46473291437483955,0.8219076236045115,-8.187997473227483,0.0,,0.04561889586252255,8.139417645938384,1.33672048549753,0.11177897382918084
2.2806211861814063,6.0,2,-0.46473291437483955,-0.8219076236045115,-8.187997473227483,0.0,,0.04561889586252255,8.139417645938384,1.33672048549753,0.11177897382918084
2.2806211861814063,6.0,3,-5.741350279767234,0.0,-8.187997473227483,0.0,,0.04561889586252255,8.139417645938384,1.33672048549753,0.11177897382918084
2.2806211861814063,-3.0,0,0.13674621562452494,0.0,2.0846249764807934,0.0,,0.04561889586252255,8.139417645938384,1.33672048549753,0.11177897382918084
2.2806211861814063,-3.0,1,-0.1647606188875722,0.0,2.0846249764807934,0.0,,0.04561889586252255,8.139417645938384,1.33672048549753,0.11177897382918084
2.2806211861814063,-3.0,2,-1.4801822855421398,0.0,2.0846249764807934,0.0,,0.04561889586252255,8.139417645938384,1.33672048549753,0.11177897382918084
2.2806211861814063,-3.0,3,-5.262619419711725,0.0,2.0846249764807934,0.0,,0.04561889586252255,8.139417645938384,1.33672048549753,0.11177897382918084
2.3298932100180334,6.0,0,-0.10000000000000012,0.0,-8.217540321172747,0.0,,0.04302794293072458,8.630500730613672,1.3368696944415184,0.11174196899442253
2.3298932100180334,6.0,1,-0.4693361364284394,0.8227163629795429,-8.217540321172747,0.0,,0.04302794293072458,8.630500730613672,1.3368696944415184,0.11174196899442253
2.3298932100180334,6.0,2,-0.4693361364284394,-0.8227163629795429,-8.217540321172747,0.0,,0.04302794293072458,8.630500730613672,1.3368696944415184,0.11174196899442253
2.3298932100180334,6.0,3,-6.0411135766183754,0.0,-8.217540321172747,0.0,,0.04302794293072458,8.630500730613672,1.3368696944415184,0.11174196899442253
2.3298932100180334,-3.0,0,0.14120801506318376,0.0,2.126797809875748,0.0,,0.04302794293072458,8.630500730613672,1.3368696944415184,0.11174196899442253
2.3298932100180334,-3.0,1,-0.16017743476974575,0.0,2.126797809875748,0.0,,0.04302794293072458,8.630500730613672,1.3368696944415184,0.11174196899442253
2.3298932100180334,-3.0,2,-1.4692871419982505,0.0,2.126797809875748,0.0,,0.04302794293072458,8.630500730613672,1.3368696944415184,0.11174196899442253
2.3298932100180334,-3.0,3,-5.591529287770439,0.0,2.126797809875748,0.0,,0.04302794293072458,8.630500730613672,1.3368696944415184,0.11174196899442253
2.380229738713102,6.0,0,-0.09999999999999974,0.0,-8.2431766712891,0.0,,0.040667466903083774,9.13237321352686,1.337005747467721,0.11170824107247936
2.380229738713102,6.0,1,-0.4736041853708146,0.8232704649617987,-8.2431766712891,0.0,,0.040667466903083774,9.13237321352686,1.337005747467721,0.11170824107247936
2.380229738713102,6.0,2,-0.4736041853708146,-0.8232704649617987,-8.2431766712891,0.0,,0.040667466903083774,9.13237321352686,1.337005747467721,0.11170824107247936
2.380229738713102,6.0,3,-6.349470712318014,0.0,-8.2431766712891,0.0,,0.040667466903083774,9.13237321352686,1.337005747467721,0.11170824107247936
2.380229738713102,-3.0,0,0.14541962245361506,0.0,2.1682236631044907,0.0,,0.040667466903083774,9.13237321352686,1.337005747467721,0.11170824107247936
2.380229738713102,-3.0,1,-0.1560900489090773,0.0,2.1682236631044907,0.0,,0.040667466903083774,9.13237321352686,1.337005747467721,0.11170824107247936
2.380229738713102,-3.0,2,-1.4598157864806804,0.0,2.1682236631044907,0.0,,0.040667466903083774,9.13237321352686,1.337005747467721,0.11170824107247936
2.380229738713102,-3.0,3,-5.926192870123499,0.0,2.1682236631044907,0.0,,0.040667466903083774,9.13237321352686,1.337005747467721,0.11170824107247936
2.431653770522123,6.0,0,-0.09999999999999987,0.0,-8.265531401515485,0.0,,0.03850861162005053,9.645247163609444,1.337130277210188,0.11167738163428029
2.431653770522123,6.0,1,-0.4775637200165579,0.823620292236844,-8.265531401515485,0.0,,0.03850861162005053,9.645247163609444,1.337130277210188,0.11167738163428029
2.431653770522123,6.0,2,-0.4775637200165579,-0.823620292236844,-8.265531401515485,0.0,,0.03850861162005053,9.645247163609444,1.337130277210188,0.11167738163428029
2.431653770522123,6.0,3,-6.6663922322122176,0.0,-8.265531401515485,0.0,,0.03850861162005053,9.645247163609444,1.337130277210188,0.11167738163428029
2.431653770522123,-3.0,0,0.14939591652273543,0.0,2.2089104146173653,0.0,,0.03850861162005053,9.645247163609444,1.337130277210188,0.11167738163428029
2.431653770522123,-3.0,1,-0.15242731843293572,0.0,2.2089104146173653,0.0,,0.03850861162005053,9.645247163609444,1.337130277210188,0.11167738163428029
2.431653770522123,-3.0,2,-1.451502381627243,0.0,2.2089104146173653,0.0,,0.03850861162005053,9.645247163609444,1.337130277210188,0.11167738163428029
2.431653770522123,-3.0,3,-6.266985888707895,0.0,2.2089104146173653,0.0,,0.03850861162005053,9.645247163609444,1.337130277210188,0.11167738163428029
2.4841888005698785,6.0,0,-0.09999999999999996,0.0,-8.285113013383926,0.0,,0.03652712564060701,10.169342452552392,1.3372446580082786,0.1116490471408522
2.4841888005698785,6.0,1,-0.48124014439993695,0.823806285746111,-8.285113013383926,0.0,,0.03652712564060701,10.169342452552392,1.3372446580082786,0.1116490471408522
2.4841888005698785,6.0,2,-0.48124014439993695,-0.823806285746111,-8.285113013383926,0.0,,0.03652712564060701,10.169342452552392,1.3372446580082786,0.1116490471408522
2.4841888005698785,6.0,3,-6.991874451639578,0.0,-8.285113013383926,0.0,,0.03652712564060701,10.169342452552392,1.3372446580082786,0.1116490471408522
2.4841888005698785,-3.0,0,0.1531514977277744,0.0,2.248866497831983,0.0,,0.03652712564060701,10.169342452552392,1.3372446580082786,0.1116490471408522
2.4841888005698785,-3.0,1,-0.14913038033737497,0.0,2.248866497831983,0.0,,0.03652712564060701,10.169342452552392,1.3372446580082786,0.1116490471408522
2.4841888005698785,-3.0,2,-1.4441446963389855,0.0,2.248866497831983,0.0,,0.03652712564060701,10.169342452552392,1.3372446580082786,0.1116490471408522
2.4841888005698785,-3.0,3,-6.6142311614908635,0.0,2.248866497831983,0.0,,0.03652712564060701,10.169342452552392,1.3372446580082786,0.1116490471408522
2.5378588315851136,6.0,0,-0.09999999999999998,0.0,-8.30233810810966,0.0,,0.034702482125714855,10.704886324999622,1.3373500548624164,0.11162294659349668
2.5378588315851136,6.0,1,-0.4846572503783042,0.8238610066590132,-8.30233810810966,0.0,,0.034702482125714855,10.704886324999622,1.3373500548624164,0.11162294659349668
2.5378588315851136,6.0,2,-0.4846572503783042,-0.8238610066590132,-8.30233810810966,0.0,,0.034702482125714855,10.704886324999622,1.3373500548624164,0.11162294659349668
2.5378588315851136,6.0,3,-7.325936414889721,0.0,-8.30233810810966,0.0,,0.034702482125714855,10.704886324999622,1.3373500548624164,0.11162294659349668
2.5378588315851136,-3.0,0,0.1567004564768702,0.0,2.2881007754972926,0.0,,0.034702482125714855,10.704886324999622,1.3373500548624164,0.11162294659349668
2.5378588315851136,-3.0,1,-0.14615024431170642,0.0,2.2881007754972926,0.0,,0.034702482125714855,10.704886324999622,1.3373500548624164,0.11162294659349668
2.5378588315851136,-3.0,2,-1.437585816912033,0.0,2.2881007754972926,0.0,,0.034702482125714855,10.704886324999622,1.3373500548624164,0.11162294659349668
2.5378588315851136,-3.0,3,-6.9682153108994545,0.0,2.2881007754972926,0.0,,0.034702482125714855,10.704886324999622,1.3373500548624164,0.11162294659349668
2.592688384867141,6.0,0,-0.09999999999999998,0.0,-8.317550183987473,0.0,,0.033017192494295,11.252113088349613,1.3374474617002143,0.11159883189156133
2.592688384867141,6.0,1,-0.48783705956280776,0.8238107398541256,-8.317550183987473,0.0,,0.033017192494295,11.252113088349613,1.3374474617002143,0.11159883189156133
2.592688384867141,6.0,2,-0.48783705956280776,-0.8238107398541256,-8.317550183987473,0.0,,0.033017192494295,11.252113088349613,1.3374474617002143,0.11159883189156133
2.592688384867141,6.0,3,-7.6686172986541,0.0,-8.317550183987473,0.0,,0.033017192494295,11.252113088349613,1.3374474617002143,0.11159883189156133
2.592688384867141,-3.0,0,0.16005622882433293,0.0,2.3266224409299205,0.0,,0.033017192494295,11.252113088349613,1.3374474617002143,0.11159883189156133
2.592688384867141,-3.0,1,-0.1434459016096435,0.0,2.3266224409299205,0.0,,0.033017192494295,11.252113088349613,1.3374474617002143,0.11159883189156133
2.592688384867141,-3.0,2,-1.4317019229307528,0.0,2.3266224409299205,0.0,,0.033017192494295,11.252113088349613,1.3374474617002143,0.11159883189156133
2.592688384867141,-3.0,3,-7.329199822063655,0.0,2.3266224409299205,0.0,,0.033017192494295,11.252113088349613,1.3374474617002143,0.11159883189156133
2.6487025114893776,6.0,0,-0.10000000000000023,0.0,-8.331034182132644,0.0,,0.031456265994879745,11.811263893496681,1.337537731570368,0.11157649023214851
2.6487025114893776,6.0,1,-0.4907997913048044,0.8236767559722169,-8.331034182132644,0.0,,0.031456265994879745,11.811263893496681,1.337537731570368,0.11157649023214851
2.6487025114893776,6.0,2,-0.4907997913048044,-0.8236767559722169,-8.331034182132644,0.0,,0.031456265994879745,11.811263893496681,1.337537731570368,0.11157649023214851
2.6487025114893776,6.0,3,-8.01997419884301,0.0,-8.331034182132644,0.0,,0.031456265994879745,11.811263893496681,1.337537731570368,0.11157649023214851
2.6487025114893776,-3.0,0,0.163231515206821,0.0,2.36444093960147,0.0,,0.031456265994879745,11.811263893496681,1.337537731570368,0.11157649023214851
2.6487025114893776,-3.0,1,-0.1409828324297339,0.0,2.36444093960147,0.0,,0.031456265994879745,11.811263893496681,1.337537731570368,0.11157649023214851
2.6487025114893776,-3.0,2,-1.426393873776399,0.0,2.36444093960147,0.0,,0.031456265994879745,11.811263893496681,1.337537731570368,0.11157649023214851
2.6487025114893776,-3.0,3,-7.697428590453304,0.0,2.36444093960147,0.0,,0.031456265994879745,11.811263893496681,1.337537731570368,0.11157649023214851
2.7059268037449242,6.0,0,-0.1,0.0,-8.343027824810253,0.0,,0.0300067803424861,12.382586585547665,1.3376216006796373,0.11155573806545407
2.7059268037449242,6.0,1,-0.4935639078220244,0.8234763073073063,-8.343027824810253,0.0,,0.0300067803424861,12.382586585547665,1.3376216006796373,0.11155573806545407
2.7059268037449242,6.0,2,-0.4935639078220244,-0.8234763073073063,-8.343027824810253,0.0,,0.0300067803424861,12.382586585547665,1.3376216006796373,0.11155573806545407
2.7059268037449242,6.0,3,-8.38008024731475,0.0,-8.343027824810253,0.0,,0.0300067803424861,12.382586585547665,1.3376216006796373,0.11155573806545407
2.7059268037449242,-3.0,0,0.1662382437352154,0.0,2.401565906294519,0.0,,0.0300067803424861,12.382586585547665,1.3376216006796373,0.11155573806545407
2.7059268037449242,-3.0,1,-0.1387318219613345,0.0,2.401565906294519,0.0,,0.0300067803424861,12.382586585547665,1.3376216006796373,0.11155573806545407
2.7059268037449242,-3.0,2,-1.421581271275466,0.0,2.401565906294519,0.0,,0.0300067803424861,12.382586585547665,1.3376216006796373,0.11155573806545407
2.7059268037449242,-3.0,3,-8.073133213457211,0.0,2.401565906294519,0.0,,0.0300067803424861,12.382586585547665,1.3376216006796373,0.11155573806545407
2.764387406839436,6.0,0,-0.09999999999999991,0.0,-8.353730516320118,0.0,,0.028657537745182773,12.966335609091546,1.3376997076832944,0.1115364162480158
2.764387406839436,6.0,1,-0.4961462040943615,0.8232234158928569,-8.353730516320118,0.0,,0.028657537745182773,12.966335609091546,1.3376997076832944,0.1115364162480158
2.764387406839436,6.0,2,-0.4961462040943615,-0.8232234158928569,-8.353730516320118,0.0,,0.028657537745182773,12.966335609091546,1.3376997076832944,0.1115364162480158
2.764387406839436,6.0,3,-8.749023011814256,0.0,-8.353730516320118,0.0,,0.028657537745182773,12.966335609091546,1.3376997076832944,0.1115364162480158
2.764387406839436,-3.0,0,0.16908756429714988,0.0,2.4380071143109063,0.0,,0.028657537745182773,12.966335609091546,1.3376997076832944,0.1115364162480158
2.764387406839436,-3.0,1,-0.13666801640697696,0.0,2.4380071143109063,0.0,,0.028657537745182773,12.966335609091546,1.3376997076832944,0.1115364162480158
2.764387406839436,-3.0,2,-1.417198178256943,0.0,2.4380071143109063,0.0,,0.028657537745182773,12.966335609091546,1.3376997076832944,0.1115364162480158
2.764387406839436,-3.0,3,-8.45653678963621,0.0,2.4380071143109063,0.0,,0.028657537745182773,12.966335609091546,1.3376997076832944,0.1115364162480158
2.8241110308365993,6.0,0,-0.09999999999999963,0.0,-8.363310377908615,0.0,,0.02739878719276115,13.562771956477071,1.3377726092860789,0.11151838612618414
2.8241110308365993,6.0,1,-0.49856192135822225,0.822929499008281,-8.363310377908615,0.0,,0.02739878719276115,13.562771956477071,1.3377726092860789,0.11151838612618414
2.8241110308365993,6.0,2,-0.49856192135822225,-0.822929499008281,-8.363310377908615,0.0,,0.02739878719276115,13.562771956477071,1.3377726092860789,0.11151838612618414
2.8241110308365993,6.0,3,-9.126903138405055,0.0,-8.363310377908615,0.0,,0.02739878719276115,13.562771956477071,1.3377726092860789,0.11151838612618414
2.8241110308365993,-3.0,0,0.17178986338567157,0.0,2.47377443408491,0.0,,0.02739878719276115,13.562771956477071,1.3377726092860789,0.11151838612618414
2.8241110308365993,-3.0,1,-0.13477016637131545,0.0,2.47377443408491,0.0,,0.02739878719276115,13.562771956477071,1.3377726092860789,0.11151838612618414
2.8241110308365993,-3.0,2,-1.4131899723640555,0.0,2.47377443408491,0.0,,0.02739878719276115,13.562771956477071,1.3377726092860789,0.11151838612618414
2.8241110308365993,-3.0,3,-8.847856705771818,0.0,2.47377443408491,0.0,,0.02739878719276115,13.562771956477071,1.3377726092860789,0.11151838612618414
2.8851249628616924,6.0,0,-0.09999999999999991,0.0,-8.371909844174311,0.0,,0.026221998613857683,14.17216315042612,1.337840792949035,0.1115015263485794
2.8851249628616924,6.0,1,-0.5008248705719451,0.8226038671940431,-8.371909844174311,0.0,,0.026221998613857683,14.17216315042612,1.337840792949035,0.1115015263485794
2.8851249628616924,6.0,2,-0.5008248705719451,-0.8226038671940431,-8.371909844174311,0.0,,0.026221998613857683,14.17216315042612,1.337840792949035,0.1115015263485794
2.8851249628616924,6.0,3,-9.513833201157823,0.0,-8.371909844174311,0.0,,0.026221998613857683,14.17216315042612,1.337840792949035,0.1115015263485794
2.8851249628616924,-3.0,0,0.1743547923510366,0.0,2.5088777992123314,0.0,,0.026221998613857683,14.17216315042612,1.337840792949035,0.1115015263485794
2.8851249628616924,-3.0,1,-0.1330200172162331,0.0,2.5088777992123314,0.0,,0.026221998613857683,14.17216315042612,1.337840792949035,0.1115015263485794
2.8851249628616924,-3.0,2,-1.4095109952853802,0.0,2.5088777992123314,0.0,,0.026221998613857683,14.17216315042612,1.337840792949035,0.1115015263485794
2.8851249628616924,-3.0,3,-9.247306722151135,0.0,2.5088777992123314,0.0,,0.026221998613857683,14.17216315042612,1.337840792949035,0.1115015263485794
2.947457079568803,6.0,0,-0.09999999999999991,0.0,-8.379650142898653,0.0,,0.02511967796544704,14.794783254387438,1.3379046873084084,0.11148573025435225
2.947457079568803,6.0,1,-0.502947557281652,0.8222541220256478,-8.379650142898653,0.0,,0.02511967796544704,14.794783254387438,1.3379046873084084,0.11148573025435225
2.947457079568803,6.0,2,-0.502947557281652,-0.8222541220256478,-8.379650142898653,0.0,,0.02511967796544704,14.794783254387438,1.3379046873084084,0.11148573025435225
2.947457079568803,6.0,3,-9.909936728752045,0.0,-8.379650142898653,0.0,,0.02511967796544704,14.794783254387438,1.3379046873084084,0.11148573025435225
2.947457079568803,-3.0,0,0.17679130384965688,0.0,2.543327178376608,0.0,,0.02511967796544704,14.794783254387438,1.3379046873084084,0.11148573025435225
2.947457079568803,-3.0,1,-0.1314018152497034,0.0,2.543327178376608,0.0,,0.02511967796544704,14.794783254387438,1.3379046873084084,0.11148573025435225
2.947457079568803,-3.0,2,-1.4061227700991983,0.0,2.543327178376608,0.0,,0.02511967796544704,14.794783254387438,1.3379046873084084,0.11148573025435225
2.947457079568803,-3.0,3,-9.655098561816116,0.0,2.543327178376608,0.0,,0.02511967796544704,14.794783254387438,1.3379046873084084,0.11148573025435225
3.011135859877387,6.0,0,-0.10000000000000005,0.0,-8.38663490244573,0.0,,0.02408521487138288,15.43091290557515,1.3379646707725414,0.11147090371957907
3.011135859877387,6.0,1,-0.5049413026841988,0.8218864748457336,-8.38663490244573,0.0,,0.02408521487138288,15.43091290557515,1.3379646707725414,0.11147090371957907
3.011135859877387,6.0,2,-0.5049413026841988,-0.8218864748457336,-8.38663490244573,0.0,,0.02408521487138288,15.43091290557515,1.3379646707725414,0.11147090371957907
3.011135859877387,6.0,3,-10.315347381997412,0.0,-8.38663490244573,0.0,,0.02408521487138288,15.43091290557515,1.3379646707725414,0.11147090371957907
3.011135859877387,-3.0,0,0.1791076927986565,0.0,2.5771325519916,0.0,,0.02408521487138288,15.43091290557515,1.3379646707725414,0.11147090371957907
3.011135859877387,-3.0,1,-0.1299019056637303,0.0,2.5771325519916,0.0,,0.02408521487138288,15.43091290557515,1.3379646707725414,0.11147090371957907
3.011135859877387,-3.0,2,-1.4029926313720054,0.0,2.5771325519916,0.0,,0.02408521487138288,15.43091290557515,1.3379646707725414,0.11147090371957907
3.011135859877387,-3.0,3,-10.071443143128725,0.0,2.5771325519916,0.0,,0.02408521487138288,15.43091290557515,1.3379646707725414,0.11147090371957907
3.076190397984005,6.0,0,-0.09999999999999998,0.0,-8.392953073264348,0.0,,0.02311275632888299,16.080839366807385,1.3380210786561413,0.11145696337123612
3.076190397984005,6.0,1,-0.50681635790617,0.8215060029884967,-8.392953073264348,0.0,,0.02311275632888299,16.080839366807385,1.3380210786561413,0.11145696337123612
3.076190397984005,6.0,2,-0.50681635790617,-0.8215060029884967,-8.392953073264348,0.0,,0.02311275632888299,16.080839366807385,1.3380210786561413,0.11145696337123612
3.076190397984005,6.0,3,-10.73020826011154,0.0,-8.392953073264348,0.0,,0.02311275632888299,16.080839366807385,1.3380210786561413,0.11145696337123612
3.076190397984005,-3.0,0,0.18131163927289115,0.0,2.61030389268876,0.0,,0.02311275632888299,16.080839366807385,1.3380210786561413,0.11145696337123612
3.076190397984005,-3.0,1,-0.12850840350800347,0.0,2.61030389268876,0.0,,0.02311275632888299,16.080839366807385,1.3380210786561413,0.11145696337123612
3.076190397984005,-3.0,2,-1.40009265976717,0.0,2.61030389268876,0.0,,0.02311275632888299,16.080839366807385,1.3380210786561413,0.11145696337123612
3.076190397984005,-3.0,3,-10.496551551921613,0.0,2.61030389268876,0.0,,0.02311275632888299,16.080839366807385,1.3380210786561413,0.11145696337123612
3.142650416655169,6.0,0,-0.09999999999999992,0.0,-8.39868130667216,0.0,,0.022197101433910026,16.744856594094063,1.338074209135379,0.11144383509716228
3.142650416655169,6.0,1,-0.5085820099688911,0.8211168564058448,-8.39868130667216,0.0,,0.022197101433910026,16.744856594094063,1.338074209135379,0.11144383509716228
3.142650416655169,6.0,2,-0.5085820099688911,-0.8211168564058448,-8.39868130667216,0.0,,0.022197101433910026,16.744856594094063,1.338074209135379,0.11144383509716228
3.142650416655169,6.0,3,-11.154671316887296,0.0,-8.39868130667216,0.0,,0.022197101433910026,16.744856594094063,1.338074209135379,0.11144383509716228
3.142650416655169,-3.0,0,0.18341025158925992,0.0,2.6428511488808875,0.0,,0.022197101433910026,16.744856594094063,1.338074209135379,0.11144383509716228
3.142650416655169,-3.0,1,-0.12721092309518245,0.0,2.6428511488808875,0.0,,0.022197101433910026,16.744856594094063,1.338074209135379,0.11144383509716228
3.142650416655169,-3.0,2,-1.397398844424554,0.0,2.6428511488808875,0.0,,0.022197101433910026,16.744856594094063,1.338074209135379,0.11144383509716228
3.142650416655169,-3.0,3,-10.93063582089461,0.0,2.6428511488808875,0.0,,0.022197101433910026,16.744856594094063,1.338074209135379,0.11144383509716228
3.2105462808073764,6.0,0,-0.1000000000000001,0.0,-8.403885901923566,0.0,,0.021333613161113464,17.423265317628978,1.3381243282430688,0.11143145279695306
3.2105462808073764,6.0,1,-0.5102466788379451,0.8207224248268009,-8.403885901923566,0.0,,0.021333613161113464,17.423265317628978,1.3381243282430688,0.11143145279695306
3.2105462808073764,6.0,2,-0.5102466788379451,-0.8207224248268009,-8.403885901923566,0.0,,0.021333613161113464,17.423265317628978,1.3381243282430688,0.11143145279695306
3.2105462808073764,6.0,3,-11.588896870769352,0.0,-8.403885901923566,0.0,,0.021333613161113464,17.423265317628978,1.3381243282430688,0.11143145279695306
3.2105462808073764,-3.0,0,0.18541010842195646,0.0,2.6747842309020196,0.0,,0.021333613161113464,17.423265317628978,1.3381243282430688,0.11143145279695306
3.2105462808073764,-3.0,1,-0.1260003543847651,0.0,2.6747842309020196,0.0,,0.021333613161113464,17.423265317628978,1.3381243282430688,0.11143145279695306
3.2105462808073764,-3.0,2,-1.3948904178656356,0.0,2.6747842309020196,0.0,,0.021333613161113464,17.423265317628978,1.3381243282430688,0.11143145279695306
3.2105462808073764,-3.0,3,-11.373909564616794,0.0,2.6747842309020196,0.0,,0.021333613161113464,17.423265317628978,1.3381243282430688,0.11143145279695306
3.2799090113805316,6.0,0,-0.10000000000000005,0.0,-8.408624407765332,0.0,,0.02051814406533552,18.11637313431253,1.338171674080355,0.11141975732929844
3.2799090113805316,6.0,1,-0.5118180055383569,0.8203254734001313,-8.408624407765332,0.0,,0.02051814406533552,18.11637313431253,1.338171674080355,0.11141975732929844
3.2799090113805316,6.0,2,-0.5118180055383569,-0.8203254734001313,-8.408624407765332,0.0,,0.02051814406533552,18.11637313431253,1.338171674080355,0.11141975732929844
3.2799090113805316,6.0,3,-12.033053195284502,0.0,-8.408624407765332,0.0,,0.02051814406533552,18.11637313431253,1.338171674080355,0.11141975732929844
3.2799090113805316,-3.0,0,0.18731729920406404,0.0,2.706112999243966,0.0,,0.02051814406533552,18.11637313431253,1.338171674080355,0.11141975732929844
3.2799090113805316,-3.0,1,-0.12486867732346431,0.0,2.706112999243966,0.0,,0.02051814406533552,18.11637313431253,1.338171674080355,0.11141975732929844
3.2799090113805316,-3.0,2,-1.3925493230743213,0.0,2.706112999243966,0.0,,0.02051814406533552,18.11637313431253,1.338171674080355,0.11141975732929844
3.2799090113805316,-3.0,3,-11.826588505167512,0.0,2.706112999243966,0.0,,0.02051814406533552,18.11637313431253,1.338171674080355,0.11141975732929844
3.350770299511113,6.0,0,-0.09999999999999996,0.0,-8.412946946070573,0.0,,0.01974697341126847,18.824494610342118,1.3382164603840112,0.11140869562081641
3.350770299511113,6.0,1,-0.5133029316659987,0.8199282530927684,-8.412946946070573,0.0,,0.01974697341126847,18.824494610342118,1.3382164603840112,0.11140869562081641
3.350770299511113,6.0,2,-0.5133029316659987,-0.8199282530927684,-8.412946946070573,0.0,,0.01974697341126847,18.824494610342118,1.3382164603840112,0.11140869562081641
3.350770299511113,6.0,3,-12.487316178364894,0.0,-8.412946946070573,0.0,,0.01974697341126847,18.824494610342118,1.3382164603840112,0.11140869562081641
3.350770299511113,-3.0,0,0.189137462372871,0.0,2.7368472545482327,0.0,,0.01974697341126847,18.824494610342118,1.3382164603840112,0.11140869562081641
3.350770299511113,-3.0,1,-0.12380880699946002,0.0,2.7368472545482327,0.0,,0.01974697341126847,18.824494610342118,1.3382164603840112,0.11140869562081641
3.350770299511113,-3.0,2,-1.3903597829081493,0.0,2.7368472545482327,0.0,,0.01974697341126847,18.824494610342118,1.3382164603840112,0.11140869562081641
3.350770299511113,-3.0,3,-12.288890914162145,0.0,2.7368472545482327,0.0,,0.01974697341126847,18.824494610342118,1.3382164603840112,0.11140869562081641
3.4231625210115233,6.0,0,-0.10000000000000009,0.0,-8.416897310726844,0.0,,0.01901675373485829,19.547951392702835,1.3382588795616361,0.11139821990816753
3.4231625210115233,6.0,1,-0.5147077708230727,0.819532590800711,-8.416897310726844,0.0,,0.01901675373485829,19.547951392702835,1.3382588795616361,0.11139821990816753
3.4231625210115233,6.0,2,-0.5147077708230727,-0.819532590800711,-8.416897310726844,0.0,,0.01901675373485829,19.547951392702835,1.3382588795616361,0.11139821990816753
3.4231625210115233,6.0,3,-12.951869040863388,0.0,-8.416897310726844,0.0,,0.01901675373485829,19.547951392702835,1.3382588795616361,0.11139821990816753
3.4231625210115233,-3.0,0,0.19087582122255767,0.0,2.766996729059337,0.0,,0.01901675373485829,19.547951392702835,1.3382588795616361,0.11139821990816753
3.4231625210115233,-3.0,1,-0.12281446392972267,0.0,2.766996729059337,0.0,,0.01901675373485829,19.547951392702835,1.3382588795616361,0.11139821990816753
3.4231625210115233,-3.0,2,-1.3883079494986497,0.0,2.766996729059337,0.0,,0.01901675373485829,19.547951392702835,1.3382588795616361,0.11139821990816753
3.4231625210115233,-3.0,3,-12.761037990303715,0.0,2.766996729059337,0.0,,0.01901675373485829,19.547951392702835,1.3382588795616361,0.11139821990816753
3.49711875116228,6.0,0,-0.10000000000000009,0.0,-8.420513883922226,0.0,,0.018324465228189743,20.287072328639653,1.3382991052845397,0.11138828709089366
3.49711875116228,6.0,1,-0.516038272603073,0.8191399631065018,-8.420513883922226,0.0,,0.018324465228189743,20.287072328639653,1.3382991052845397,0.11138828709089366
3.49711875116228,6.0,2,-0.516038272603073,-0.8191399631065018,-8.420513883922226,0.0,,0.018324465228189743,20.287072328639653,1.3382991052845397,0.11138828709089366
3.49711875116228,6.0,3,-13.426902106060984,0.0,-8.420513883922226,0.0,,0.018324465228189743,20.287072328639653,1.3382991052845397,0.11138828709089366
3.49711875116228,-3.0,0,0.19253721727333148,0.0,2.7965710793220753,0.0,,0.018324465228189743,20.287072328639653,1.3382991052845397,0.11138828709089366
3.49711875116228,-3.0,1,-0.12188006494046306,0.0,2.7965710793220753,0.0,,0.018324465228189743,20.287072328639653,1.3382991052845397,0.11138828709089366
3.49711875116228,-3.0,2,-1.3863816167363308,0.0,2.7965710793220753,0.0,,0.018324465228189743,20.287072328639653,1.3382991052845397,0.11138828709089366
3.49711875116228,-3.0,3,-13.243254186863664,0.0,2.7965710793220753,0.0,,0.018324465228189743,20.287072328639653,1.3382991052845397,0.11138828709089366
3.572672779823784,6.0,0,-0.09999999999999964,0.0,-8.423830403321597,0.0,,0.017667376645419945,21.042193592369518,1.3383372947120495,0.1113788581764839
3.572672779823784,6.0,1,-0.5172996797850313,0.8187515568104741,-8.423830403321597,0.0,,0.017667376645419945,21.042193592369518,1.3383372947120495,0.1113788581764839
3.572672779823784,6.0,2,-0.5172996797850313,-0.8187515568104741,-8.423830403321597,0.0,,0.017667376645419945,21.042193592369518,1.3383372947120495,0.1113788581764839
3.572672779823784,6.0,3,-13.912612613219537,0.0,-8.423830403321597,0.0,,0.017667376645419945,21.042193592369518,1.3383372947120495,0.1113788581764839
3.572672779823784,-3.0,0,0.1941261411606746,0.0,2.825579879916174,0.0,,0.017667376645419945,21.042193592369518,1.3383372947120495,0.1113788581764839
3.572672779823784,-3.0,1,-0.12100063099642079,0.0,2.825579879916174,0.0,,0.017667376645419945,21.042193592369518,1.3383372947120495,0.1113788581764839
3.572672779823784,-3.0,2,-1.3845699829184044,0.0,2.825579879916174,0.0,,0.017667376645419945,21.042193592369518,1.3383372947120495,0.1113788581764839
3.572672779823784,-3.0,3,-13.735767500035443,0.0,2.825579879916174,0.0,,0.017667376645419945,21.042193592369518,1.3383372947120495,0.1113788581764839
3.649859126874556,6.0,0,-0.10000000000000053,0.0,-8.42687660696926,0.0,,0.017043011668679223,21.81365881845101,1.3383735904065917,0.11136989780278446
3.649859126874556,6.0,1,-0.5184967793912372,0.8183683187347047,-8.42687660696926,0.0,,0.017043011668679223,21.81365881845101,1.3383735904065917,0.11136989780278446
3.649859126874556,6.0,2,-0.5184967793912372,-0.8183683187347047,-8.42687660696926,0.0,,0.017043011668679223,21.81365881845101,1.3383735904065917,0.11136989780278446
3.649859126874556,6.0,3,-14.40920456930197,0.0,-8.42687660696926,0.0,,0.017043011668679223,21.81365881845101,1.3383735904065917,0.11136989780278446
3.649859126874556,-3.0,0,0.19564676111465693,0.0,2.8540326180897444,0.0,,0.017043011668679223,21.81365881845101,1.3383735904065917,0.11136989780278446
3.649859126874556,-3.0,1,-0.12017170903936529,0.0,2.8540326180897444,0.0,,0.017043011668679223,21.81365881845101,1.3383735904065917,0.11136989780278446
3.649859126874556,-3.0,2,-1.3828634535913937,0.0,2.8540326180897444,0.0,,0.017043011668679223,21.81365881845101,1.3383735904065917,0.11136989780278446
3.649859126874556,-3.0,3,-14.238809726568338,0.0,2.8540326180897444,0.0,,0.017043011668679223,21.81365881845101,1.3383735904065917,0.11136989780278446
3.728713057983038,6.0,0,-0.09999999999999964,0.0,-8.42967877744902,0.0,,0.016449119865788002,22.601819241342866,1.3384081219887352,0.11136137382535657
3.728713057983038,6.0,1,-0.5196339482340886,0.8179909967981299,-8.42967877744902,0.0,,0.016449119865788002,22.601819241342866,1.3384081219887352,0.11136137382535657
3.728713057983038,6.0,2,-0.5196339482340886,-0.8179909967981299,-8.42967877744902,0.0,,0.016449119865788002,22.601819241342866,1.3384081219887352,0.11136137382535657
3.728713057983038,6.0,3,-14.916888633874555,0.0,-8.42967877744902,0.0,,0.016449119865788002,22.601819241342866,1.3384081219887352,0.11136137382535657
3.728713057983038,-3.0,0,0.19710294913705587,0.0,2.8819386891481273,0.0,,0.016449119865788002,22.601819241342866,1.3384081219887352,0.11136137382535657
3.728713057983038,-3.0,1,-0.11938930545503951,0.0,2.8819386891481273,0.0,,0.016449119865788002,22.601819241342866,1.3384081219887352,0.11136137382535657
3.728713057983038,-3.0,2,-1.3812534768311846,0.0,2.8819386891481273,0.0,,0.016449119865788002,22.601819241342866,1.3384081219887352,0.11136137382535657
3.728713057983038,-3.0,3,-14.752616697193558,0.0,2.8819386891481273,0.0,,0.016449119865788002,22.601819241342866,1.3384081219887352,0.11136137382535657
3.8092706007201107,6.0,0,-0.10000000000000031,0.0,-8.432260202769333,0.0,,0.01588365152538572,23.407033840787136,1.338441007571906,0.11135325696003
3.8092706007201107,6.0,1,-0.520715193535506,0.817620173973061,-8.432260202769333,0.0,,0.01588365152538572,23.407033840787136,1.338441007571906,0.11135325696003
3.8092706007201107,6.0,2,-0.520715193535506,-0.817620173973061,-8.432260202769333,0.0,,0.01588365152538572,23.407033840787136,1.338441007571906,0.11135325696003
3.8092706007201107,6.0,3,-15.435882032965896,0.0,-8.432260202769333,0.0,,0.01588365152538572,23.407033840787136,1.338441007571906,0.11135325696003
3.8092706007201107,-3.0,0,0.19849830501090496,0.0,2.9093073925210122,0.0,,0.01588365152538572,23.407033840787136,1.338441007571906,0.11135325696003
3.8092706007201107,-3.0,1,-0.11864982923108351,0.0,2.9093073925210122,0.0,,0.01588365152538572,23.407033840787136,1.338441007571906,0.11135325696003
3.8092706007201107,-3.0,2,-1.379732404877449,0.0,2.9093073925210122,0.0,,0.01588365152538572,23.407033840787136,1.338441007571906,0.11135325696003
3.8092706007201107,-3.0,3,-15.277428490939299,0.0,2.9093073925210122,0.0,,0.01588365152538572,23.407033840787136,1.338441007571906,0.11135325696003
3.891568561019735,6.0,0,-0.10000000000000042,0.0,-8.43464156798665,0.0,,0.01534473577957155,24.229669492712567,1.3384723550112712,0.11134552047168952
3.891568561019735,6.0,1,-0.5217441891551309,0.8172562964106707,-8.43464156798665,0.0,,0.01534473577957155,24.229669492712567,1.3384723550112712,0.11134552047168952
3.891568561019735,6.0,2,-0.5217441891551309,-0.8172562964106707,-8.43464156798665,0.0,,0.01534473577957155,24.229669492712567,1.3384723550112712,0.11134552047168952
3.891568561019735,6.0,3,-15.966408498282206,0.0,-8.43464156798665,0.0,,0.01534473577957155,24.229669492712567,1.3384723550112712,0.11134552047168952
3.891568561019735,-3.0,0,0.19983617828266528,0.0,2.9361479283708127,0.0,,0.01534473577957155,24.229669492712567,1.3384723550112712,0.11134552047168952
3.891568561019735,-3.0,1,-0.117950043223569,0.0,2.9361479283708127,0.0,,0.01534473577957155,24.229669492712567,1.3384723550112712,0.11134552047168952
3.891568561019735,-3.0,2,-1.3782933773094919,0.0,2.9361479283708127,0.0,,0.01534473577957155,24.229669492712567,1.3384723550112712,0.11134552047168952
3.891568561019735,-3.0,3,-15.813489634342094,0.0,2.9361479283708127,0.0,,0.01534473577957155,24.229669492712567,1.3384723550112712,0.11134552047168952
3.975644539995219,6.0,0,-0.10000000000000021,0.0,-8.436841289207264,0.0,,0.014830661524028902,25.070101125447195,1.33850226299286,0.11133813990308064
3.975644539995219,6.0,1,-0.5227243079129412,0.8168996967900504,-8.436841289207264,0.0,,0.014830661524028902,25.070101125447195,1.33850226299286,0.11133813990308064
3.975644539995219,6.0,2,-0.5227243079129412,-0.8168996967900504,-8.436841289207264,0.0,,0.014830661524028902,25.070101125447195,1.33850226299286,0.11133813990308064
3.975644539995219,6.0,3,-16.5086982287347,0.0,-8.436841289207264,0.0,,0.014830661524028902,25.070101125447195,1.33850226299286,0.11133813990308064
3.975644539995219,-3.0,0,0.20111968836972527,0.0,2.9624693947239837,0.0,,0.014830661524028902,25.070101125447195,1.33850226299286,0.11133813990308064
3.975644539995219,-3.0,1,-0.1172870222333205,0.0,2.9624693947239837,0.0,,0.014830661524028902,25.070101125447195,1.33850226299286,0.11133813990308064
3.975644539995219,-3.0,2,-1.376930221939992,0.0,2.9624693947239837,0.0,,0.014830661524028902,25.070101125447195,1.33850226299286,0.11133813990308064
3.975644539995219,-3.0,3,-16.361049288757016,0.0,2.9624693947239837,0.0,,0.014830661524028902,25.070101125447195,1.33850226299286,0.11133813990308064
4.0615369511187795,6.0,0,-0.09999999999999987,0.0,-8.438875799280506,0.0,,0.014339860727539207,25.92871188104824,1.3385308219874024,0.11133109283733224
4.0615369511187795,6.0,1,-0.5236586504439965,0.8165506137324628,-8.438875799280506,0.0,,0.014339860727539207,25.92871188104824,1.3385308219874024,0.11133109283733224
4.0615369511187795,6.0,2,-0.5236586504439965,-0.8165506137324628,-8.438875799280506,0.0,,0.014339860727539207,25.92871188104824,1.3385308219874024,0.11133109283733224
4.0615369511187795,6.0,3,-17.06298787166716,0.0,-8.438875799280506,0.0,,0.014339860727539207,25.92871188104824,1.3385308219874024,0.11133109283733224
4.0615369511187795,-3.0,0,0.20235174293634567,0.0,2.9882807850223028,0.0,,0.014339860727539207,25.92871188104824,1.3385308219874024,0.11133109283733224
4.0615369511187795,-3.0,1,-0.11665811682268566,0.0,2.9882807850223028,0.0,,0.014339860727539207,25.92871188104824,1.3385308219874024,0.11133109283733224
4.0615369511187795,-3.0,2,-1.3756373703558191,0.0,2.9882807850223028,0.0,,0.014339860727539207,25.92871188104824,1.3385308219874024,0.11133109283733224
4.0615369511187795,-3.0,3,-16.92036142831298,0.0,2.9882807850223028,0.0,,0.014339860727539207,25.92871188104824,1.3385308219874024,0.11133109283733224
4.149285037772285,6.0,0,-0.1000000000000002,0.0,-8.440759792967757,0.0,,0.013870893789251024,26.805893281624247,1.338558115087467,0.11132435868960079
4.149285037772285,6.0,1,-0.5245500709762307,0.8162092079734619,-8.440759792967757,0.0,,0.013870893789251024,26.805893281624247,1.338558115087467,0.11132435868960079
4.149285037772285,6.0,2,-0.5245500709762307,-0.8162092079734619,-8.440759792967757,0.0,,0.013870893789251024,26.805893281624247,1.338558115087467,0.11132435868960079
4.149285037772285,6.0,3,-17.629520521570846,0.0,-8.440759792967757,0.0,,0.013870893789251024,26.805893281624247,1.338558115087467,0.11132435868960079
4.149285037772285,-3.0,0,0.20353505468130645,0.0,3.0135909860597274,0.0,,0.013870893789251024,26.805893281624247,1.338558115087467,0.11132435868960079
4.149285037772285,-3.0,1,-0.1160609219883214,0.0,3.0135909860597274,0.0,,0.013870893789251024,26.805893281624247,1.338558115087467,0.11132435868960079
4.149285037772285,-3.0,2,-1.3744097856347863,0.0,3.0135909860597274,0.0,,0.013870893789251024,26.805893281624247,1.338558115087467,0.11132435868960079
4.149285037772285,-3.0,3,-17.49168501058153,0.0,3.0135909860597274,0.0,,0.013870893789251024,26.805893281624247,1.338558115087467,0.11132435868960079
4.23892889117715,6.0,0,-0.09999999999999987,0.0,-8.442506437965628,0.0,,0.013422436656736949,27.702045400550777,1.338584218744167,0.11131791852377218
4.23892889117715,6.0,1,-0.5254012003795017,0.8158755758549977,-8.442506437965628,0.0,,0.013422436656736949,27.702045400550777,1.338584218744167,0.11131791852377218
4.23892889117715,6.0,2,-0.5254012003795017,-0.8158755758549977,-8.442506437965628,0.0,,0.013422436656736949,27.702045400550777,1.338584218744167,0.11131791852377218
4.23892889117715,6.0,3,-18.208545734393123,0.0,-8.442506437965628,0.0,,0.013422436656736949,27.702045400550777,1.338584218744167,0.11131791852377218
4.23892889117715,-3.0,0,0.20467215667184124,0.0,3.0384087762605905,0.0,,0.013422436656736949,27.702045400550777,1.338584218744167,0.11131791852377218
4.23892889117715,-3.0,1,-0.11549324995595021,0.0,3.0384087762605905,0.0,,0.013422436656736949,27.702045400550777,1.338584218744167,0.11131791852377218
4.23892889117715,-3.0,2,-1.3732429002326088,0.0,3.0384087762605905,0.0,,0.013422436656736949,27.702045400550777,1.338584218744167,0.11131791852377218
4.23892889117715,-3.0,3,-18.075284141635404,0.0,3.0384087762605905,0.0,,0.013422436656736949,27.702045400550777,1.338584218744167,0.11131791852377218
4.33050946871162,6.0,0,-0.10000000000000009,0.0,-8.444127557012605,0.0,,0.012993269462955072,28.617577038502922,1.3386092034179184,0.11131175489054962
4.33050946871162,6.0,1,-0.526214466794966,0.815549760593925,-8.444127557012605,0.0,,0.012993269462955072,28.617577038502922,1.3386092034179184,0.11131175489054962
4.33050946871162,6.0,2,-0.526214466794966,-0.815549760593925,-8.444127557012605,0.0,,0.012993269462955072,28.617577038502922,1.3386092034179184,0.11131175489054962
4.33050946871162,6.0,3,-18.800319555815626,0.0,-8.444127557012605,0.0,,0.012993269462955072,28.617577038502922,1.3386092034179184,0.11131175489054962
4.33050946871162,-3.0,0,0.20576541634836826,0.0,3.0627428242391135,0.0,,0.012993269462955072,28.617577038502922,1.3386092034179184,0.11131175489054962
4.33050946871162,-3.0,1,-0.11495310648568825,0.0,3.0627428242391135,0.0,,0.012993269462955072,28.617577038502922,1.3386092034179184,0.11131175489054962
4.33050946871162,-3.0,2,-1.372132562402809,0.0,3.0627428242391135,0.0,,0.012993269462955072,28.617577038502922,1.3386092034179184,0.11131175489054962
4.33050946871162,-3.0,3,-18.671428236865452,0.0,3.0627428242391135,0.0,,0.012993269462955072,28.617577038502922,1.3386092034179184,0.11131175489054962
4.424068612623794,6.0,0,-0.1000000000000002,0.0,-8.445633785445263,0.0,,0.01258226647727989,29.55290590425388,1.3386331341555089,0.1113058516839953
4.424068612623794,6.0,1,-0.5269921141184069,0.815231761702448,-8.445633785445263,0.0,,0.01258226647727989,29.55290590425388,1.3386331341555089,0.1113058516839953
4.424068612623794,6.0,2,-0.5269921141184069,-0.815231761702448,-8.445633785445263,0.0,,0.01258226647727989,29.55290590425388,1.3386331341555089,0.1113058516839953
4.424068612623794,6.0,3,-19.405104562113458,0.0,-8.445633785445263,0.0,,0.01258226647727989,29.55290590425388,1.3386331341555089,0.1113058516839953
4.424068612623794,-3.0,0,0.20681704831704484,0.0,3.086601687605505,0.0,,0.01258226647727989,29.55290590425388,1.3386331341555089,0.1113058516839953
4.424068612623794,-3.0,1,-0.11443867017661692,0.0,3.086601687605505,0.0,,0.01258226647727989,29.55290590425388,1.3386331341555089,0.1113058516839953
4.424068612623794,-3.0,2,-1.3710749898079448,0.0,3.086601687605505,0.0,,0.01258226647727989,29.55290590425388,1.3386331341555089,0.1113058516839953
4.424068612623794,-3.0,3,-19.280392178682767,0.0,3.086601687605505,0.0,,0.01258226647727989,29.55290590425388,1.3386331341555089,0.1113058516839953
4.519649069148908,6.0,0,-0.09999999999999998,0.0,-8.447034708316629,0.0,,0.012188387196856236,30.508458800308155,1.3386560710949706,0.1113001940159769
4.519649069148908,6.0,1,-0.5277362185781498,0.8149215428987225,-8.447034708316629,0.0,,0.012188387196856236,30.508458800308155,1.3386560710949706,0.1113001940159769
4.519649069148908,6.0,2,-0.5277362185781498,-0.8149215428987225,-8.447034708316629,0.0,,0.012188387196856236,30.508458800308155,1.3386560710949706,0.1113001940159769
4.519649069148908,6.0,3,-20.023169912471595,0.0,-8.447034708316629,0.0,,0.012188387196856236,30.508458800308155,1.3386560710949706,0.1113001940159769
4.519649069148908,-3.0,0,0.20782912605268627,0.0,3.1099938121541117,0.0,,0.012188387196856236,30.508458800308155,1.3386560710949706,0.1113001940159769
4.519649069148908,-3.0,1,-0.11394827434177364,0.0,3.1099938121541117,0.0,,0.012188387196856236,30.508458800308155,1.3386560710949706,0.1113001940159769
4.519649069148908,-3.0,2,-1.3700667292329138,0.0,3.1099938121541117,0.0,,0.012188387196856236,30.508458800308155,1.3386560710949706,0.1113001940159769
4.519649069148908,-3.0,3,-19.902456472105868,0.0,3.1099938121541117,0.0,,0.012188387196856236,30.508458800308155,1.3386560710949706,0.1113001940159769
4.617294508039688,6.0,0,-0.1000000000000002,0.0,-8.44833897902477,0.0,,0.01181066843036616,31.484671813149028,1.3386780699263863,0.11129476810163533
4.617294508039688,6.0,1,-0.5284487036240291,0.8146190386931719,-8.44833897902477,0.0,,0.01181066843036616,31.484671813149028,1.3386780699263863,0.11129476810163533
4.617294508039688,6.0,2,-0.5284487036240291,-0.8146190386931719,-8.44833897902477,0.0,,0.01181066843036616,31.484671813149028,1.3386780699263863,0.11129476810163533
4.617294508039688,6.0,3,-20.65479141159875,0.0,-8.44833897902477,0.0,,0.01181066843036616,31.484671813149028,1.3386780699263863,0.11129476810163533
4.617294508039688,-3.0,0,0.2088035925764561,0.0,3.132927530996684,0.0,,0.01181066843036616,31.484671813149028,1.3386780699263863,0.11129476810163533
4.617294508039688,-3.0,1,-0.11348039109299854,0.0,3.132927530996684,0.0,,0.01181066843036616,31.484671813149028,1.3386780699263863,0.11129476810163533
4.617294508039688,-3.0,2,-1.369104621448058,0.0,3.132927530996684,0.0,,0.01181066843036616,31.484671813149028,1.3386780699263863,0.11129476810163533
4.617294508039688,-3.0,3,-20.537907398882215,0.0,3.132927530996684,0.0,,0.01181066843036616,31.484671813149028,1.3386780699263863,0.11129476810163533
4.717049542518597,6.0,0,-0.09999999999999998,0.0,-8.449554423363278,0.0,,0.011448217247468601,32.481990508369776,1.338699182292109,0.11128956115991469
4.717049542518597,6.0,1,-0.5291313533123787,0.8143241599455873,-8.449554423363278,0.0,,0.011448217247468601,32.481990508369776,1.338699182292109,0.11128956115991469
4.717049542518597,6.0,2,-0.5291313533123787,-0.8143241599455873,-8.449554423363278,0.0,,0.011448217247468601,32.481990508369776,1.338699182292109,0.11128956115991469
4.717049542518597,6.0,3,-21.3002515819431,0.0,-8.449554423363278,0.0,,0.011448217247468601,32.481990508369776,1.338699182292109,0.11128956115991469
4.717049542518597,-3.0,0,0.20974227024213862,0.0,3.1554110641223025,0.0,,0.011448217247468601,32.481990508369776,1.338699182292109,0.11128956115991469
4.717049542518597,-3.0,1,-0.11303361733035845,0.0,3.1554110641223025,0.0,,0.011448217247468601,32.481990508369776,1.338699182292109,0.11128956115991469
4.717049542518597,-3.0,2,-1.368185770507308,0.0,3.1554110641223025,0.0,,0.011448217247468601,32.481990508369776,1.338699182292109,0.11128956115991469
4.717049542518597,-3.0,3,-21.18703717097233,0.0,3.1554110641223025,0.0,,0.011448217247468601,32.481990508369776,1.338699182292109,0.11128956115991469
4.818959749661185,6.0,0,-0.1000000000000002,0.0,-8.450688130226707,0.0,,0.011100204685668465,33.50087013053354,1.338719456148909,0.11128456132359965
4.818959749661185,6.0,1,-0.5297858243558089,0.8140367985094168,-8.450688130226707,0.0,,0.011100204685668465,33.50087013053354,1.338719456148909,0.11128456132359965
4.818959749661185,6.0,2,-0.5297858243558089,-0.8140367985094168,-8.450688130226707,0.0,,0.011100204685668465,33.50087013053354,1.338719456148909,0.11128456132359965
4.818959749661185,6.0,3,-21.959839744643574,0.0,-8.450688130226707,0.0,,0.011100204685668465,33.50087013053354,1.338719456148909,0.11128456132359965
4.818959749661185,-3.0,0,0.2106468696845504,0.0,3.1774525180189155,0.0,,0.011100204685668465,33.50087013053354,1.338719456148909,0.11128456132359965
4.818959749661185,-3.0,1,-0.11260666237838832,0.0,3.1774525180189155,0.0,,0.011100204685668465,33.50087013053354,1.338719456148909,0.11128456132359965
4.818959749661185,-3.0,2,-1.3673075168147926,0.0,3.1774525180189155,0.0,,0.011100204685668465,33.50087013053354,1.338719456148909,0.11128456132359965
4.818959749661185,-3.0,3,-21.85014408384659,0.0,3.1774525180189155,0.0,,0.011100204685668465,33.50087013053354,1.338719456148909,0.11128456132359965
4.923071691219797,6.0,0,-0.10000000000000009,0.0,-8.451746531148455,0.0,,0.010765860121391803,34.54177580786566,1.3387389360910456,0.11127975755905993
4.923071691219797,6.0,1,-0.5304136569836513,0.8137568311301421,-8.451746531148455,0.0,,0.010765860121391803,34.54177580786566,1.3387389360910456,0.11127975755905993
4.923071691219797,6.0,2,-0.5304136569836513,-0.8137568311301421,-8.451746531148455,0.0,,0.010765860121391803,34.54177580786566,1.3387389360910456,0.11127975755905993
4.923071691219797,6.0,3,-22.633852108624875,0.0,-8.451746531148455,0.0,,0.010765860121391803,34.54177580786566,1.3387389360910456,0.11127975755905993
4.923071691219797,-3.0,0,0.2115189980168281,0.0,3.199059885470692,0.0,,0.010765860121391803,34.54177580786566,1.3387389360910456,0.11127975755905993
4.923071691219797,-3.0,1,-0.11219833704974963,0.0,3.199059885470692,0.0,,0.010765860121391803,34.54177580786566,1.3387389360910456,0.11127975755905993
4.923071691219797,-3.0,2,-1.3664674134394508,0.0,3.199059885470692,0.0,,0.010765860121391803,34.54177580786566,1.3387389360910456,0.11127975755905993
4.923071691219797,-3.0,3,-22.527532670119818,0.0,3.199059885470692,0.0,,0.010765860121391803,34.54177580786566,1.3387389360910456,0.11127975755905993
5.029432934897161,6.0,0,-0.10000000000000009,0.0,-8.452735470170106,0.0,,0.010444466224946781,35.60518276181337,1.3387576636397387,0.11127513959438828
5.029432934897161,6.0,1,-0.5310162847427761,0.8134841227153274,-8.452735470170106,0.0,,0.010444466224946781,35.60518276181337,1.3387576636397387,0.11127513959438828
5.029432934897161,6.0,2,-0.5310162847427761,-0.8134841227153274,-8.452735470170106,0.0,,0.010444466224946781,35.60518276181337,1.3387576636397387,0.11127513959438828
5.029432934897161,6.0,3,-23.32259186728168,0.0,-8.452735470170106,0.0,,0.010444466224946781,35.60518276181337,1.3387576636397387,0.11127513959438828
5.029432934897161,-3.0,0,0.21236016634377528,0.0,3.2202410455008557,0.0,,0.010444466224946781,35.60518276181337,1.3387576636397387,0.11127513959438828
5.029432934897161,-3.0,1,-0.11180754394944702,0.0,3.2202410455008557,0.0,,0.010444466224946781,35.60518276181337,1.3387576636397387,0.11127513959438828
5.029432934897161,-3.0,2,-1.365663205227773,0.0,3.2202410455008557,0.0,,0.010444466224946781,35.60518276181337,1.3387576636397387,0.11127513959438828
5.029432934897161,-3.0,3,-23.219513853933773,0.0,3.2202410455008557,0.0,,0.010444466224946781,35.60518276181337,1.3387576636397387,0.11127513959438828
5.13809207607961,6.0,0,-0.10000000000000042,0.0,-8.453660265495879,0.0,,0.010135354418455964,36.69157652155246,1.3387756775006856,0.11127069785547812
5.13809207607961,6.0,1,-0.5315950433529277,0.8132185290856306,-8.453660265495879,0.0,,0.010135354418455964,36.69157652155246,1.3387756775006856,0.11127069785547812
5.13809207607961,6.0,2,-0.5315950433529277,-0.8132185290856306,-8.453660265495879,0.0,,0.010135354418455964,36.69157652155246,1.3387756775006856,0.11127069785547812
5.13809207607961,6.0,3,-24.026369302256157,0.0,-8.453660265495879,0.0,,0.010135354418455964,36.69157652155246,1.3387756775006856,0.11127069785547812
5.13809207607961,-3.0,0,0.21317179668504635,0.0,3.2410037642753498,0.0,,0.010135354418455964,36.69157652155246,1.3387756775006856,0.11127069785547812
5.13809207607961,-3.0,1,-0.11143326884603193,0.0,3.2410037642753498,0.0,,0.010135354418455964,36.69157652155246,1.3387756775006856,0.11127069785547812
5.13809207607961,-3.0,2,-1.3648928103311186,0.0,3.2410037642753498,0.0,,0.010135354418455964,36.69157652155246,1.3387756775006856,0.11127069785547812
5.13809207607961,-3.0,3,-23.92640510646992,0.0,3.2410037642753498,0.0,,0.010135354418455964,36.69157652155246,1.3387756775006856,0.11127069785547812
5.249098760039808,6.0,0,-0.10000000000000009,0.0,-8.454525762562639,0.0,,0.009837900857221537,37.801453143250875,1.3387930138159476,0.11126642340299199
5.249098760039808,6.0,1,-0.5321511787210325,0.81295989919727,-8.454525762562639,0.0,,0.009837900857221537,37.801453143250875,1.3387930138159476,0.11126642340299199
5.249098760039808,6.0,2,-0.5321511787210325,-0.81295989919727,-8.454525762562639,0.0,,0.009837900857221537,37.801453143250875,1.3387930138159476,0.11126642340299199
5.249098760039808,6.0,3,-24.745501894057014,0.0,-8.454525762562639,0.0,,0.009837900857221537,37.801453143250875,1.3387930138159476,0.11126642340299199
5.249098760039808,-3.0,0,0.21395522812804366,0.0,3.2613556909649164,0.0,,0.009837900857221537,37.801453143250875,1.3387930138159476,0.11126642340299199
5.249098760039808,-3.0,1,-0.11107457307054208,0.0,3.2613556909649164,0.0,,0.009837900857221537,37.801453143250875,1.3387930138159476,0.11126642340299199
5.249098760039808,-3.0,2,-1.364154303844253,0.0,3.2613556909649164,0.0,,0.009837900857221537,37.801453143250875,1.3387930138159476,0.11126642340299199
5.249098760039808,-3.0,3,-24.648530602712338,0.0,3.2613556909649164,0.0,,0.009837900857221537,37.801453143250875,1.3387930138159476,0.11126642340299199
5.362503704619201,6.0,0,-0.09999999999999941,0.0,-8.455336384434185,0.0,,0.009551522640380236,38.9353194349892,1.338809706337471,0.11126230789056409
5.362503704619201,6.0,1,-0.5326858541929249,0.8127080772169863,-8.455336384434185,0.0,,0.009551522640380236,38.9353194349892,1.338809706337471,0.11126230789056409
5.362503704619201,6.0,2,-0.5326858541929249,-0.8127080772169863,-8.455336384434185,0.0,,0.009551522640380236,38.9353194349892,1.338809706337471,0.11126230789056409
5.362503704619201,6.0,3,-25.48031443878665,0.0,-8.455336384434185,0.0,,0.009551522640380236,38.9353194349892,1.338809706337471,0.11126230789056409
5.362503704619201,-3.0,0,0.21471172298686417,0.0,3.2813043667225084,0.0,,0.009551522640380236,38.9353194349892,1.338809706337471,0.11126230789056409
5.362503704619201,-3.0,1,-0.11073058653282797,0.0,3.2813043667225084,0.0,,0.009551522640380236,38.9353194349892,1.338809706337471,0.11126230789056409
5.362503704619201,-3.0,2,-1.3634459032450483,0.0,3.2813043667225084,0.0,,0.009551522640380236,38.9353194349892,1.338809706337471,0.11126230789056409
5.362503704619201,-3.0,3,-25.386221380381468,0.0,3.2813043667225084,0.0,,0.009551522640380236,38.9353194349892,1.338809706337471,0.11126230789056409
5.478358723400462,6.0,0,-0.09999999999999987,0.0,-8.456096171659828,0.0,,0.009275674608545439,40.09369318596378,1.338825786656887,0.11125834350636586
5.478358723400462,6.0,1,-0.5332001571409666,0.8124629039639233,-8.456096171659828,0.0,,0.009275674608545439,40.09369318596378,1.338825786656887,0.11125834350636586
5.478358723400462,6.0,2,-0.5332001571409666,-0.8124629039639233,-8.456096171659828,0.0,,0.009275674608545439,40.09369318596378,1.338825786656887,0.11125834350636586
5.478358723400462,6.0,3,-26.23113917129828,0.0,-8.456096171659828,0.0,,0.009275674608545439,40.09369318596378,1.338825786656887,0.11125834350636586
5.478358723400462,-3.0,0,0.21544247179153275,0.0,3.3008572163274352,0.0,,0.009275674608545439,40.09369318596378,1.338825786656887,0.11125834350636586
5.478358723400462,-3.0,1,-0.11040050174213885,0.0,3.3008572163274352,0.0,,0.009275674608545439,40.09369318596378,1.338825786656887,0.11125834350636586
5.478358723400462,-3.0,2,-1.3627659554495186,0.0,3.3008572163274352,0.0,,0.009275674608545439,40.09369318596378,1.338825786656887,0.11125834350636586
5.478358723400462,-3.0,3,-26.139815500180042,0.0,3.3008572163274352,0.0,,0.009275674608545439,40.09369318596378,1.338825786656887,0.11125834350636586
5.596716749380631,6.0,0,-0.10000000000000009,0.0,-8.45680882122348,0.0,P3,0.009009846285684029,41.27710340154217,1.3388412843582504,0.11125452293595203
5.596716749380631,6.0,1,-0.5336951049378863,0.8122242183277656,-8.45680882122348,0.0,P3,0.009009846285684029,41.27710340154217,1.3388412843582504,0.11125452293595203
5.596716749380631,6.0,2,-0.5336951049378863,-0.8122242183277656,-8.45680882122348,0.0,P3,0.009009846285684029,41.27710340154217,1.3388412843582504,0.11125452293595203
5.596716749380631,6.0,3,-26.99831589395508,0.0,-8.45680882122348,0.0,P3,0.009009846285684029,41.27710340154217,1.3388412843582504,0.11125452293595203
5.596716749380631,-3.0,0,0.21614859837882577,0.0,3.320021553011927,0.0,P3,0.009009846285684029,41.27710340154217,1.3388412843582504,0.11125452293595203
5.596716749380631,-3.0,1,-0.11008356825658379,0.0,3.320021553011927,0.0,P3,0.009009846285684029,41.27710340154217,1.3388412843582504,0.11125452293595203
5.596716749380631,-3.0,2,-1.362112925243627,0.0,3.320021553011927,0.0,P3,0.009009846285684029,41.27710340154217,1.3388412843582504,0.11125452293595203
5.596716749380631,-3.0,3,-26.909658208709494,0.0,3.320021553011927,0.0,P3,0.009009846285684029,41.27710340154217,1.3388412843582504,0.11125452293595203
5.717631859155638,6.0,0,-0.10000000000000009,0.0,-8.45747771972126,0.0,,0.00875355917179969,42.48609054334633,1.3388562271786377,0.1112508393222694
5.717631859155638,6.0,1,-0.5341716503912088,0.8119918583618201,-8.45747771972126,0.0,,0.00875355917179969,42.48609054334633,1.3388562271786377,0.1112508393222694
5.717631859155638,6.0,2,-0.5341716503912088,-0.8119918583618201,-8.45747771972126,0.0,,0.00875355917179969,42.48609054334633,1.3388562271786377,0.1112508393222694
5.717631859155638,6.0,3,-27.782192111121315,0.0,-8.45747771972126,0.0,,0.00875355917179969,42.48609054334633,1.3388562271786377,0.1112508393222694
5.717631859155638,-3.0,0,0.21683116438267913,0.0,3.3388045781436224,0.0,,0.00875355917179969,42.48609054334633,1.3388562271786377,0.1112508393222694
5.717631859155638,-3.0,1,-0.1097790877779709,0.0,3.3388045781436224,0.0,,0.00875355917179969,42.48609054334633,1.3388562271786377,0.1112508393222694
5.717631859155638,-3.0,2,-1.361485384939572,0.0,3.3388045781436224,0.0,,0.00875355917179969,42.48609054334633,1.3388562271786377,0.1112508393222694
5.717631859155638,-3.0,3,-27.69610210356889,0.0,3.3388045781436224,0.0,,0.00875355917179969,42.48609054334633,1.3388562271786377,0.1112508393222694
5.841159297627376,6.0,0,-0.10000000000000032,0.0,-8.45810597314591,0.0,,0.008506364276413794,43.72120677476619,1.3388706411500573,0.11124728623045416
5.841159297627376,6.0,1,-0.5346306866893731,0.81176566220262,-8.45810597314591,0.0,,0.008506364276413794,43.72120677476619,1.3388706411500573,0.11124728623045416
5.841159297627376,6.0,2,-0.5346306866893731,-0.81176566220262,-8.45810597314591,0.0,,0.008506364276413794,43.72120677476619,1.3388706411500573,0.11124728623045416
5.841159297627376,6.0,3,-28.583123169111115,0.0,-8.45810597314591,0.0,,0.008506364276413794,43.72120677476619,1.3388706411500573,0.11124728623045416
5.841159297627376,-3.0,0,0.21749117340413926,0.0,3.3572133818154493,0.0,,0.008506364276413794,43.72120677476619,1.3388706411500573,0.11124728623045416
5.841159297627376,-3.0,1,-0.10948640973001614,0.0,3.3572133818154493,0.0,,0.008506364276413794,43.72120677476619,1.3388706411500573,0.11124728623045416
5.841159297627376,-3.0,2,-1.3608820051044304,0.0,3.3572133818154493,0.0,,0.008506364276413794,43.72120677476619,1.3388706411500573,0.11124728623045416
5.841159297627376,-3.0,3,-28.499507301059552,0.0,3.3572133818154493,0.0,,0.008506364276413794,43.72120677476619,1.3388706411500573,0.11124728623045416
5.96735550324455,6.0,0,-0.09999999999999963,0.0,-8.458696433436721,0.0,,0.008267839876500217,44.98301621195012,1.3388845507286933,0.111243857615779
5.96735550324455,6.0,1,-0.5350730519093028,0.8115454688273693,-8.458696433436721,0.0,,0.008267839876500217,44.98301621195012,1.3388845507286933,0.111243857615779
5.96735550324455,6.0,2,-0.5350730519093028,-0.8115454688273693,-8.458696433436721,0.0,,0.008267839876500217,44.98301621195012,1.3388845507286933,0.111243857615779
5.96735550324455,6.0,3,-29.40147240146116,0.0,-8.458696433436721,0.0,,0.008267839876500217,44.98301621195012,1.3388845507286933,0.111243857615779
5.96735550324455,-3.0,0,0.2181295748582968,0.0,3.37525494352934,0.0,,0.008267839876500217,44.98301621195012,1.3388845507286933,0.111243857615779
5.96735550324455,-3.0,1,-0.10920492727545256,0.0,3.37525494352934,0.0,,0.008267839876500217,44.98301621195012,1.3388845507286933,0.111243857615779
5.96735550324455,-3.0,2,-1.3603015462325736,0.0,3.37525494352934,0.0,,0.008267839876500217,44.98301621195012,1.3388845507286933,0.111243857615779
5.96735550324455,-3.0,3,-29.320241606630034,0.0,3.37525494352934,0.0,,0.008267839876500217,44.98301621195012,1.3388845507286933,0.111243857615779
6.096278133788814,6.0,0,-0.09999999999999987,0.0,-8.459251722217006,0.0,,0.008037589475980792,46.27209518037899,1.3388979789122262,0.11124054779457052
6.096278133788814,6.0,1,-0.5354995331290129,0.8113311186762246,-8.459251722217006,0.0,,0.008037589475980792,46.27209518037899,1.3388979789122262,0.11124054779457052
6.096278133788814,6.0,2,-0.5354995331290129,-0.8113311186762246,-8.459251722217006,0.0,,0.008037589475980792,46.27209518037899,1.3388979789122262,0.11124054779457052
6.096278133788814,6.0,3,-30.237611279418445,0.0,-8.459251722217006,0.0,,0.008037589475980792,46.27209518037899,1.3388979789122262,0.11124054779457052
6.096278133788814,-3.0,0,0.21874726752577034,0.0,3.392936132934481,0.0,,0.008037589475980792,46.27209518037899,1.3388979789122262,0.11124054779457052
6.096278133788814,-3.0,1,-0.10893407372306396,0.0,3.392936132934481,0.0,,0.008037589475980792,46.27209518037899,1.3388979789122262,0.11124054779457052
6.096278133788814,-3.0,2,-1.3597428512529968,0.0,3.392936132934481,0.0,,0.008037589475980792,46.27209518037899,1.3388979789122262,0.11124054779457052
6.096278133788814,-3.0,3,-30.158680688226188,0.0,3.392936132934481,0.0,,0.008037589475980792,46.27209518037899,1.3388979789122262,0.11124054779457052
6.2279860927180595,6.0,0,-0.10000000000000031,0.0,-8.459774251996496,0.0,,0.007815239945786107,47.58903247711893,1.3389109473473921,0.11123735141752787
6.2279860927180595,6.0,1,-0.5359108701842898,0.8111224541567431,-8.459774251996496,0.0,,0.007815239945786107,47.58903247711893,1.3389109473473921,0.11123735141752787
6.2279860927180595,6.0,2,-0.5359108701842898,-0.8111224541567431,-8.459774251996496,0.0,,0.007815239945786107,47.58903247711893,1.3389109473473921,0.11123735141752787
6.2279860927180595,6.0,3,-31.091919567544558,0.0,-8.459774251996496,0.0,,0.007815239945786107,47.58903247711893,1.3389109473473921,0.11123735141752787
6.2279860927180595,-3.0,0,0.2193451028328339,0.0,3.410263710606467,0.0,,0.007815239945786107,47.58903247711893,1.3389109473473921,0.11123735141752787
6.2279860927180595,-3.0,1,-0.10867331928090128,0.0,3.410263710606467,0.0,,0.007815239945786107,47.58903247711893,1.3389109473473921,0.11123735141752787
6.2279860927180595,-3.0,2,-1.3592048387734632,0.0,3.410263710606467,0.0,,0.007815239945786107,47.58903247711893,1.3389109473473921,0.11123735141752787
6.2279860927180595,-3.0,3,-31.015208252691618,0.0,3.410263710606467,0.0,,0.007815239945786107,47.58903247711893,1.3389109473473921,0.11123735141752787
6.362539556078799,6.0,0,-0.10000000000000009,0.0,-8.460266245211177,0.0,,0.007600439826135692,48.93442963887463,1.338923476427546,0.11123426344555322
6.362539556078799,6.0,1,-0.5363077591039985,0.8109193200533361,-8.460266245211177,0.0,,0.007600439826135692,48.93442963887463,1.338923476427546,0.11123426344555322
6.362539556078799,6.0,2,-0.5363077591039985,-0.8109193200533361,-8.460266245211177,0.0,,0.007600439826135692,48.93442963887463,1.338923476427546,0.11123426344555322
6.362539556078799,6.0,3,-31.964785484373763,0.0,-8.460266245211177,0.0,,0.007600439826135692,48.93442963887463,1.338923476427546,0.11123426344555322
6.362539556078799,-3.0,0,0.21992388788572576,0.0,3.42724432889297,0.0,,0.007600439826135692,48.93442963887463,1.338923476427546,0.11123426344555322
6.362539556078799,-3.0,1,-0.10842216811766436,0.0,3.42724432889297,0.0,,0.007600439826135692,48.93442963887463,1.338923476427546,0.11123426344555322
6.362539556078799,-3.0,2,-1.358686496980602,0.0,3.42724432889297,0.0,,0.007600439826135692,48.93442963887463,1.338923476427546,0.11123426344555322
6.362539556078799,-3.0,3,-31.89021622536918,0.0,3.42724432889297,0.0,,0.007600439826135692,48.93442963887463,1.338923476427546,0.11123426344555322
6.5,6.0,0,-0.09999999999999987,0.0,-8.46072975128759,0.0,,0.0073928577747823625,50.30890121594495,1.338935585382232,0.11123127912754173
6.5,6.0,1,-0.5366908552550949,0.8107215638525315,-8.46072975128759,0.0,,0.0073928577747823625,50.30890121594495,1.338935585382232,0.11123127912754173
6.5,6.0,2,-0.5366908552550949,-0.8107215638525315,-8.46072975128759,0.0,,0.0073928577747823625,50.30890121594495,1.338935585382232,0.11123127912754173
6.5,6.0,3,-32.85660586806442,0.0,-8.46072975128759,0.0,,0.0073928577747823625,50.30890121594495,1.338935585382232,0.11123127912754173
6.5,-3.0,0,0.22048438827789385,0.0,3.443884532793798,0.0,,0.0073928577747823625,50.30890121594495,1.338935585382232,0.11123127912754173
6.5,-3.0,1,-0.10818015569887052,0.0,3.443884532793798,0.0,,0.0073928577747823625,50.30890121594495,1.338935585382232,0.11123127912754173
6.5,-3.0,2,-1.3581868781207933,0.0,3.443884532793798,0.0,,0.0073928577747823625,50.30890121594495,1.338935585382232,0.11123127912754173
6.5,-3.0,3,-32.78410493303284,0.0,3.443884532793798,0.0,,0.0073928577747823625,50.30890121594495,1.338935585382232,0.11123127912754173
