pair,param_x,param_y,x,y,n_branches,classification,nonuniform_max_re_lambda,uniform_re_lambda,dominant_lambda_graph
lam_N_x_d_A,lam_N,d_A,0.2,0.05,1,nonuniform_instability,0.04742510362440775,-0.0504325645503292,-3.0
lam_N_x_d_A,lam_N,d_A,0.2,0.05830724263090528,1,nonuniform_instability,0.046263134009852803,-0.050258293031208684,-3.0
lam_N_x_d_A,lam_N,d_A,0.2,0.06799469086438521,1,nonuniform_instability,0.04273612265972733,-0.051552180281885865,-3.0
lam_N_x_d_A,lam_N,d_A,0.2,0.07929165875686216,1,nonuniform_instability,0.0359319991988489,-0.05746022528078043,-3.0
lam_N_x_d_A,lam_N,d_A,0.2,0.09246555971486617,1,nonuniform_instability,0.02546794645330003,-0.07426401461570331,-3.0
lam_N_x_d_A,lam_N,d_A,0.2,0.1078282365059433,1,nonuniform_instability,0.013903176385789971,-0.0988640594324684,-3.0
lam_N_x_d_A,lam_N,d_A,0.2,0.12574334296829354,1,nonuniform_instability,0.007142098817263595,-0.10000000000000125,-3.0
lam_N_x_d_A,lam_N,d_A,0.2,0.14663495215346858,1,nonuniform_instability,0.0029004367971619417,-0.09999999999999942,-3.0
lam_N_x_d_A,lam_N,d_A,0.2,0.17099759466766967,1,stable_homogeneous,-0.006463942582673376,-0.09999999999999061,-3.0
lam_N_x_d_A,lam_N,d_A,0.2,0.1994079648317803,1,stable_homogeneous,-0.026851679510142976,-0.10000000000003563,-3.0
lam_N_x_d_A,lam_N,d_A,0.2,0.23253857175963288,1,stable_homogeneous,-0.05297521606750191,-0.1000000000000714,-3.0
lam_N_x_d_A,lam_N,d_A,0.2,0.27117365849266195,1,stable_homogeneous,-0.07364412170579177,-0.09999999999999429,-3.0
lam_N_x_d_A,lam_N,d_A,0.2,0.31622776601683794,1,stable_homogeneous,-0.08609212549810029,-0.09999999999999591,-3.0
lam_N_x_d_A,lam_N,d_A,0.2,0.3687673815954583,1,stable_homogeneous,-0.09276421599811105,-0.0999999999999039,-3.0
lam_N_x_d_A,lam_N,d_A,0.2,0.4300361838610006,1,stable_homogeneous,-0.09621114115684765,-0.10000000000002057,-3.0
lam_N_x_d_A,lam_N,d_A,0.2,0.5014844822490394,1,stable_homogeneous,-0.09798924083524416,-0.09999999999999623,-3.0
lam_N_x_d_A,lam_N,d_A,0.2,0.5848035476425731,1,stable_homogeneous,-0.09891794410790784,-0.09999999999998399,-3.0
lam_N_x_d_A,lam_N,d_A,0.2,0.6819656468761939,1,stable_homogeneous,-0.09941041866701213,-0.10000000000007651,-3.0
lam_N_x_d_A,lam_N,d_A,0.2,0.7952707287670507,1,stable_homogeneous,-0.0996746306975293,-0.10000000000001152,-3.0
lam_N_x_d_A,lam_N,d_A,0.2,0.9274008667895459,1,stable_homogeneous,-0.09981752155125466,-0.10000000000003462,-3.0
lam_N_x_d_A,lam_N,d_A,0.2,1.0814837471201986,1,stable_homogeneous,-0.09989558362253016,-0.10000000000003834,-3.0
lam_N_x_d_A,lam_N,d_A,0.2,1.2611667048943616,1,stable_homogeneous,-0.09993896124272347,-0.09999999999999998,-3.0
lam_N_x_d_A,lam_N,d_A,0.2,1.4707030612058973,1,stable_homogeneous,-0.09996362055631357,-0.09999999999997125,-3.0
lam_N_x_d_A,lam_N,d_A,0.2,1.7150528045549482,1,stable_homogeneous,-0.09997797650842549,-0.10000000000002231,-3.0
lam_N_x_d_A,lam_N,d_A,0.2,2.0,1,stable_homogeneous,-0.09998651097489661,-0.09999999999992265,-3.0
lam_N_x_d_A,lam_N,d_A,0.23540756358974316,0.05,1,nonuniform_instability,0.05278829631142346,-0.05409340990635489,-3.0
lam_N_x_d_A,lam_N,d_A,0.23540756358974316,0.05830724263090528,1,nonuniform_instability,0.05341705901949526,-0.05382603929426994,-3.0
lam_N_x_d_A,lam_N,d_A,0.23540756358974316,0.06799469086438521,1,nonuniform_instability,0.05235284655505879,-0.05364383673164968,-3.0
lam_N_x_d_A,lam_N,d_A,0.23540756358974316,0.07929165875686216,1,nonuniform_instability,0.04874939724917794,-0.05445587336624747,-3.0
lam_N_x_d_A,lam_N,d_A,0.23540756358974316,0.09246555971486617,1,nonuniform_instability,0.04153001509945201,-0.05911141124244597,-3.0
lam_N_x_d_A,lam_N,d_A,0.23540756358974316,0.1078282365059433,1,nonuniform_instability,0.02998673436167462,-0.07480622116749729,-3.0
lam_N_x_d_A,lam_N,d_A,0.23540756358974316,0.12574334296829354,1,nonuniform_instability,0.016344259789721278,-0.09999999999999987,-3.0
lam_N_x_d_A,lam_N,d_A,0.23540756358974316,0.14663495215346858,1,nonuniform_instability,0.007846049756229974,-0.09999999999999898,-3.0
lam_N_x_d_A,lam_N,d_A,0.23540756358974316,0.17099759466766967,1,nonuniform_instability,0.0033259222243437405,-0.0999999999999983,-3.0
lam_N_x_d_A,lam_N,d_A,0.23540756358974316,0.1994079648317803,1,stable_homogeneous,-0.005840101693753183,-0.09999999999998,-3.0
lam_N_x_d_A,lam_N,d_A,0.23540756358974316,0.23253857175963288,1,stable_homogeneous,-0.02605764728193602,-0.10000000000001544,-3.0
lam_N_x_d_A,lam_N,d_A,0.23540756358974316,0.27117365849266195,1,stable_homogeneous,-0.052435670647538256,-0.10000000000002533,-3.0
lam_N_x_d_A,lam_N,d_A,0.23540756358974316,0.31622776601683794,1,stable_homogeneous,-0.07339271853015339,-0.09999999999999588,-3.0
lam_N_x_d_A,lam_N,d_A,0.23540756358974316,0.3687673815954583,1,stable_homogeneous,-0.08598035634176301,-0.10000000000002447,-3.0
lam_N_x_d_A,lam_N,d_A,0.23540756358974316,0.4300361838610006,1,stable_homogeneous,-0.09272168017830573,-0.09999999999995814,-3.0
lam_N_x_d_A,lam_N,d_A,0.23540756358974316,0.5014844822490394,1,stable_homogeneous,-0.09620833691823694,-0.099999999999965,-3.0
lam_N_x_d_A,lam_N,d_A,0.23540756358974316,0.5848035476425731,1,stable_homogeneous,-0.09800793709052767,-0.10000000000001519,-3.0
lam_N_x_d_A,lam_N,d_A,0.23540756358974316,0.6819656468761939,1,stable_homogeneous,-0.09894524271246219,-0.10000000000001416,-3.0
lam_N_x_d_A,lam_N,d_A,0.23540756358974316,0.7952707287670507,1,stable_homogeneous,-0.09943766284253129,-0.1000000000000117,-3.0
lam_N_x_d_A,lam_N,d_A,0.23540756358974316,0.9274008667895459,1,stable_homogeneous,-0.0996970789517764,-0.09999999999997267,-3.0
lam_N_x_d_A,lam_N,d_A,0.23540756358974316,1.0814837471201986,1,stable_homogeneous,-0.09983383094127672,-0.09999999999997632,-3.0
lam_N_x_d_A,lam_N,d_A,0.23540756358974316,1.2611667048943616,1,stable_homogeneous,-0.09990652827948394,-0.10000000000002916,-3.0
lam_N_x_d_A,lam_N,d_A,0.23540756358974316,1.4707030612058973,1,stable_homogeneous,-0.09994599216191112,-0.10000000000000003,-3.0
lam_N_x_d_A,lam_N,d_A,0.23540756358974316,1.7150528045549482,1,stable_homogeneous,-0.0999680450953124,-0.10000000000008424,-3.0
lam_N_x_d_A,lam_N,d_A,0.23540756358974316,2.0,1,stable_homogeneous,-0.09998073804534313,-0.10000000000001813,-3.0
lam_N_x_d_A,lam_N,d_A,0.2770836049762948,0.05,1,nonuniform_instability,0.05706342863817968,-0.057670532970061375,-3.0
lam_N_x_d_A,lam_N,d_A,0.2770836049762948,0.05830724263090528,1,nonuniform_instability,0.059061276612095794,-0.057988118317217285,-3.0
lam_N_x_d_A,lam_N,d_A,0.2770836049762948,0.06799469086438521,1,nonuniform_instability,0.05990682974136636,-0.05810356503672506,-3.0
lam_N_x_d_A,lam_N,d_A,0.2770836049762948,0.07929165875686216,1,nonuniform_instability,0.05897408952842772,-0.05811879139799636,-3.0
lam_N_x_d_A,lam_N,d_A,0.2770836049762948,0.09246555971486617,1,nonuniform_instability,0.05534472134754291,-0.05867202095857324,-3.0
lam_N_x_d_A,lam_N,d_A,0.2770836049762948,0.1078282365059433,1,nonuniform_instability,0.04778377532841869,-0.062154449477931306,-3.0
lam_N_x_d_A,lam_N,d_A,0.2770836049762948,0.12574334296829354,1,nonuniform_instability,0.03523860937695793,-0.07588144102673766,-3.0
lam_N_x_d_A,lam_N,d_A,0.2770836049762948,0.14663495215346858,1,nonuniform_instability,0.019423063750863542,-0.09999999999999976,-3.0
lam_N_x_d_A,lam_N,d_A,0.2770836049762948,0.17099759466766967,1,nonuniform_instability,0.008676445889501207,-0.10000000000000077,-3.0
lam_N_x_d_A,lam_N,d_A,0.2770836049762948,0.1994079648317803,1,nonuniform_instability,0.0037452047040270465,-0.09999999999999999,-3.0
lam_N_x_d_A,lam_N,d_A,0.2770836049762948,0.23253857175963288,1,stable_homogeneous,-0.005199189971756085,-0.09999999999999794,-3.0
lam_N_x_d_A,lam_N,d_A,0.2770836049762948,0.27117365849266195,1,stable_homogeneous,-0.02515880349819504,-0.10000000000000211,-3.0
lam_N_x_d_A,lam_N,d_A,0.2770836049762948,0.31622776601683794,1,stable_homogeneous,-0.051736043709958934,-0.10000000000005817,-3.0
lam_N_x_d_A,lam_N,d_A,0.2770836049762948,0.3687673815954583,1,stable_homogeneous,-0.07302090110521313,-0.09999999999996216,-3.0
lam_N_x_d_A,lam_N,d_A,0.2770836049762948,0.4300361838610006,1,stable_homogeneous,-0.08580677150547472,-0.1000000000000429,-3.0
lam_N_x_d_A,lam_N,d_A,0.2770836049762948,0.5014844822490394,1,stable_homogeneous,-0.09265428723056474,-0.10000000000002048,-3.0
lam_N_x_d_A,lam_N,d_A,0.2770836049762948,0.5848035476425731,1,stable_homogeneous,-0.09619839375926556,-0.09999999999998412,-3.0
lam_N_x_d_A,lam_N,d_A,0.2770836049762948,0.6819656468761939,1,stable_homogeneous,-0.09802663540095334,-0.10000000000001384,-3.0
lam_N_x_d_A,lam_N,d_A,0.2770836049762948,0.7952707287670507,1,stable_homogeneous,-0.09897439594610925,-0.10000000000004286,-3.0
lam_N_x_d_A,lam_N,d_A,0.2770836049762948,0.9274008667895459,1,stable_homogeneous,-0.09946617403790955,-0.10000000000000356,-3.0
lam_N_x_d_A,lam_N,d_A,0.2770836049762948,1.0814837471201986,1,stable_homogeneous,-0.09971961395656312,-0.10000000000000804,-3.0
lam_N_x_d_A,lam_N,d_A,0.2770836049762948,1.2611667048943616,1,stable_homogeneous,-0.09984948795166644,-0.10000000000006044,-3.0
lam_N_x_d_A,lam_N,d_A,0.2770836049762948,1.4707030612058973,1,stable_homogeneous,-0.09991665344590221,-0.10000000000000239,-3.0
lam_N_x_d_A,lam_N,d_A,0.2770836049762948,1.7150528045549482,1,stable_homogeneous,-0.09995232935712359,-0.10000000000002171,-3.0
lam_N_x_d_A,lam_N,d_A,0.2770836049762948,2.0,1,stable_homogeneous,-0.09997196738782495,-0.09999999999998531,-3.0
lam_N_x_d_A,lam_N,d_A,0.32613788179066194,0.05,1,nonuniform_instability,0.060487003386224765,-0.06077736016582825,-3.0
lam_N_x_d_A,lam_N,d_A,0.32613788179066194,0.05830724263090528,1,nonuniform_instability,0.06352357537670467,-0.061795292675158854,-3.0
lam_N_x_d_A,lam_N,d_A,0.32613788179066194,0.06799469086438521,1,nonuniform_instability,0.0658028061756891,-0.06268976370803547,-3.0
lam_N_x_d_A,lam_N,d_A,0.32613788179066194,0.07929165875686216,1,nonuniform_instability,0.06688525194767626,-0.06337057975752243,-3.0
lam_N_x_d_A,lam_N,d_A,0.32613788179066194,0.09246555971486617,1,nonuniform_instability,0.06611439434215637,-0.06382057068935568,-3.0
lam_N_x_d_A,lam_N,d_A,0.32613788179066194,0.1078282365059433,1,nonuniform_instability,0.06250914009113545,-0.06440632351363544,-3.0
lam_N_x_d_A,lam_N,d_A,0.32613788179066194,0.12574334296829354,1,nonuniform_instability,0.0546890587031384,-0.06696145483451599,-3.0
lam_N_x_d_A,lam_N,d_A,0.32613788179066194,0.14663495215346858,1,nonuniform_instability,0.041253985062601736,-0.07822708020812671,-3.0
lam_N_x_d_A,lam_N,d_A,0.32613788179066194,0.17099759466766967,1,nonuniform_instability,0.02327023105986864,-0.09999999999999952,-3.0
lam_N_x_d_A,lam_N,d_A,0.32613788179066194,0.1994079648317803,1,nonuniform_instability,0.009712065299775455,-0.09999999999999969,-3.0
lam_N_x_d_A,lam_N,d_A,0.32613788179066194,0.23253857175963288,1,nonuniform_instability,0.004157074519044591,-0.0999999999999975,-3.0
lam_N_x_d_A,lam_N,d_A,0.32613788179066194,0.27117365849266195,1,stable_homogeneous,-0.004552562904849652,-0.10000000000000725,-3.0
lam_N_x_d_A,lam_N,d_A,0.32613788179066194,0.31622776601683794,1,stable_homogeneous,-0.024177996181955593,-0.09999999999998267,-3.0
lam_N_x_d_A,lam_N,d_A,0.32613788179066194,0.3687673815954583,1,stable_homogeneous,-0.05090321813856938,-0.10000000000005585,-3.0
lam_N_x_d_A,lam_N,d_A,0.32613788179066194,0.4300361838610006,1,stable_homogeneous,-0.07255021106085875,-0.09999999999998052,-3.0
lam_N_x_d_A,lam_N,d_A,0.32613788179066194,0.5014844822490394,1,stable_homogeneous,-0.08558400855057524,-0.10000000000002054,-3.0
lam_N_x_d_A,lam_N,d_A,0.32613788179066194,0.5848035476425731,1,stable_homogeneous,-0.09256859151227868,-0.09999999999999815,-3.0
lam_N_x_d_A,lam_N,d_A,0.32613788179066194,0.6819656468761939,1,stable_homogeneous,-0.09618477820713178,-0.10000000000001424,-3.0
lam_N_x_d_A,lam_N,d_A,0.32613788179066194,0.7952707287670507,1,stable_homogeneous,-0.09804714867396493,-0.09999999999991788,-3.0
lam_N_x_d_A,lam_N,d_A,0.32613788179066194,0.9274008667895459,1,stable_homogeneous,-0.09900610853578239,-0.10000000000000327,-3.0
lam_N_x_d_A,lam_N,d_A,0.32613788179066194,1.0814837471201986,1,stable_homogeneous,-0.09949593365771019,-0.10000000000003927,-3.0
lam_N_x_d_A,lam_N,d_A,0.32613788179066194,1.2611667048943616,1,stable_homogeneous,-0.09974197519398366,-0.1000000000000294,-3.0
lam_N_x_d_A,lam_N,d_A,0.32613788179066194,1.4707030612058973,1,stable_homogeneous,-0.09986431899672403,-0.09999999999993944,-3.0
lam_N_x_d_A,lam_N,d_A,0.32613788179066194,1.7150528045549482,1,stable_homogeneous,-0.0999259181980927,-0.10000000000005367,-3.0
lam_N_x_d_A,lam_N,d_A,0.32613788179066194,2.0,1,stable_homogeneous,-0.09995799876125945,-0.10000000000001694,-3.0
lam_N_x_d_A,lam_N,d_A,0.3838766207332969,0.05,1,nonuniform_instability,0.06324683362389877,-0.06335083061428076,-3.0
lam_N_x_d_A,lam_N,d_A,0.3838766207332969,0.05830724263090528,1,nonuniform_instability,0.06707611033500603,-0.06499491669014582,-3.0
lam_N_x_d_A,lam_N,d_A,0.3838766207332969,0.06799469086438521,1,nonuniform_instability,0.07043026066585431,-0.06667466995550589,-3.0
lam_N_x_d_A,lam_N,d_A,0.3838766207332969,0.07929165875686216,1,nonuniform_instability,0.07300114813980695,-0.06830005530812192,-3.0
lam_N_x_d_A,lam_N,d_A,0.3838766207332969,0.09246555971486617,1,nonuniform_instability,0.07433528240294976,-0.0697458468588163,-3.0
lam_N_x_d_A,lam_N,d_A,0.3838766207332969,0.1078282365059433,1,nonuniform_instability,0.07375139351167369,-0.07089540976055417,-3.0
lam_N_x_d_A,lam_N,d_A,0.3838766207332969,0.12574334296829354,1,nonuniform_instability,0.07021653843570441,-0.0718624988151001,-3.0
lam_N_x_d_A,lam_N,d_A,0.3838766207332969,0.14663495215346858,1,nonuniform_instability,0.06222308712625402,-0.07388418501428516,-3.0
lam_N_x_d_A,lam_N,d_A,0.3838766207332969,0.17099759466766967,1,nonuniform_instability,0.04803712893587219,-0.08262780829791584,-3.0
lam_N_x_d_A,lam_N,d_A,0.3838766207332969,0.1994079648317803,1,nonuniform_instability,0.027989317028873473,-0.09999999999999969,-3.0
lam_N_x_d_A,lam_N,d_A,0.3838766207332969,0.23253857175963288,1,nonuniform_instability,0.011079728706256882,-0.10000000000000021,-3.0
lam_N_x_d_A,lam_N,d_A,0.3838766207332969,0.27117365849266195,1,nonuniform_instability,0.004562858914712561,-0.0999999999999995,-3.0
lam_N_x_d_A,lam_N,d_A,0.3838766207332969,0.31622776601683794,1,stable_homogeneous,-0.003910731818957769,-0.10000000000001906,-3.0
lam_N_x_d_A,lam_N,d_A,0.3838766207332969,0.3687673815954583,1,stable_homogeneous,-0.023135998839427938,-0.09999999999997831,-3.0
lam_N_x_d_A,lam_N,d_A,0.3838766207332969,0.4300361838610006,1,stable_homogeneous,-0.04995938323683085,-0.10000000000004293,-3.0
lam_N_x_d_A,lam_N,d_A,0.3838766207332969,0.5014844822490394,1,stable_homogeneous,-0.07199699737202314,-0.10000000000002039,-3.0
lam_N_x_d_A,lam_N,d_A,0.3838766207332969,0.5848035476425731,1,stable_homogeneous,-0.08532166786511895,-0.09999999999999822,-3.0
lam_N_x_d_A,lam_N,d_A,0.3838766207332969,0.6819656468761939,1,stable_homogeneous,-0.09246987962357436,-0.10000000000001406,-3.0
lam_N_x_d_A,lam_N,d_A,0.3838766207332969,0.7952707287670507,1,stable_homogeneous,-0.09617047617160962,-0.09999999999998051,-3.0
lam_N_x_d_A,lam_N,d_A,0.3838766207332969,0.9274008667895459,1,stable_homogeneous,-0.098071029038973,-0.10000000000000334,-3.0
lam_N_x_d_A,lam_N,d_A,0.3838766207332969,1.0814837471201986,1,stable_homogeneous,-0.09904084212775408,-0.1000000000000383,-3.0
lam_N_x_d_A,lam_N,d_A,0.3838766207332969,1.2611667048943616,1,stable_homogeneous,-0.09952674549035413,-0.10000000000002982,-3.0
lam_N_x_d_A,lam_N,d_A,0.3838766207332969,1.4707030612058973,1,stable_homogeneous,-0.0997638639931354,-0.10000000000000264,-3.0
lam_N_x_d_A,lam_N,d_A,0.3838766207332969,1.7150528045549482,1,stable_homogeneous,-0.09987818767542862,-0.10000000000008426,-3.0
lam_N_x_d_A,lam_N,d_A,0.3838766207332969,2.0,1,stable_homogeneous,-0.09993431618694926,-0.09999999999998531,-3.0
lam_N_x_d_A,lam_N,d_A,0.45183730002944655,0.05,1,nonuniform_instability,0.06548692136260938,-0.06544310468211342,-3.0
lam_N_x_d_A,lam_N,d_A,0.45183730002944655,0.05830724263090528,1,nonuniform_instability,0.06992756144177603,-0.06759755619995968,-3.0
lam_N_x_d_A,lam_N,d_A,0.45183730002944655,0.06799469086438521,1,nonuniform_instability,0.0740954519469244,-0.06993677900393636,-3.0
lam_N_x_d_A,lam_N,d_A,0.45183730002944655,0.07929165875686216,1,nonuniform_instability,0.07777084301188147,-0.07241365117486681,-3.0
lam_N_x_d_A,lam_N,d_A,0.45183730002944655,0.09246555971486617,1,nonuniform_instability,0.08063785310400325,-0.07493880200041364,-3.0
lam_N_x_d_A,lam_N,d_A,0.45183730002944655,0.1078282365059433,1,nonuniform_instability,0.08223190552356108,-0.07736662434819547,-3.0
lam_N_x_d_A,lam_N,d_A,0.45183730002944655,0.12574334296829354,1,nonuniform_instability,0.08185289925745483,-0.07950491251112474,-3.0
lam_N_x_d_A,lam_N,d_A,0.45183730002944655,0.14663495215346858,1,nonuniform_instability,0.07842788502923856,-0.08124879704220578,-3.0
lam_N_x_d_A,lam_N,d_A,0.45183730002944655,0.17099759466766967,1,nonuniform_instability,0.07034450507196562,-0.08325348230302068,-3.0
lam_N_x_d_A,lam_N,d_A,0.45183730002944655,0.1994079648317803,1,nonuniform_instability,0.055564373409078195,-0.08982704569582436,-3.0
lam_N_x_d_A,lam_N,d_A,0.45183730002944655,0.23253857175963288,1,nonuniform_instability,0.033641649413036344,-0.10000000000000026,-3.0
lam_N_x_d_A,lam_N,d_A,0.45183730002944655,0.27117365849266195,1,nonuniform_instability,0.012968734319318203,-0.09999999999999949,-3.0
lam_N_x_d_A,lam_N,d_A,0.45183730002944655,0.31622776601683794,1,nonuniform_instability,0.00496814634540505,-0.10000000000000035,-3.0
lam_N_x_d_A,lam_N,d_A,0.45183730002944655,0.3687673815954583,1,stable_homogeneous,-0.0032834054287953366,-0.09999999999998595,-3.0
lam_N_x_d_A,lam_N,d_A,0.45183730002944655,0.4300361838610006,1,stable_homogeneous,-0.02205174782353971,-0.0999999999999777,-3.0
lam_N_x_d_A,lam_N,d_A,0.45183730002944655,0.5014844822490394,1,stable_homogeneous,-0.04892332427515816,-0.09999999999999595,-3.0
lam_N_x_d_A,lam_N,d_A,0.45183730002944655,0.5848035476425731,1,stable_homogeneous,-0.07137414912729269,-0.1000000000000295,-3.0
lam_N_x_d_A,lam_N,d_A,0.45183730002944655,0.6819656468761939,1,stable_homogeneous,-0.08502742951330308,-0.10000000000004527,-3.0
lam_N_x_d_A,lam_N,d_A,0.45183730002944655,0.7952707287670507,1,stable_homogeneous,-0.0923626770465778,-0.09999999999998024,-3.0
lam_N_x_d_A,lam_N,d_A,0.45183730002944655,0.9274008667895459,1,stable_homogeneous,-0.09615817998266649,-0.10000000000003512,-3.0
lam_N_x_d_A,lam_N,d_A,0.45183730002944655,1.0814837471201986,1,stable_homogeneous,-0.09809960577631423,-0.10000000000000749,-3.0
lam_N_x_d_A,lam_N,d_A,0.45183730002944655,1.2611667048943616,1,stable_homogeneous,-0.09907881229710296,-0.099999999999966,-3.0
lam_N_x_d_A,lam_N,d_A,0.45183730002944655,1.4707030612058973,1,stable_homogeneous,-0.09955826839714557,-0.10000000000003402,-3.0
lam_N_x_d_A,lam_N,d_A,0.45183730002944655,1.7150528045549482,1,stable_homogeneous,-0.09978498569382756,-0.10000000000005237,-3.0
lam_N_x_d_A,lam_N,d_A,0.45183730002944655,2.0,1,stable_homogeneous,-0.0998910056378847,-0.0999999999999548,-3.0
lam_N_x_d_A,lam_N,d_A,0.5318295896944989,0.05,1,nonuniform_instability,0.06731684115621843,-0.06713480190044989,-3.0
lam_N_x_d_A,lam_N,d_A,0.5318295896944989,0.05830724263090528,1,nonuniform_instability,0.07223449573389308,-0.06969165082359571,-3.0
lam_N_x_d_A,lam_N,d_A,0.5318295896944989,0.06799469086438521,1,nonuniform_instability,0.07702640785150433,-0.07255217654584754,-3.0
lam_N_x_d_A,lam_N,d_A,0.5318295896944989,0.07929165875686216,1,nonuniform_instability,0.0815321745055469,-0.07571158124985863,-3.0
lam_N_x_d_A,lam_N,d_A,0.5318295896944989,0.09246555971486617,1,nonuniform_instability,0.0855266509828198,-0.07913678358205536,-3.0
lam_N_x_d_A,lam_N,d_A,0.5318295896944989,0.1078282365059433,1,nonuniform_instability,0.08868756816221178,-0.08274803848266321,-3.0
lam_N_x_d_A,lam_N,d_A,0.5318295896944989,0.12574334296829354,1,nonuniform_instability,0.09054209623751062,-0.08639425920852725,-3.0
lam_N_x_d_A,lam_N,d_A,0.5318295896944989,0.14663495215346858,1,nonuniform_instability,0.09037712622233178,-0.08983369951605152,-3.0
lam_N_x_d_A,lam_N,d_A,0.5318295896944989,0.17099759466766967,1,nonuniform_instability,0.08709183365395183,-0.09278747566629122,-3.0
lam_N_x_d_A,lam_N,d_A,0.5318295896944989,0.1994079648317803,1,nonuniform_instability,0.07899421765063003,-0.09538663626627784,-3.0
lam_N_x_d_A,lam_N,d_A,0.5318295896944989,0.23253857175963288,1,nonuniform_instability,0.06378386935526954,-0.0999999999999998,-3.0
lam_N_x_d_A,lam_N,d_A,0.5318295896944989,0.27117365849266195,1,nonuniform_instability,0.040240683216709136,-0.09999999999999992,-3.0
lam_N_x_d_A,lam_N,d_A,0.5318295896944989,0.31622776601683794,1,nonuniform_instability,0.015623163862435138,-0.1000000000000001,-3.0
lam_N_x_d_A,lam_N,d_A,0.5318295896944989,0.3687673815954583,1,nonuniform_instability,0.005386287612305255,-0.09999999999999987,-3.0
lam_N_x_d_A,lam_N,d_A,0.5318295896944989,0.4300361838610006,1,stable_homogeneous,-0.002679607343849471,-0.09999999999999522,-3.0
lam_N_x_d_A,lam_N,d_A,0.5318295896944989,0.5014844822490394,1,stable_homogeneous,-0.020942615147637084,-0.09999999999998374,-3.0
lam_N_x_d_A,lam_N,d_A,0.5318295896944989,0.5848035476425731,1,stable_homogeneous,-0.047811410280702155,-0.10000000000004981,-3.0
lam_N_x_d_A,lam_N,d_A,0.5318295896944989,0.6819656468761939,1,stable_homogeneous,-0.07069226092258021,-0.10000000000004515,-3.0
lam_N_x_d_A,lam_N,d_A,0.5318295896944989,0.7952707287670507,1,stable_homogeneous,-0.08470777667306727,-0.10000000000001143,-3.0
lam_N_x_d_A,lam_N,d_A,0.5318295896944989,0.9274008667895459,1,stable_homogeneous,-0.09225107709899992,-0.09999999999997196,-3.0
lam_N_x_d_A,lam_N,d_A,0.5318295896944989,1.0814837471201986,1,stable_homogeneous,-0.09615039878426213,-0.0999999999999758,-3.0
lam_N_x_d_A,lam_N,d_A,0.5318295896944989,1.2611667048943616,1,stable_homogeneous,-0.09813398675901808,-0.09999999999999766,-3.0
lam_N_x_d_A,lam_N,d_A,0.5318295896944989,1.4707030612058973,1,stable_homogeneous,-0.09911998350460131,-0.10000000000003388,-3.0
lam_N_x_d_A,lam_N,d_A,0.5318295896944989,1.7150528045549482,1,stable_homogeneous,-0.09959006100218795,-0.10000000000011612,-3.0
lam_N_x_d_A,lam_N,d_A,0.5318295896944989,2.0,1,stable_homogeneous,-0.09980508402110479,-0.10000000000001703,-3.0
lam_N_x_d_A,lam_N,d_A,0.6259835397745738,0.05,1,nonuniform_instability,0.06882026994498278,-0.06850349772659917,-3.0
lam_N_x_d_A,lam_N,d_A,0.6259835397745738,0.05830724263090528,1,nonuniform_instability,0.07411430692346711,-0.07137464980700331,-3.0
lam_N_x_d_A,lam_N,d_A,0.6259835397745738,0.06799469086438521,1,nonuniform_instability,0.07939109338421392,-0.0746394564690159,-3.0
lam_N_x_d_A,lam_N,d_A,0.6259835397745738,0.07929165875686216,1,nonuniform_instability,0.08453058178758507,-0.07832587000362012,-3.0
lam_N_x_d_A,lam_N,d_A,0.6259835397745738,0.09246555971486617,1,nonuniform_instability,0.08936779433798371,-0.08244767958678562,-3.0
lam_N_x_d_A,lam_N,d_A,0.6259835397745738,0.1078282365059433,1,nonuniform_instability,0.0936726923065826,-0.08699164022278887,-3.0
lam_N_x_d_A,lam_N,d_A,0.6259835397745738,0.12574334296829354,1,nonuniform_instability,0.09711784649789995,-0.09189643254935534,-3.0
lam_N_x_d_A,lam_N,d_A,0.6259835397745738,0.14663495215346858,1,nonuniform_instability,0.09922481226371954,-0.09702009904236167,-3.0
lam_N_x_d_A,lam_N,d_A,0.6259835397745738,0.17099759466766967,1,nonuniform_instability,0.09927300331479387,-0.09999999999999987,-3.0
lam_N_x_d_A,lam_N,d_A,0.6259835397745738,0.1994079648317803,1,nonuniform_instability,0.09614557072993968,-0.09999999999999998,-3.0
lam_N_x_d_A,lam_N,d_A,0.6259835397745738,0.23253857175963288,1,nonuniform_instability,0.0880969333351551,-0.09999999999999995,-3.0
lam_N_x_d_A,lam_N,d_A,0.6259835397745738,0.27117365849266195,1,nonuniform_instability,0.07261684859189135,-0.09999999999999998,-3.0
lam_N_x_d_A,lam_N,d_A,0.6259835397745738,0.31622776601683794,1,nonuniform_instability,0.04775280618890946,-0.09999999999999996,-3.0
lam_N_x_d_A,lam_N,d_A,0.6259835397745738,0.3687673815954583,1,nonuniform_instability,0.01928788930630968,-0.09999999999999996,-3.0
lam_N_x_d_A,lam_N,d_A,0.6259835397745738,0.4300361838610006,1,nonuniform_instability,0.005845825170138239,-0.09999999999999848,-3.0
lam_N_x_d_A,lam_N,d_A,0.6259835397745738,0.5014844822490394,1,stable_homogeneous,-0.002107855585956336,-0.09999999999999845,-3.0
lam_N_x_d_A,lam_N,d_A,0.6259835397745738,0.5848035476425731,1,stable_homogeneous,-0.01982469762887297,-0.09999999999998983,-3.0
lam_N_x_d_A,lam_N,d_A,0.6259835397745738,0.6819656468761939,1,stable_homogeneous,-0.046638354674992576,-0.10000000000008068,-3.0
lam_N_x_d_A,lam_N,d_A,0.6259835397745738,0.7952707287670507,1,stable_homogeneous,-0.06996044534791909,-0.09999999999998015,-3.0
lam_N_x_d_A,lam_N,d_A,0.6259835397745738,0.9274008667895459,1,stable_homogeneous,-0.08436848812834478,-0.10000000000000343,-3.0
lam_N_x_d_A,lam_N,d_A,0.6259835397745738,1.0814837471201986,1,stable_homogeneous,-0.09213896291973432,-0.10000000000000736,-3.0
lam_N_x_d_A,lam_N,d_A,0.6259835397745738,1.2611667048943616,1,stable_homogeneous,-0.09614951585935862,-0.10000000000006043,-3.0
lam_N_x_d_A,lam_N,d_A,0.6259835397745738,1.4707030612058973,1,stable_homogeneous,-0.09817503414991877,-0.10000000000000334,-3.0
lam_N_x_d_A,lam_N,d_A,0.6259835397745738,1.7150528045549482,1,stable_homogeneous,-0.09916407317679109,-0.10000000000002231,-3.0
lam_N_x_d_A,lam_N,d_A,0.6259835397745738,2.0,1,stable_homogeneous,-0.09962163499925664,-0.10000000000004845,-3.0
lam_N_x_d_A,lam_N,d_A,0.7368062997280774,0.05,1,nonuniform_instability,0.07006163145062291,-0.06961466405461914,-3.0
lam_N_x_d_A,lam_N,d_A,0.7368062997280774,0.05830724263090528,1,nonuniform_instability,0.07565569799366738,-0.07273158766412001,-3.0
lam_N_x_d_A,lam_N,d_A,0.7368062997280774,0.06799469086438521,1,nonuniform_instability,0.08131388393538555,-0.07630926219565876,-3.0
lam_N_x_d_A,lam_N,d_A,0.7368062997280774,0.07929165875686216,1,nonuniform_instability,0.08694408276141073,-0.08039923727737483,-3.0
lam_N_x_d_A,lam_N,d_A,0.7368062997280774,0.09246555971486617,1,nonuniform_instability,0.09242190161893479,-0.0850493717390805,-3.0
lam_N_x_d_A,lam_N,d_A,0.7368062997280774,0.1078282365059433,1,nonuniform_instability,0.09757783059541811,-0.09029636169085024,-3.0
lam_N_x_d_A,lam_N,d_A,0.7368062997280774,0.12574334296829354,1,nonuniform_instability,0.10217734736382052,-0.09615267627655721,-3.0
lam_N_x_d_A,lam_N,d_A,0.7368062997280774,0.14663495215346858,1,nonuniform_instability,0.10588895604986873,-0.09999999999999987,-3.0
lam_N_x_d_A,lam_N,d_A,0.7368062997280774,0.17099759466766967,1,nonuniform_instability,0.10823100518909884,-0.10000000000000003,-3.0
lam_N_x_d_A,lam_N,d_A,0.7368062997280774,0.1994079648317803,1,nonuniform_instability,0.10848053762872023,-0.09999999999999992,-3.0
lam_N_x_d_A,lam_N,d_A,0.7368062997280774,0.23253857175963288,1,nonuniform_instability,0.10551580640957561,-0.09999999999999998,-3.0
lam_N_x_d_A,lam_N,d_A,0.7368062997280774,0.27117365849266195,1,nonuniform_instability,0.0975631993138626,-0.10000000000000009,-3.0
lam_N_x_d_A,lam_N,d_A,0.7368062997280774,0.31622776601683794,1,nonuniform_instability,0.08196034908013684,-0.09999999999999992,-3.0
lam_N_x_d_A,lam_N,d_A,0.7368062997280774,0.3687673815954583,1,nonuniform_instability,0.056100270885218406,-0.10000000000000023,-3.0
lam_N_x_d_A,lam_N,d_A,0.7368062997280774,0.4300361838610006,1,nonuniform_instability,0.024125550029416066,-0.09999999999999992,-3.0
lam_N_x_d_A,lam_N,d_A,0.7368062997280774,0.5014844822490394,1,nonuniform_instability,0.006406639204172267,-0.10000000000000141,-3.0
lam_N_x_d_A,lam_N,d_A,0.7368062997280774,0.5848035476425731,1,stable_homogeneous,-0.0015763853999434254,-0.10000000000000375,-3.0
lam_N_x_d_A,lam_N,d_A,0.7368062997280774,0.6819656468761939,1,stable_homogeneous,-0.01871312176814807,-0.09999999999999133,-3.0
lam_N_x_d_A,lam_N,d_A,0.7368062997280774,0.7952707287670507,1,stable_homogeneous,-0.04541781294167676,-0.09999999999999783,-3.0
lam_N_x_d_A,lam_N,d_A,0.7368062997280774,0.9274008667895459,1,stable_homogeneous,-0.06918692412539443,-0.0999999999999936,-3.0
lam_N_x_d_A,lam_N,d_A,0.7368062997280774,1.0814837471201986,1,stable_homogeneous,-0.08401499151017322,-0.10000000000010102,-3.0
lam_N_x_d_A,lam_N,d_A,0.7368062997280774,1.2611667048943616,1,stable_homogeneous,-0.09203016083972516,-0.10000000000001676,-3.0
lam_N_x_d_A,lam_N,d_A,0.7368062997280774,1.4707030612058973,1,stable_homogeneous,-0.09615780469553507,-0.10000000000003335,-3.0
lam_N_x_d_A,lam_N,d_A,0.7368062997280774,1.7150528045549482,1,stable_homogeneous,-0.0982233236959159,-0.10000000000008458,-3.0
lam_N_x_d_A,lam_N,d_A,0.7368062997280774,2.0,1,stable_homogeneous,-0.09921057379390669,-0.09999999999995474,-3.0
lam_N_x_d_A,lam_N,d_A,0.8672488792828036,0.05,1,nonuniform_instability,0.07109101356286328,-0.07052083959323477,-3.0
lam_N_x_d_A,lam_N,d_A,0.8672488792828036,0.05830724263090528,1,nonuniform_instability,0.07692642201880318,-0.07383105446958352,-3.0
lam_N_x_d_A,lam_N,d_A,0.8672488792828036,0.06799469086438521,1,nonuniform_instability,0.082887918451498,-0.07765211168934821,-3.0
lam_N_x_d_A,lam_N,d_A,0.8672488792828036,0.07929165875686216,1,nonuniform_instability,0.08890312196923088,-0.08205223142646394,-3.0
lam_N_x_d_A,lam_N,d_A,0.8672488792828036,0.09246555971486617,1,nonuniform_instability,0.09487558911252117,-0.0871030869419292,-3.0
lam_N_x_d_A,lam_N,d_A,0.8672488792828036,0.1078282365059433,1,nonuniform_instability,0.10067637381608997,-0.09287611410662366,-3.0
lam_N_x_d_A,lam_N,d_A,0.8672488792828036,0.12574334296829354,1,nonuniform_instability,0.10613141996435284,-0.09943553121722755,-3.0
lam_N_x_d_A,lam_N,d_A,0.8672488792828036,0.14663495215346858,1,nonuniform_instability,0.11100205832464077,-0.10000000000000014,-3.0
lam_N_x_d_A,lam_N,d_A,0.8672488792828036,0.17099759466766967,1,nonuniform_instability,0.11495369889256686,-0.10000000000000003,-3.0
lam_N_x_d_A,lam_N,d_A,0.8672488792828036,0.1994079648317803,1,nonuniform_instability,0.1175036563798764,-0.09999999999999998,-3.0
lam_N_x_d_A,lam_N,d_A,0.8672488792828036,0.23253857175963288,1,nonuniform_instability,0.1179312156306386,-0.1000000000000002,-3.0
lam_N_x_d_A,lam_N,d_A,0.8672488792828036,0.27117365849266195,1,nonuniform_instability,0.11511983240362804,-0.09999999999999998,-3.0
lam_N_x_d_A,lam_N,d_A,0.8672488792828036,0.31622776601683794,1,nonuniform_instability,0.10729169916940427,-0.09999999999999998,-3.0
lam_N_x_d_A,lam_N,d_A,0.8672488792828036,0.3687673815954583,1,nonuniform_instability,0.09169117550042612,-0.09999999999999994,-3.0
lam_N_x_d_A,lam_N,d_A,0.8672488792828036,0.4300361838610006,1,nonuniform_instability,0.06516463576088881,-0.10000000000000044,-3.0
lam_N_x_d_A,lam_N,d_A,0.8672488792828036,0.5014844822490394,1,nonuniform_instability,0.03017166100718627,-0.09999999999999985,-3.0
lam_N_x_d_A,lam_N,d_A,0.8672488792828036,0.5848035476425731,1,nonuniform_instability,0.007194163478701289,-0.09999999999999903,-3.0
lam_N_x_d_A,lam_N,d_A,0.8672488792828036,0.6819656468761939,1,stable_homogeneous,-0.0010933736547634693,-0.10000000000000067,-3.0
lam_N_x_d_A,lam_N,d_A,0.8672488792828036,0.7952707287670507,1,stable_homogeneous,-0.01762237648216577,-0.09999999999996635,-3.0
lam_N_x_d_A,lam_N,d_A,0.8672488792828036,0.9274008667895459,1,stable_homogeneous,-0.04416286912774763,-0.1000000000000243,-3.0
lam_N_x_d_A,lam_N,d_A,0.8672488792828036,1.0814837471201986,1,stable_homogeneous,-0.0683794806524309,-0.10000000000000109,-3.0
lam_N_x_d_A,lam_N,d_A,0.8672488792828036,1.2611667048943616,1,stable_homogeneous,-0.0836526309472294,-0.10000000000011078,-3.0
lam_N_x_d_A,lam_N,d_A,0.8672488792828036,1.4707030612058973,1,stable_homogeneous,-0.09192854574002486,-0.10000000000000277,-3.0
lam_N_x_d_A,lam_N,d_A,0.8672488792828036,1.7150528045549482,1,stable_homogeneous,-0.0961774094086642,-0.10000000000008388,-3.0
lam_N_x_d_A,lam_N,d_A,0.8672488792828036,2.0,1,stable_homogeneous,-0.09827909805722866,-0.10000000000004852,-3.0
lam_N_x_d_A,lam_N,d_A,1.0207847284895002,0.05,1,nonuniform_instability,0.07194774966613322,-0.07126336462802926,-3.0
lam_N_x_d_A,lam_N,d_A,1.0207847284895002,0.05830724263090528,1,nonuniform_instability,0.0779788332871799,-0.07472674912863425,-3.0
lam_N_x_d_A,lam_N,d_A,1.0207847284895002,0.06799469086438521,1,nonuniform_instability,0.08418386330246903,-0.07873867525476964,-3.0
lam_N_x_d_A,lam_N,d_A,1.0207847284895002,0.07929165875686216,1,nonuniform_instability,0.09050465390625016,-0.08337915020883271,-3.0
lam_N_x_d_A,lam_N,d_A,1.0207847284895002,0.09246555971486617,1,nonuniform_instability,0.09686442100840154,-0.0887364001171311,-3.0
lam_N_x_d_A,lam_N,d_A,1.0207847284895002,0.1078282365059433,1,nonuniform_instability,0.10316203523656439,-0.0949056103397822,-3.0
lam_N_x_d_A,lam_N,d_A,1.0207847284895002,0.12574334296829354,1,nonuniform_instability,0.10926375517361832,-0.10000000000000003,-3.0
lam_N_x_d_A,lam_N,d_A,1.0207847284895002,0.14663495215346858,1,nonuniform_instability,0.11499093066163132,-0.10000000000000014,-3.0
lam_N_x_d_A,lam_N,d_A,1.0207847284895002,0.17099759466766967,1,nonuniform_instability,0.120101035340566,-0.1,-3.0
lam_N_x_d_A,lam_N,d_A,1.0207847284895002,0.1994079648317803,1,nonuniform_instability,0.12425726483506772,-0.1,-3.0
lam_N_x_d_A,lam_N,d_A,1.0207847284895002,0.23253857175963288,1,nonuniform_instability,0.12697785873396464,-0.10000000000000009,-3.0
lam_N_x_d_A,lam_N,d_A,1.0207847284895002,0.27117365849266195,1,nonuniform_instability,0.12754844813428876,-0.09999999999999998,-3.0
lam_N_x_d_A,lam_N,d_A,1.0207847284895002,0.31622776601683794,1,nonuniform_instability,0.12486660304978645,-0.1000000000000002,-3.0
lam_N_x_d_A,lam_N,d_A,1.0207847284895002,0.3687673815954583,1,nonuniform_instability,0.11717160896822143,-0.1000000000000002,-3.0
lam_N_x_d_A,lam_N,d_A,1.0207847284895002,0.4300361838610006,1,nonuniform_instability,0.10167064930712791,-0.10000000000000006,-3.0
lam_N_x_d_A,lam_N,d_A,1.0207847284895002,0.5014844822490394,1,nonuniform_instability,0.07479144305502773,-0.10000000000000012,-3.0
lam_N_x_d_A,lam_N,d_A,1.0207847284895002,0.5848035476425731,1,nonuniform_instability,0.03735330195183452,-0.09999999999999998,-3.0
lam_N_x_d_A,lam_N,d_A,1.0207847284895002,0.6819656468761939,1,nonuniform_instability,0.008460143885795855,-0.10000000000000103,-3.0
lam_N_x_d_A,lam_N,d_A,1.0207847284895002,0.7952707287670507,1,stable_homogeneous,-0.0006670466734849575,-0.09999999999999781,-3.0
lam_N_x_d_A,lam_N,d_A,1.0207847284895002,0.9274008667895459,1,stable_homogeneous,-0.016566696760153956,-0.09999999999995064,-3.0
lam_N_x_d_A,lam_N,d_A,1.0207847284895002,1.0814837471201986,1,stable_homogeneous,-0.042886453113185626,-0.10000000000007978,-3.0
lam_N_x_d_A,lam_N,d_A,1.0207847284895002,1.2611667048943616,1,stable_homogeneous,-0.06754582788686128,-0.10000000000004818,-3.0
lam_N_x_d_A,lam_N,d_A,1.0207847284895002,1.4707030612058973,1,stable_homogeneous,-0.08328688141656218,-0.10000000000000235,-3.0
lam_N_x_d_A,lam_N,d_A,1.0207847284895002,1.7150528045549482,1,stable_homogeneous,-0.09183810850994868,-0.10000000000005303,-3.0
lam_N_x_d_A,lam_N,d_A,1.0207847284895002,2.0,1,stable_homogeneous,-0.09621029236514365,-0.09999999999998563,-3.0
lam_N_x_d_A,lam_N,d_A,1.2015022294166535,0.05,1,nonuniform_instability,0.07266302432966243,-0.07187458636399018,-3.0
lam_N_x_d_A,lam_N,d_A,1.2015022294166535,0.05830724263090528,1,nonuniform_instability,0.07885384632838201,-0.0754603167751843,-3.0
lam_N_x_d_A,lam_N,d_A,1.2015022294166535,0.06799469086438521,1,nonuniform_instability,0.08525604333335775,-0.07962327214679758,-3.0
lam_N_x_d_A,lam_N,d_A,1.2015022294166535,0.07929165875686216,1,nonuniform_instability,0.09182183141790458,-0.0844518758683146,-3.0
lam_N_x_d_A,lam_N,d_A,1.2015022294166535,0.09246555971486617,1,nonuniform_instability,0.09848853811740951,-0.09004595330965118,-3.0
lam_N_x_d_A,lam_N,d_A,1.2015022294166535,0.1078282365059433,1,nonuniform_instability,0.10517454532086393,-0.09651700192064996,-3.0
lam_N_x_d_A,lam_N,d_A,1.2015022294166535,0.12574334296829354,1,nonuniform_instability,0.11177366853024027,-0.10000000000000009,-3.0
lam_N_x_d_A,lam_N,d_A,1.2015022294166535,0.14663495215346858,1,nonuniform_instability,0.11814711909151746,-0.10000000000000003,-3.0
lam_N_x_d_A,lam_N,d_A,1.2015022294166535,0.17099759466766967,1,nonuniform_instability,0.12411160127733879,-0.10000000000000014,-3.0
lam_N_x_d_A,lam_N,d_A,1.2015022294166535,0.1994079648317803,1,nonuniform_instability,0.12942100979192017,-0.10000000000000006,-3.0
lam_N_x_d_A,lam_N,d_A,1.2015022294166535,0.23253857175963288,1,nonuniform_instability,0.13373715204795192,-0.0999999999999999,-3.0
lam_N_x_d_A,lam_N,d_A,1.2015022294166535,0.27117365849266195,1,nonuniform_instability,0.13658097626463395,-0.1,-3.0
lam_N_x_d_A,lam_N,d_A,1.2015022294166535,0.31622776601683794,1,nonuniform_instability,0.13724808181582607,-0.09999999999999976,-3.0
lam_N_x_d_A,lam_N,d_A,1.2015022294166535,0.3687673815954583,1,nonuniform_instability,0.13465782749155913,-0.09999999999999998,-3.0
lam_N_x_d_A,lam_N,d_A,1.2015022294166535,0.4300361838610006,1,nonuniform_instability,0.12708486533341426,-0.1000000000000001,-3.0
lam_N_x_d_A,lam_N,d_A,1.2015022294166535,0.5014844822490394,1,nonuniform_instability,0.11174958820940267,-0.1000000000000001,-3.0
lam_N_x_d_A,lam_N,d_A,1.2015022294166535,0.5848035476425731,1,nonuniform_instability,0.08479710803895922,-0.10000000000000003,-3.0
lam_N_x_d_A,lam_N,d_A,1.2015022294166535,0.6819656468761939,1,nonuniform_instability,0.045526536963305934,-0.09999999999999963,-3.0
lam_N_x_d_A,lam_N,d_A,1.2015022294166535,0.7952707287670507,1,nonuniform_instability,0.010628362463571246,-0.10000000000000006,-3.0
lam_N_x_d_A,lam_N,d_A,1.2015022294166535,0.9274008667895459,1,stable_homogeneous,-0.0003053137776799597,-0.0999999999999972,-3.0
lam_N_x_d_A,lam_N,d_A,1.2015022294166535,1.0814837471201986,1,stable_homogeneous,-0.015560534059821163,-0.09999999999998838,-3.0
lam_N_x_d_A,lam_N,d_A,1.2015022294166535,1.2611667048943616,1,stable_homogeneous,-0.041601724337160174,-0.09999999999997038,-3.0
lam_N_x_d_A,lam_N,d_A,1.2015022294166535,1.4707030612058973,1,stable_homogeneous,-0.0666939283632689,-0.0999999999999711,-3.0
lam_N_x_d_A,lam_N,d_A,1.2015022294166535,1.7150528045549482,1,stable_homogeneous,-0.08292352945476231,-0.09999999999999043,-3.0
lam_N_x_d_A,lam_N,d_A,1.2015022294166535,2.0,1,stable_homogeneous,-0.09176298892501143,-0.09999999999995593,-3.0
lam_N_x_d_A,lam_N,d_A,1.4142135623730951,0.05,1,nonuniform_instability,0.07326178021411557,-0.07237984797785207,-3.0
lam_N_x_d_A,lam_N,d_A,1.4142135623730951,0.05830724263090528,1,nonuniform_instability,0.07958377326167101,-0.0760640572428386,-3.0
lam_N_x_d_A,lam_N,d_A,1.4142135623730951,0.06799469086438521,1,nonuniform_instability,0.08614674132749736,-0.08034757148395172,-3.0
lam_N_x_d_A,lam_N,d_A,1.4142135623730951,0.07929165875686216,1,nonuniform_instability,0.09291065173637297,-0.08532490576707977,-3.0
lam_N_x_d_A,lam_N,d_A,1.4142135623730951,0.09246555971486617,1,nonuniform_instability,0.09982315455983126,-0.0911041270677402,-3.0
lam_N_x_d_A,lam_N,d_A,1.4142135623730951,0.1078282365059433,1,nonuniform_instability,0.10681661102437143,-0.09780808994272677,-3.0
lam_N_x_d_A,lam_N,d_A,1.4142135623730951,0.12574334296829354,1,nonuniform_instability,0.1138041263480541,-0.09999999999999995,-3.0
lam_N_x_d_A,lam_N,d_A,1.4142135623730951,0.14663495215346858,1,nonuniform_instability,0.1206740960565618,-0.09999999999999995,-3.0
lam_N_x_d_A,lam_N,d_A,1.4142135623730951,0.17099759466766967,1,nonuniform_instability,0.12728245307964964,-0.09999999999999998,-3.0
lam_N_x_d_A,lam_N,d_A,1.4142135623730951,0.1994079648317803,1,nonuniform_instability,0.13344123683456335,-0.1000000000000002,-3.0
lam_N_x_d_A,lam_N,d_A,1.4142135623730951,0.23253857175963288,1,nonuniform_instability,0.13890107097013832,-0.09999999999999998,-3.0
lam_N_x_d_A,lam_N,d_A,1.4142135623730951,0.27117365849266195,1,nonuniform_instability,0.14332319313798766,-0.1,-3.0
lam_N_x_d_A,lam_N,d_A,1.4142135623730951,0.31622776601683794,1,nonuniform_instability,0.14623291897715926,-0.10000000000000009,-3.0
lam_N_x_d_A,lam_N,d_A,1.4142135623730951,0.3687673815954583,1,nonuniform_instability,0.14693900825246284,-0.10000000000000021,-3.0
lam_N_x_d_A,lam_N,d_A,1.4142135623730951,0.4300361838610006,1,nonuniform_instability,0.14438908240625212,-0.09999999999999998,-3.0
lam_N_x_d_A,lam_N,d_A,1.4142135623730951,0.5014844822490394,1,nonuniform_instability,0.136908263989262,-0.10000000000000021,-3.0
lam_N_x_d_A,lam_N,d_A,1.4142135623730951,0.5848035476425731,1,nonuniform_instability,0.12177299736030164,-0.09999999999999973,-3.0
lam_N_x_d_A,lam_N,d_A,1.4142135623730951,0.6819656468761939,1,nonuniform_instability,0.09497793090169529,-0.09999999999999992,-3.0
lam_N_x_d_A,lam_N,d_A,1.4142135623730951,0.7952707287670507,1,nonuniform_instability,0.05449736966282371,-0.0999999999999999,-3.0
lam_N_x_d_A,lam_N,d_A,1.4142135623730951,0.9274008667895459,1,nonuniform_instability,0.014154419707428322,-0.10000000000000063,-3.0
lam_N_x_d_A,lam_N,d_A,1.4142135623730951,1.0814837471201986,1,stable_homogeneous,-1.380386310949116e-05,-0.09999999999999477,-3.0
lam_N_x_d_A,lam_N,d_A,1.4142135623730951,1.2611667048943616,1,stable_homogeneous,-0.01461916752285891,-0.09999999999998921,-3.0
lam_N_x_d_A,lam_N,d_A,1.4142135623730951,1.4707030612058973,1,stable_homogeneous,-0.04032245539477435,-0.09999999999997404,-3.0
lam_N_x_d_A,lam_N,d_A,1.4142135623730951,1.7150528045549482,1,stable_homogeneous,-0.06583229312878283,-0.10000000000005309,-3.0
lam_N_x_d_A,lam_N,d_A,1.4142135623730951,2.0,1,stable_homogeneous,-0.0825688318837983,-0.099999999999986,-3.0
lam_N_x_d_A,lam_N,d_A,1.6645828455691078,0.05,1,nonuniform_instability,0.07376412674157579,-0.07279909865677991,-3.0
lam_N_x_d_A,lam_N,d_A,1.6645828455691078,0.05830724263090528,1,nonuniform_instability,0.0801943769018196,-0.0765631398780775,-3.0
lam_N_x_d_A,lam_N,d_A,1.6645828455691078,0.06799469086438521,1,nonuniform_instability,0.08688924182493406,-0.0809436789973588,-3.0
lam_N_x_d_A,lam_N,d_A,1.6645828455691078,0.07929165875686216,1,nonuniform_instability,0.09381455416660656,-0.08603970655462079,-3.0
lam_N_x_d_A,lam_N,d_A,1.6645828455691078,0.09246555971486617,1,nonuniform_instability,0.10092564683098182,-0.0919652398815217,-3.0
lam_N_x_d_A,lam_N,d_A,1.6645828455691078,0.1078282365059433,1,nonuniform_instability,0.10816509420581882,-0.09885117625924403,-3.0
lam_N_x_d_A,lam_N,d_A,1.6645828455691078,0.12574334296829354,1,nonuniform_instability,0.11545980469302322,-0.09999999999999998,-3.0
lam_N_x_d_A,lam_N,d_A,1.6645828455691078,0.14663495215346858,1,nonuniform_instability,0.12271717691612409,-0.09999999999999995,-3.0
lam_N_x_d_A,lam_N,d_A,1.6645828455691078,0.17099759466766967,1,nonuniform_instability,0.12981985585161782,-0.1,-3.0
lam_N_x_d_A,lam_N,d_A,1.6645828455691078,0.1994079648317803,1,nonuniform_instability,0.1366183207181311,-0.09999999999999995,-3.0
lam_N_x_d_A,lam_N,d_A,1.6645828455691078,0.23253857175963288,1,nonuniform_instability,0.1429199993177314,-0.10000000000000009,-3.0
lam_N_x_d_A,lam_N,d_A,1.6645828455691078,0.27117365849266195,1,nonuniform_instability,0.14847262585058635,-0.09999999999999998,-3.0
lam_N_x_d_A,lam_N,d_A,1.6645828455691078,0.31622776601683794,1,nonuniform_instability,0.15293772635848338,-0.09999999999999998,-3.0
lam_N_x_d_A,lam_N,d_A,1.6645828455691078,0.3687673815954583,1,nonuniform_instability,0.155846569544961,-0.09999999999999998,-3.0
lam_N_x_d_A,lam_N,d_A,1.6645828455691078,0.4300361838610006,1,nonuniform_instability,0.1565239002377458,-0.09999999999999985,-3.0
lam_N_x_d_A,lam_N,d_A,1.6645828455691078,0.5014844822490394,1,nonuniform_instability,0.15395096232959324,-0.09999999999999974,-3.0
lam_N_x_d_A,lam_N,d_A,1.6645828455691078,0.5848035476425731,1,nonuniform_instability,0.14651535884315484,-0.09999999999999996,-3.0
lam_N_x_d_A,lam_N,d_A,1.6645828455691078,0.6819656468761939,1,nonuniform_instability,0.1315841102937301,-0.1000000000000001,-3.0
lam_N_x_d_A,lam_N,d_A,1.6645828455691078,0.7952707287670507,1,nonuniform_instability,0.10512005286473614,-0.10000000000000002,-3.0
lam_N_x_d_A,lam_N,d_A,1.6645828455691078,0.9274008667895459,1,nonuniform_instability,0.06402887941071424,-0.09999999999999983,-3.0
lam_N_x_d_A,lam_N,d_A,1.6645828455691078,1.0814837471201986,1,nonuniform_instability,0.019192540141947153,-0.10000000000000031,-3.0
lam_N_x_d_A,lam_N,d_A,1.6645828455691078,1.2611667048943616,1,nonuniform_instability,0.00021138173956441954,-0.10000000000000095,-3.0
lam_N_x_d_A,lam_N,d_A,1.6645828455691078,1.4707030612058973,1,stable_homogeneous,-0.013759538610913396,-0.10000000000000109,-3.0
lam_N_x_d_A,lam_N,d_A,1.6645828455691078,1.7150528045549482,1,stable_homogeneous,-0.03906345081942947,-0.09999999999999927,-3.0
lam_N_x_d_A,lam_N,d_A,1.6645828455691078,2.0,1,stable_homogeneous,-0.06497028081701833,-0.09999999999995547,-3.0
lam_N_x_d_A,lam_N,d_A,1.9592769603435267,0.05,1,nonuniform_instability,0.07418639175471557,-0.07314814045085614,-3.0
lam_N_x_d_A,lam_N,d_A,1.9592769603435267,0.05830724263090528,1,nonuniform_instability,0.08070637385164424,-0.07697731171894821,-3.0
lam_N_x_d_A,lam_N,d_A,1.9592769603435267,0.06799469086438521,1,nonuniform_instability,0.08751001314244035,-0.0814365132210694,-3.0
lam_N_x_d_A,lam_N,d_A,1.9592769603435267,0.07929165875686216,1,nonuniform_instability,0.09456764284827185,-0.08662807314792464,-3.0
lam_N_x_d_A,lam_N,d_A,1.9592769603435267,0.09246555971486617,1,nonuniform_instability,0.10184040455366139,-0.09267037579643732,-3.0
lam_N_x_d_A,lam_N,d_A,1.9592769603435267,0.1078282365059433,1,nonuniform_instability,0.10927846807183209,-0.09970011649618729,-3.0
lam_N_x_d_A,lam_N,d_A,1.9592769603435267,0.12574334296829354,1,nonuniform_instability,0.11681881871936001,-0.09999999999999987,-3.0
lam_N_x_d_A,lam_N,d_A,1.9592769603435267,0.14663495215346858,1,nonuniform_instability,0.12438244306590537,-0.10000000000000009,-3.0
lam_N_x_d_A,lam_N,d_A,1.9592769603435267,0.17099759466766967,1,nonuniform_instability,0.13187064509448773,-0.1000000000000002,-3.0
lam_N_x_d_A,lam_N,d_A,1.9592769603435267,0.1994079648317803,1,nonuniform_instability,0.1391600575174733,-0.1,-3.0
lam_N_x_d_A,lam_N,d_A,1.9592769603435267,0.23253857175963288,1,nonuniform_instability,0.14609562536619877,-0.10000000000000006,-3.0
lam_N_x_d_A,lam_N,d_A,1.9592769603435267,0.27117365849266195,1,nonuniform_instability,0.15248033219360477,-0.10000000000000012,-3.0
lam_N_x_d_A,lam_N,d_A,1.9592769603435267,0.31622776601683794,1,nonuniform_instability,0.15805952109995422,-0.09999999999999998,-3.0
lam_N_x_d_A,lam_N,d_A,1.9592769603435267,0.3687673815954583,1,nonuniform_instability,0.16249594735933345,-0.09999999999999987,-3.0
lam_N_x_d_A,lam_N,d_A,1.9592769603435267,0.4300361838610006,1,nonuniform_instability,0.1653283901221973,-0.09999999999999987,-3.0
lam_N_x_d_A,lam_N,d_A,1.9592769603435267,0.5014844822490394,1,nonuniform_instability,0.1659000943834768,-0.10000000000000031,-3.0
lam_N_x_d_A,lam_N,d_A,1.9592769603435267,0.5848035476425731,1,nonuniform_instability,0.16323027763184328,-0.10000000000000003,-3.0
lam_N_x_d_A,lam_N,d_A,1.9592769603435267,0.6819656468761939,1,nonuniform_instability,0.15577815869769737,-0.1000000000000002,-3.0
lam_N_x_d_A,lam_N,d_A,1.9592769603435267,0.7952707287670507,1,nonuniform_instability,0.14102760286295987,-0.09999999999999973,-3.0
lam_N_x_d_A,lam_N,d_A,1.9592769603435267,0.9274008667895459,1,nonuniform_instability,0.11500877964468254,-0.10000000000000014,-3.0
lam_N_x_d_A,lam_N,d_A,1.9592769603435267,1.0814837471201986,1,nonuniform_instability,0.07384759736041578,-0.10000000000000007,-3.0
lam_N_x_d_A,lam_N,d_A,1.9592769603435267,1.2611667048943616,1,nonuniform_instability,0.025540422478978572,-0.1000000000000002,-3.0
lam_N_x_d_A,lam_N,d_A,1.9592769603435267,1.4707030612058973,1,nonuniform_instability,0.0004088355068764055,-0.10000000000000003,-3.0
lam_N_x_d_A,lam_N,d_A,1.9592769603435267,1.7150528045549482,1,stable_homogeneous,-0.013001436600750605,-0.10000000000000243,-3.0
lam_N_x_d_A,lam_N,d_A,1.9592769603435267,2.0,1,stable_homogeneous,-0.037841043317423335,-0.09999999999997124,-3.0
lam_N_x_d_A,lam_N,d_A,2.306143078159937,0.05,1,nonuniform_instability,0.07454191561895701,-0.07343957635118893,-3.0
lam_N_x_d_A,lam_N,d_A,2.306143078159937,0.05830724263090528,1,nonuniform_instability,0.08113654870578557,-0.07732218417090526,-3.0
lam_N_x_d_A,lam_N,d_A,2.306143078159937,0.06799469086438521,1,nonuniform_instability,0.08803029336105626,-0.08184557856529937,-3.0
lam_N_x_d_A,lam_N,d_A,2.306143078159937,0.07929165875686216,1,nonuniform_instability,0.09519697969118049,-0.08711461282517907,-3.0
lam_N_x_d_A,lam_N,d_A,2.306143078159937,0.09246555971486617,1,nonuniform_instability,0.10260220380623061,-0.09325092731854305,-3.0
lam_N_x_d_A,lam_N,d_A,2.306143078159937,0.1078282365059433,1,nonuniform_instability,0.11020187547123364,-0.10000000000000014,-3.0
lam_N_x_d_A,lam_N,d_A,2.306143078159937,0.12574334296829354,1,nonuniform_instability,0.11794047087457396,-0.1000000000000002,-3.0
lam_N_x_d_A,lam_N,d_A,2.306143078159937,0.14663495215346858,1,nonuniform_instability,0.12574889301802844,-0.10000000000000031,-3.0
lam_N_x_d_A,lam_N,d_A,2.306143078159937,0.17099759466766967,1,nonuniform_instability,0.13354178398366118,-0.09999999999999964,-3.0
lam_N_x_d_A,lam_N,d_A,2.306143078159937,0.1994079648317803,1,nonuniform_instability,0.1412140410300585,-0.10000000000000009,-3.0
lam_N_x_d_A,lam_N,d_A,2.306143078159937,0.23253857175963288,1,nonuniform_instability,0.1486361295665395,-0.10000000000000009,-3.0
lam_N_x_d_A,lam_N,d_A,2.306143078159937,0.27117365849266195,1,nonuniform_instability,0.15564751474108707,-0.1,-3.0
lam_N_x_d_A,lam_N,d_A,2.306143078159937,0.31622776601683794,1,nonuniform_instability,0.1620470573066238,-0.09999999999999998,-3.0
lam_N_x_d_A,lam_N,d_A,2.306143078159937,0.3687673815954583,1,nonuniform_instability,0.1675783613039841,-0.10000000000000009,-3.0
lam_N_x_d_A,lam_N,d_A,2.306143078159937,0.4300361838610006,1,nonuniform_instability,0.1719064670321147,-0.10000000000000009,-3.0
lam_N_x_d_A,lam_N,d_A,2.306143078159937,0.5014844822490394,1,nonuniform_instability,0.17457922269003195,-0.10000000000000031,-3.0
lam_N_x_d_A,lam_N,d_A,2.306143078159937,0.5848035476425731,1,nonuniform_instability,0.17496061974054708,-0.09999999999999985,-3.0
lam_N_x_d_A,lam_N,d_A,2.306143078159937,0.6819656468761939,1,nonuniform_instability,0.17211129121014676,-0.0999999999999998,-3.0
lam_N_x_d_A,lam_N,d_A,2.306143078159937,0.7952707287670507,1,nonuniform_instability,0.16456862049924542,-0.10000000000000009,-3.0
lam_N_x_d_A,lam_N,d_A,2.306143078159937,0.9274008667895459,1,nonuniform_instability,0.14995195057706573,-0.09999999999999985,-3.0
lam_N_x_d_A,lam_N,d_A,2.306143078159937,1.0814837471201986,1,nonuniform_instability,0.12443601136839963,-0.09999999999999974,-3.0
lam_N_x_d_A,lam_N,d_A,2.306143078159937,1.2611667048943616,1,nonuniform_instability,0.08365545933927832,-0.0999999999999996,-3.0
lam_N_x_d_A,lam_N,d_A,2.306143078159937,1.4707030612058973,1,nonuniform_instability,0.0328664356651178,-0.10000000000000032,-3.0
lam_N_x_d_A,lam_N,d_A,2.306143078159937,1.7150528045549482,1,nonuniform_instability,0.0007362635320970832,-0.09999999999999881,-3.0
lam_N_x_d_A,lam_N,d_A,2.306143078159937,2.0,1,stable_homogeneous,-0.012369228171919235,-0.10000000000001144,-3.0
lam_N_x_d_A,lam_N,d_A,2.7144176165949068,0.05,1,nonuniform_instability,0.07484165751007353,-0.07368352704899221,-3.0
lam_N_x_d_A,lam_N,d_A,2.7144176165949068,0.05830724263090528,1,nonuniform_instability,0.08149859037083114,-0.07761019470776034,-3.0
lam_N_x_d_A,lam_N,d_A,2.7144176165949068,0.06799469086438521,1,nonuniform_instability,0.08846725888700152,-0.08218627454983171,-3.0
lam_N_x_d_A,lam_N,d_A,2.7144176165949068,0.07929165875686216,1,nonuniform_instability,0.0957242409347186,-0.08751855603905559,-3.0
lam_N_x_d_A,lam_N,d_A,2.7144176165949068,0.09246555971486617,1,nonuniform_instability,0.10323859254196778,-0.09373114370089017,-3.0
lam_N_x_d_A,lam_N,d_A,2.7144176165949068,0.1078282365059433,1,nonuniform_instability,0.1109706239468878,-0.10000000000000003,-3.0
lam_N_x_d_A,lam_N,d_A,2.7144176165949068,0.12574334296829354,1,nonuniform_instability,0.11887047131655006,-0.10000000000000009,-3.0
lam_N_x_d_A,lam_N,d_A,2.7144176165949068,0.14663495215346858,1,nonuniform_instability,0.1268764086197605,-0.09999999999999987,-3.0
lam_N_x_d_A,lam_N,d_A,2.7144176165949068,0.17099759466766967,1,nonuniform_instability,0.1349128121177745,-0.1000000000000002,-3.0
lam_N_x_d_A,lam_N,d_A,2.7144176165949068,0.1994079648317803,1,nonuniform_instability,0.1428876366314069,-0.09999999999999976,-3.0
lam_N_x_d_A,lam_N,d_A,2.7144176165949068,0.23253857175963288,1,nonuniform_instability,0.1506891737263839,-0.10000000000000032,-3.0
lam_N_x_d_A,lam_N,d_A,2.7144176165949068,0.27117365849266195,1,nonuniform_instability,0.15818171206549975,-0.09999999999999998,-3.0
lam_N_x_d_A,lam_N,d_A,2.7144176165949068,0.31622776601683794,1,nonuniform_instability,0.16519946410880976,-0.09999999999999998,-3.0
lam_N_x_d_A,lam_N,d_A,2.7144176165949068,0.3687673815954583,1,nonuniform_instability,0.17153767694850558,-0.10000000000000009,-3.0
lam_N_x_d_A,lam_N,d_A,2.7144176165949068,0.4300361838610006,1,nonuniform_instability,0.17693904685445666,-0.09999999999999976,-3.0
lam_N_x_d_A,lam_N,d_A,2.7144176165949068,0.5014844822490394,1,nonuniform_instability,0.1810720848399637,-0.09999999999999987,-3.0
lam_N_x_d_A,lam_N,d_A,2.7144176165949068,0.5848035476425731,1,nonuniform_instability,0.18349527471455693,-0.09999999999999987,-3.0
lam_N_x_d_A,lam_N,d_A,2.7144176165949068,0.6819656468761939,1,nonuniform_instability,0.18359534648710588,-0.09999999999999987,-3.0
lam_N_x_d_A,lam_N,d_A,2.7144176165949068,0.7952707287670507,1,nonuniform_instability,0.18047695818550896,-0.10000000000000009,-3.0
lam_N_x_d_A,lam_N,d_A,2.7144176165949068,0.9274008667895459,1,nonuniform_instability,0.1727599217666161,-0.10000000000000003,-3.0
lam_N_x_d_A,lam_N,d_A,2.7144176165949068,1.0814837471201986,1,nonuniform_instability,0.15821098103905457,-0.10000000000000021,-3.0
lam_N_x_d_A,lam_N,d_A,2.7144176165949068,1.2611667048943616,1,nonuniform_instability,0.13320517734014387,-0.09999999999999998,-3.0
lam_N_x_d_A,lam_N,d_A,2.7144176165949068,1.4707030612058973,1,nonuniform_instability,0.09314623953412345,-0.10000000000000003,-3.0
lam_N_x_d_A,lam_N,d_A,2.7144176165949068,1.7150528045549482,1,nonuniform_instability,0.04082782151691435,-0.10000000000000023,-3.0
lam_N_x_d_A,lam_N,d_A,2.7144176165949068,2.0,1,nonuniform_instability,0.0016834570639975305,-0.09999999999999747,-3.0
lam_N_x_d_A,lam_N,d_A,3.1949721884384226,0.05,1,nonuniform_instability,0.07509466337249114,-0.0738881732857885,-3.0
lam_N_x_d_A,lam_N,d_A,3.1949721884384226,0.05830724263090528,1,nonuniform_instability,0.08180372745192531,-0.07785132591193444,-3.0
lam_N_x_d_A,lam_N,d_A,3.1949721884384226,0.06799469086438521,1,nonuniform_instability,0.08883489741571816,-0.08247086207511488,-3.0
lam_N_x_d_A,lam_N,d_A,3.1949721884384226,0.07929165875686216,1,nonuniform_instability,0.09616693205290033,-0.08785507425887797,-3.0
lam_N_x_d_A,lam_N,d_A,3.1949721884384226,0.09246555971486617,1,nonuniform_instability,0.10377160545434731,-0.0941299575930499,-3.0
lam_N_x_d_A,lam_N,d_A,3.1949721884384226,0.1078282365059433,1,nonuniform_instability,0.11161264540876856,-0.10000000000000014,-3.0
lam_N_x_d_A,lam_N,d_A,3.1949721884384226,0.12574334296829354,1,nonuniform_instability,0.11964452710753364,-0.1000000000000002,-3.0
lam_N_x_d_A,lam_N,d_A,3.1949721884384226,0.14663495215346858,1,nonuniform_instability,0.12781109432419,-0.10000000000000003,-3.0
lam_N_x_d_A,lam_N,d_A,3.1949721884384226,0.17099759466766967,1,nonuniform_instability,0.13604396022991846,-0.10000000000000009,-3.0
lam_N_x_d_A,lam_N,d_A,3.1949721884384226,0.1994079648317803,1,nonuniform_instability,0.1442606120897303,-0.1000000000000002,-3.0
lam_N_x_d_A,lam_N,d_A,3.1949721884384226,0.23253857175963288,1,nonuniform_instability,0.15236209130872871,-0.1000000000000002,-3.0
lam_N_x_d_A,lam_N,d_A,3.1949721884384226,0.27117365849266195,1,nonuniform_instability,0.16023003616875753,-0.09999999999999987,-3.0
lam_N_x_d_A,lam_N,d_A,3.1949721884384226,0.31622776601683794,1,nonuniform_instability,0.16772273191178838,-0.09999999999999998,-3.0
lam_N_x_d_A,lam_N,d_A,3.1949721884384226,0.3687673815954583,1,nonuniform_instability,0.17466957008624456,-0.09999999999999987,-3.0
lam_N_x_d_A,lam_N,d_A,3.1949721884384226,0.4300361838610006,1,nonuniform_instability,0.18086290328306265,-0.10000000000000009,-3.0
lam_N_x_d_A,lam_N,d_A,3.1949721884384226,0.5014844822490394,1,nonuniform_instability,0.18604553865659845,-0.09999999999999987,-3.0
lam_N_x_d_A,lam_N,d_A,3.1949721884384226,0.5848035476425731,1,nonuniform_instability,0.18989076522741524,-0.09999999999999974,-3.0
lam_N_x_d_A,lam_N,d_A,3.1949721884384226,0.6819656468761939,1,nonuniform_instability,0.19196925556305805,-0.10000000000000031,-3.0
lam_N_x_d_A,lam_N,d_A,3.1949721884384226,0.7952707287670507,1,nonuniform_instability,0.19169219976073462,-0.09999999999999987,-3.0
lam_N_x_d_A,lam_N,d_A,3.1949721884384226,0.9274008667895459,1,nonuniform_instability,0.18821010410152572,-0.10000000000000031,-3.0
lam_N_x_d_A,lam_N,d_A,3.1949721884384226,1.0814837471201986,1,nonuniform_instability,0.18022747095417302,-0.09999999999999996,-3.0
lam_N_x_d_A,lam_N,d_A,3.1949721884384226,1.2611667048943616,1,nonuniform_instability,0.16566469740241035,-0.09999999999999971,-3.0
lam_N_x_d_A,lam_N,d_A,3.1949721884384226,1.4707030612058973,1,nonuniform_instability,0.14113368832303888,-0.09999999999999983,-3.0
lam_N_x_d_A,lam_N,d_A,3.1949721884384226,1.7150528045549482,1,nonuniform_instability,0.10202201658451428,-0.10000000000000041,-3.0
lam_N_x_d_A,lam_N,d_A,3.1949721884384226,2.0,1,nonuniform_instability,0.04906995697673912,-0.09999999999999983,-3.0
lam_N_x_d_A,lam_N,d_A,3.760603093086394,0.05,1,nonuniform_instability,0.07530843074944875,-0.07406016809818944,-3.0
lam_N_x_d_A,lam_N,d_A,3.760603093086394,0.05830724263090528,1,nonuniform_instability,0.08206121655429886,-0.07805364559492453,-3.0
lam_N_x_d_A,lam_N,d_A,3.760603093086394,0.06799469086438521,1,nonuniform_instability,0.0891446684293486,-0.08270917996127689,-3.0
lam_N_x_d_A,lam_N,d_A,3.760603093086394,0.07929165875686216,1,nonuniform_instability,0.09653929160791995,-0.08813624358394842,-3.0
lam_N_x_d_A,lam_N,d_A,3.760603093086394,0.09246555971486617,1,nonuniform_instability,0.10421901725965219,-0.0944623003674952,-3.0
lam_N_x_d_A,lam_N,d_A,3.760603093086394,0.1078282365059433,1,nonuniform_instability,0.11215025782855903,-0.09999999999999998,-3.0
lam_N_x_d_A,lam_N,d_A,3.760603093086394,0.12574334296829354,1,nonuniform_instability,0.12029085854446107,-0.09999999999999981,-3.0
lam_N_x_d_A,lam_N,d_A,3.760603093086394,0.14663495215346858,1,nonuniform_instability,0.12858893415899916,-0.09999999999999976,-3.0
lam_N_x_d_A,lam_N,d_A,3.760603093086394,0.17099759466766967,1,nonuniform_instability,0.1369815676448981,-0.10000000000000009,-3.0
lam_N_x_d_A,lam_N,d_A,3.760603093086394,0.1994079648317803,1,nonuniform_instability,0.14539333639809146,-0.10000000000000009,-3.0
lam_N_x_d_A,lam_N,d_A,3.760603093086394,0.23253857175963288,1,nonuniform_instability,0.15373459493836625,-0.09999999999999987,-3.0
lam_N_x_d_A,lam_N,d_A,3.760603093086394,0.27117365849266195,1,nonuniform_instability,0.1618993996555778,-0.10000000000000009,-3.0
lam_N_x_d_A,lam_N,d_A,3.760603093086394,0.31622776601683794,1,nonuniform_instability,0.16976287592910577,-0.09999999999999998,-3.0
lam_N_x_d_A,lam_N,d_A,3.760603093086394,0.3687673815954583,1,nonuniform_instability,0.17717769216409693,-0.09999999999999976,-3.0
lam_N_x_d_A,lam_N,d_A,3.760603093086394,0.4300361838610006,1,nonuniform_instability,0.1839690765490086,-0.10000000000000031,-3.0
lam_N_x_d_A,lam_N,d_A,3.760603093086394,0.5014844822490394,1,nonuniform_instability,0.18992742101585333,-0.10000000000000031,-3.0
lam_N_x_d_A,lam_N,d_A,3.760603093086394,0.5848035476425731,1,nonuniform_instability,0.19479683497171832,-0.10000000000000009,-3.0
lam_N_x_d_A,lam_N,d_A,3.760603093086394,0.6819656468761939,1,nonuniform_instability,0.1982567783463324,-0.09999999999999987,-3.0
lam_N_x_d_A,lam_N,d_A,3.760603093086394,0.7952707287670507,1,nonuniform_instability,0.19989160039461668,-0.09999999999999964,-3.0
lam_N_x_d_A,lam_N,d_A,3.760603093086394,0.9274008667895459,1,nonuniform_instability,0.1991383555380872,-0.09999999999999988,-3.0
lam_N_x_d_A,lam_N,d_A,3.760603093086394,1.0814837471201986,1,nonuniform_instability,0.1951944522244961,-0.10000000000000077,-3.0
lam_N_x_d_A,lam_N,d_A,3.760603093086394,1.2611667048943616,1,nonuniform_instability,0.18684959339614715,-0.1000000000000002,-3.0
lam_N_x_d_A,lam_N,d_A,3.760603093086394,1.4707030612058973,1,nonuniform_instability,0.17217943976240213,-0.10000000000000009,-3.0
lam_N_x_d_A,lam_N,d_A,3.760603093086394,1.7150528045549482,1,nonuniform_instability,0.14805329164302616,-0.10000000000000013,-3.0
lam_N_x_d_A,lam_N,d_A,3.760603093086394,2.0,1,nonuniform_instability,0.11000558747877905,-0.09999999999999974,-3.0
lam_N_x_d_A,lam_N,d_A,4.426372058857599,0.05,1,nonuniform_instability,0.0754891960198791,-0.07420495222629703,-3.0
lam_N_x_d_A,lam_N,d_A,4.426372058857599,0.05830724263090528,1,nonuniform_instability,0.08227872168983477,-0.07822371537208854,-3.0
lam_N_x_d_A,lam_N,d_A,4.426372058857599,0.06799469086438521,1,nonuniform_instability,0.08940600906561091,-0.08290918029299969,-3.0
lam_N_x_d_A,lam_N,d_A,4.426372058857599,0.07929165875686216,1,nonuniform_instability,0.09685297298080073,-0.08837175499525357,-3.0
lam_N_x_d_A,lam_N,d_A,4.426372058857599,0.09246555971486617,1,nonuniform_instability,0.10459527186986467,-0.09474005736625751,-3.0
lam_N_x_d_A,lam_N,d_A,4.426372058857599,0.1078282365059433,1,nonuniform_instability,0.1126014488098637,-0.10000000000000012,-3.0
lam_N_x_d_A,lam_N,d_A,4.426372058857599,0.12574334296829354,1,nonuniform_instability,0.12083199692124207,-0.10000000000000006,-3.0
lam_N_x_d_A,lam_N,d_A,4.426372058857599,0.14663495215346858,1,nonuniform_instability,0.1292383484291231,-0.09999999999999987,-3.0
lam_N_x_d_A,lam_N,d_A,4.426372058857599,0.17099759466766967,1,nonuniform_instability,0.13776178251320487,-0.09999999999999998,-3.0
lam_N_x_d_A,lam_N,d_A,4.426372058857599,0.1994079648317803,1,nonuniform_instability,0.14633223810689122,-0.1000000000000002,-3.0
lam_N_x_d_A,lam_N,d_A,4.426372058857599,0.23253857175963288,1,nonuniform_instability,0.1548670009912552,-0.1000000000000002,-3.0
lam_N_x_d_A,lam_N,d_A,4.426372058857599,0.27117365849266195,1,nonuniform_instability,0.16326920547488813,-0.10000000000000009,-3.0
lam_N_x_d_A,lam_N,d_A,4.426372058857599,0.31622776601683794,1,nonuniform_instability,0.17142604204528347,-0.10000000000000009,-3.0
lam_N_x_d_A,lam_N,d_A,4.426372058857599,0.3687673815954583,1,nonuniform_instability,0.17920648178424248,-0.09999999999999987,-3.0
lam_N_x_d_A,lam_N,d_A,4.426372058857599,0.4300361838610006,1,nonuniform_instability,0.1864581966881424,-0.09999999999999987,-3.0
lam_N_x_d_A,lam_N,d_A,4.426372058857599,0.5014844822490394,1,nonuniform_instability,0.1930031376105951,-0.10000000000000042,-3.0
lam_N_x_d_A,lam_N,d_A,4.426372058857599,0.5848035476425731,1,nonuniform_instability,0.19863086735374677,-0.09999999999999987,-3.0
lam_N_x_d_A,lam_N,d_A,4.426372058857599,0.6819656468761939,1,nonuniform_instability,0.20308811953456138,-0.10000000000000032,-3.0
lam_N_x_d_A,lam_N,d_A,4.426372058857599,0.7952707287670507,1,nonuniform_instability,0.20606193790641802,-0.09999999999999998,-3.0
lam_N_x_d_A,lam_N,d_A,4.426372058857599,0.9274008667895459,1,nonuniform_instability,0.2071516908427401,-0.09999999999999976,-3.0
lam_N_x_d_A,lam_N,d_A,4.426372058857599,1.0814837471201986,1,nonuniform_instability,0.2058213127956703,-0.1000000000000002,-3.0
lam_N_x_d_A,lam_N,d_A,4.426372058857599,1.2611667048943616,1,nonuniform_instability,0.20131539515743446,-0.1000000000000001,-3.0
lam_N_x_d_A,lam_N,d_A,4.426372058857599,1.4707030612058973,1,nonuniform_instability,0.19250782037580405,-0.09999999999999985,-3.0
lam_N_x_d_A,lam_N,d_A,4.426372058857599,1.7150528045549482,1,nonuniform_instability,0.177627434568832,-0.09999999999999974,-3.0
lam_N_x_d_A,lam_N,d_A,4.426372058857599,2.0,1,nonuniform_instability,0.15380884276320644,-0.09999999999999995,-3.0
lam_N_x_d_A,lam_N,d_A,5.2100073095869135,0.05,1,nonuniform_instability,0.0756421624818688,-0.0743269972769817,-3.0
lam_N_x_d_A,lam_N,d_A,5.2100073095869135,0.05830724263090528,1,nonuniform_instability,0.08246261198442761,-0.07836690228505758,-3.0
lam_N_x_d_A,lam_N,d_A,5.2100073095869135,0.06799469086438521,1,nonuniform_instability,0.08962672594560152,-0.0830773319662802,-3.0
lam_N_x_d_A,lam_N,d_A,5.2100073095869135,0.07929165875686216,1,nonuniform_instability,0.09711756493853482,-0.08856944293247512,-3.0
lam_N_x_d_A,lam_N,d_A,5.2100073095869135,0.09246555971486617,1,nonuniform_instability,0.10491218142585297,-0.09497276890878589,-3.0
lam_N_x_d_A,lam_N,d_A,5.2100073095869135,0.1078282365059433,1,nonuniform_instability,0.11298082472553114,-0.10000000000000012,-3.0
lam_N_x_d_A,lam_N,d_A,5.2100073095869135,0.12574334296829354,1,nonuniform_instability,0.12128608967288364,-0.1,-3.0
lam_N_x_d_A,lam_N,d_A,5.2100073095869135,0.14663495215346858,1,nonuniform_instability,0.1297820159183698,-0.1,-3.0
lam_N_x_d_A,lam_N,d_A,5.2100073095869135,0.17099759466766967,1,nonuniform_instability,0.13841314355175383,-0.0999999999999999,-3.0
lam_N_x_d_A,lam_N,d_A,5.2100073095869135,0.1994079648317803,1,nonuniform_instability,0.14711352633798055,-0.1,-3.0
lam_N_x_d_A,lam_N,d_A,5.2100073095869135,0.23253857175963288,1,nonuniform_instability,0.15580569503769046,-0.09999999999999998,-3.0
lam_N_x_d_A,lam_N,d_A,5.2100073095869135,0.27117365849266195,1,nonuniform_instability,0.1643995455657512,-0.10000000000000009,-3.0
lam_N_x_d_A,lam_N,d_A,5.2100073095869135,0.31622776601683794,1,nonuniform_instability,0.17279109670338008,-0.10000000000000031,-3.0
lam_N_x_d_A,lam_N,d_A,5.2100073095869135,0.3687673815954583,1,nonuniform_instability,0.1808610131339863,-0.09999999999999998,-3.0
lam_N_x_d_A,lam_N,d_A,5.2100073095869135,0.4300361838610006,1,nonuniform_instability,0.1884727081948795,-0.09999999999999987,-3.0
lam_N_x_d_A,lam_N,d_A,5.2100073095869135,0.5014844822490394,1,nonuniform_instability,0.19546971416961695,-0.09999999999999987,-3.0
lam_N_x_d_A,lam_N,d_A,5.2100073095869135,0.5848035476425731,1,nonuniform_instability,0.20167180114350935,-0.10000000000000009,-3.0
lam_N_x_d_A,lam_N,d_A,5.2100073095869135,0.6819656468761939,1,nonuniform_instability,0.20686898718591462,-0.10000000000000009,-3.0
lam_N_x_d_A,lam_N,d_A,5.2100073095869135,0.7952707287670507,1,nonuniform_instability,0.2108120116110606,-0.10000000000000009,-3.0
lam_N_x_d_A,lam_N,d_A,5.2100073095869135,0.9274008667895459,1,nonuniform_instability,0.21319684189685,-0.09999999999999987,-3.0
lam_N_x_d_A,lam_N,d_A,5.2100073095869135,1.0814837471201986,1,nonuniform_instability,0.21363896014814612,-0.10000000000000042,-3.0
lam_N_x_d_A,lam_N,d_A,5.2100073095869135,1.2611667048943616,1,nonuniform_instability,0.21162972374304595,-0.09999999999999976,-3.0
lam_N_x_d_A,lam_N,d_A,5.2100073095869135,1.4707030612058973,1,nonuniform_instability,0.2064604045692962,-0.10000000000000044,-3.0
lam_N_x_d_A,lam_N,d_A,5.2100073095869135,1.7150528045549482,1,nonuniform_instability,0.19708671459135674,-0.10000000000000009,-3.0
lam_N_x_d_A,lam_N,d_A,5.2100073095869135,2.0,1,nonuniform_instability,0.1818857740210875,-0.09999999999999949,-3.0
lam_N_x_d_A,lam_N,d_A,6.132375635173039,0.05,1,nonuniform_instability,0.07577168300463254,-0.07442999470836588,-3.0
lam_N_x_d_A,lam_N,d_A,6.132375635173039,0.05830724263090528,1,nonuniform_instability,0.08261819740186713,-0.07848761857193429,-3.0
lam_N_x_d_A,lam_N,d_A,6.132375635173039,0.06799469086438521,1,nonuniform_instability,0.08981330200404718,-0.08321892779549564,-3.0
lam_N_x_d_A,lam_N,d_A,6.132375635173039,0.07929165875686216,1,nonuniform_instability,0.09734099400939418,-0.08873568275762861,-3.0
lam_N_x_d_A,lam_N,d_A,6.132375635173039,0.09246555971486617,1,nonuniform_instability,0.10517945897694582,-0.09516815055834929,-3.0
lam_N_x_d_A,lam_N,d_A,6.132375635173039,0.1078282365059433,1,nonuniform_instability,0.11330032351136564,-0.10000000000000014,-3.0
lam_N_x_d_A,lam_N,d_A,6.132375635173039,0.12574334296829354,1,nonuniform_instability,0.12166786578329919,-0.10000000000000003,-3.0
lam_N_x_d_A,lam_N,d_A,6.132375635173039,0.14663495215346858,1,nonuniform_instability,0.13023819577105258,-0.10000000000000023,-3.0
lam_N_x_d_A,lam_N,d_A,6.132375635173039,0.17099759466766967,1,nonuniform_instability,0.1389584172609231,-0.09999999999999995,-3.0
lam_N_x_d_A,lam_N,d_A,6.132375635173039,0.1994079648317803,1,nonuniform_instability,0.14776578362771448,-0.10000000000000012,-3.0
lam_N_x_d_A,lam_N,d_A,6.132375635173039,0.23253857175963288,1,nonuniform_instability,0.15658685341180364,-0.09999999999999995,-3.0
lam_N_x_d_A,lam_N,d_A,6.132375635173039,0.27117365849266195,1,nonuniform_instability,0.16533664303512596,-0.10000000000000003,-3.0
lam_N_x_d_A,lam_N,d_A,6.132375635173039,0.31622776601683794,1,nonuniform_instability,0.17391775317760863,-0.09999999999999998,-3.0
lam_N_x_d_A,lam_N,d_A,6.132375635173039,0.3687673815954583,1,nonuniform_instability,0.18221941439488398,-0.09999999999999987,-3.0
lam_N_x_d_A,lam_N,d_A,6.132375635173039,0.4300361838610006,1,nonuniform_instability,0.19011634595282423,-0.1000000000000002,-3.0
lam_N_x_d_A,lam_N,d_A,6.132375635173039,0.5014844822490394,1,nonuniform_instability,0.19746724059350368,-0.1000000000000001,-3.0
lam_N_x_d_A,lam_N,d_A,6.132375635173039,0.5848035476425731,1,nonuniform_instability,0.20411256505340214,-0.09999999999999987,-3.0
lam_N_x_d_A,lam_N,d_A,6.132375635173039,0.6819656468761939,1,nonuniform_instability,0.20987117008827177,-0.1000000000000002,-3.0
lam_N_x_d_A,lam_N,d_A,6.132375635173039,0.7952707287670507,1,nonuniform_instability,0.21453489308737242,-0.09999999999999963,-3.0
lam_N_x_d_A,lam_N,d_A,6.132375635173039,0.9274008667895459,1,nonuniform_instability,0.21785982197949783,-0.09999999999999976,-3.0
lam_N_x_d_A,lam_N,d_A,6.132375635173039,1.0814837471201986,1,nonuniform_instability,0.21955200064529426,-0.10000000000000009,-3.0
lam_N_x_d_A,lam_N,d_A,6.132375635173039,1.2611667048943616,1,nonuniform_instability,0.21924375905581694,-0.1000000000000002,-3.0
lam_N_x_d_A,lam_N,d_A,6.132375635173039,1.4707030612058973,1,nonuniform_instability,0.21645386556438795,-0.1000000000000002,-3.0
lam_N_x_d_A,lam_N,d_A,6.132375635173039,1.7150528045549482,1,nonuniform_instability,0.21051898773323616,-0.10000000000000032,-3.0
lam_N_x_d_A,lam_N,d_A,6.132375635173039,2.0,1,nonuniform_instability,0.2004731879892581,-0.09999999999999963,-3.0
lam_N_x_d_A,lam_N,d_A,7.218038036465943,0.05,1,nonuniform_instability,0.07588140710618824,-0.07451700391138188,-3.0
lam_N_x_d_A,lam_N,d_A,7.218038036465943,0.05830724263090528,1,nonuniform_instability,0.08274991724771574,-0.0785895077965401,-3.0
lam_N_x_d_A,lam_N,d_A,7.218038036465943,0.06799469086438521,1,nonuniform_instability,0.0899711386808643,-0.08333832050425784,-3.0
lam_N_x_d_A,lam_N,d_A,7.218038036465943,0.07929165875686216,1,nonuniform_instability,0.09752983876200037,-0.08887569279412724,-3.0
lam_N_x_d_A,lam_N,d_A,7.218038036465943,0.09246555971486617,1,nonuniform_instability,0.10540512947798918,-0.09533248370045953,-3.0
lam_N_x_d_A,lam_N,d_A,7.218038036465943,0.1078282365059433,1,nonuniform_instability,0.11356975683794819,-0.10000000000000003,-3.0
lam_N_x_d_A,lam_N,d_A,7.218038036465943,0.12574334296829354,1,nonuniform_instability,0.12198935825002921,-0.09999999999999998,-3.0
lam_N_x_d_A,lam_N,d_A,7.218038036465943,0.14663495215346858,1,nonuniform_instability,0.13062170239924356,-0.10000000000000009,-3.0
lam_N_x_d_A,lam_N,d_A,7.218038036465943,0.17099759466766967,1,nonuniform_instability,0.13941592936242456,-0.10000000000000009,-3.0
lam_N_x_d_A,lam_N,d_A,7.218038036465943,0.1994079648317803,1,nonuniform_instability,0.14831180927211557,-0.09999999999999976,-3.0
lam_N_x_d_A,lam_N,d_A,7.218038036465943,0.23253857175963288,1,nonuniform_instability,0.15723903450178045,-0.10000000000000012,-3.0
lam_N_x_d_A,lam_N,d_A,7.218038036465943,0.27117365849266195,1,nonuniform_instability,0.16611655660398925,-0.09999999999999998,-3.0
lam_N_x_d_A,lam_N,d_A,7.218038036465943,0.31622776601683794,1,nonuniform_instability,0.17485196499043162,-0.10000000000000003,-3.0
lam_N_x_d_A,lam_N,d_A,7.218038036465943,0.3687673815954583,1,nonuniform_instability,0.18334088297212395,-0.09999999999999998,-3.0
lam_N_x_d_A,lam_N,d_A,7.218038036465943,0.4300361838610006,1,nonuniform_instability,0.19146632185019197,-0.09999999999999998,-3.0
lam_N_x_d_A,lam_N,d_A,7.218038036465943,0.5014844822490394,1,nonuniform_instability,0.19909787892097966,-0.09999999999999998,-3.0
lam_N_x_d_A,lam_N,d_A,7.218038036465943,0.5848035476425731,1,nonuniform_instability,0.20609058519947207,-0.09999999999999998,-3.0
lam_N_x_d_A,lam_N,d_A,7.218038036465943,0.6819656468761939,1,nonuniform_instability,0.21228308777937568,-0.09999999999999985,-3.0
lam_N_x_d_A,lam_N,d_A,7.218038036465943,0.7952707287670507,1,nonuniform_instability,0.21749467024248695,-0.09999999999999964,-3.0
lam_N_x_d_A,lam_N,d_A,7.218038036465943,0.9274008667895459,1,nonuniform_instability,0.22152033284292127,-0.1000000000000002,-3.0
lam_N_x_d_A,lam_N,d_A,7.218038036465943,1.0814837471201986,1,nonuniform_instability,0.22412269736092208,-0.09999999999999942,-3.0
lam_N_x_d_A,lam_N,d_A,7.218038036465943,1.2611667048943616,1,nonuniform_instability,0.22501872574062642,-0.09999999999999974,-3.0
lam_N_x_d_A,lam_N,d_A,7.218038036465943,1.4707030612058973,1,nonuniform_instability,0.22385786155765955,-0.09999999999999953,-3.0
lam_N_x_d_A,lam_N,d_A,7.218038036465943,1.7150528045549482,1,nonuniform_instability,0.22018565490592715,-0.09999999999999964,-3.0
lam_N_x_d_A,lam_N,d_A,7.218038036465943,2.0,1,nonuniform_instability,0.21338213045074803,-0.09999999999999964,-3.0
lam_N_x_d_A,lam_N,d_A,8.495903740312706,0.05,1,nonuniform_instability,0.07597440087456515,-0.07459056916551118,-3.0
lam_N_x_d_A,lam_N,d_A,8.495903740312706,0.05830724263090528,0,no_positive_fixed_point,,,
lam_N_x_d_A,lam_N,d_A,8.495903740312706,0.06799469086438521,1,nonuniform_instability,0.09010474938026965,-0.083439105795719,-3.0
lam_N_x_d_A,lam_N,d_A,8.495903740312706,0.07929165875686216,1,nonuniform_instability,0.09768957754422782,-0.08899376624520267,-3.0
lam_N_x_d_A,lam_N,d_A,8.495903740312706,0.09246555971486617,1,nonuniform_instability,0.10559584979219963,-0.09547091210053749,-3.0
lam_N_x_d_A,lam_N,d_A,8.495903740312706,0.1078282365059433,1,nonuniform_instability,0.11379722769873311,-0.09999999999999995,-3.0
lam_N_x_d_A,lam_N,d_A,8.495903740312706,0.12574334296829354,1,nonuniform_instability,0.12226045348982259,-0.10000000000000012,-3.0
lam_N_x_d_A,lam_N,d_A,8.495903740312706,0.14663495215346858,1,nonuniform_instability,0.13094463529840195,-0.09999999999999998,-3.0
lam_N_x_d_A,lam_N,d_A,8.495903740312706,0.17099759466766967,1,nonuniform_instability,0.13980054560555788,-0.09999999999999976,-3.0
lam_N_x_d_A,lam_N,d_A,8.495903740312706,0.1994079648317803,1,nonuniform_instability,0.1487699542968136,-0.10000000000000031,-3.0
lam_N_x_d_A,lam_N,d_A,8.495903740312706,0.23253857175963288,1,nonuniform_instability,0.15778502039749928,-0.09999999999999987,-3.0
lam_N_x_d_A,lam_N,d_A,8.495903740312706,0.27117365849266195,1,nonuniform_instability,0.16676775874940472,-0.09999999999999987,-3.0
lam_N_x_d_A,lam_N,d_A,8.495903740312706,0.31622776601683794,1,nonuniform_instability,0.1756295961590139,-0.10000000000000009,-3.0
lam_N_x_d_A,lam_N,d_A,8.495903740312706,0.3687673815954583,1,nonuniform_instability,0.18427100590223203,-0.1000000000000001,-3.0
lam_N_x_d_A,lam_N,d_A,8.495903740312706,0.4300361838610006,1,nonuniform_instability,0.1925811944490771,-0.10000000000000003,-3.0
lam_N_x_d_A,lam_N,d_A,8.495903740312706,0.5014844822490394,0,no_positive_fixed_point,,,
lam_N_x_d_A,lam_N,d_A,8.495903740312706,0.5848035476425731,0,no_positive_fixed_point,,,
lam_N_x_d_A,lam_N,d_A,8.495903740312706,0.6819656468761939,1,nonuniform_instability,0.2142392393622054,-0.09999999999999998,-3.0
lam_N_x_d_A,lam_N,d_A,8.495903740312706,0.7952707287670507,1,nonuniform_instability,0.21987491292524494,-0.09999999999999987,-3.0
lam_N_x_d_A,lam_N,d_A,8.495903740312706,0.9274008667895459,1,nonuniform_instability,0.22443432681178765,-0.10000000000000009,-3.0
lam_N_x_d_A,lam_N,d_A,8.495903740312706,1.0814837471201986,1,nonuniform_instability,0.22771684601785158,-0.09999999999999998,-3.0
lam_N_x_d_A,lam_N,d_A,8.495903740312706,1.2611667048943616,1,nonuniform_instability,0.22949252523672525,-0.09999999999999998,-3.0
lam_N_x_d_A,lam_N,d_A,8.495903740312706,1.4707030612058973,0,no_positive_fixed_point,,,
lam_N_x_d_A,lam_N,d_A,8.495903740312706,1.7150528045549482,1,nonuniform_instability,0.22737450849920604,-0.10000000000000009,-3.0
lam_N_x_d_A,lam_N,d_A,8.495903740312706,2.0,1,nonuniform_instability,0.22271813994238351,-0.10000000000000032,-3.0
lam_N_x_d_A,lam_N,d_A,10.0,0.05,1,nonuniform_instability,0.0760532442327757,-0.07465281272815265,-3.0
lam_N_x_d_A,lam_N,d_A,10.0,0.05830724263090528,1,nonuniform_instability,0.08295604409706223,-0.07874837983931368,-3.0
lam_N_x_d_A,lam_N,d_A,10.0,0.06799469086438521,1,nonuniform_instability,0.09021791458167555,-0.0835242656833155,-3.0
lam_N_x_d_A,lam_N,d_A,10.0,0.07929165875686216,1,nonuniform_instability,0.09782478624730959,-0.08909345105543708,-3.0
lam_N_x_d_A,lam_N,d_A,10.0,0.09246555971486617,1,nonuniform_instability,0.10575716184920674,-0.09558766953017749,-3.0
lam_N_x_d_A,lam_N,d_A,10.0,0.1078282365059433,1,nonuniform_instability,0.11398945568266727,-0.10000000000000006,-3.0
lam_N_x_d_A,lam_N,d_A,10.0,0.12574334296829354,1,nonuniform_instability,0.12248931375354605,-0.10000000000000006,-3.0
lam_N_x_d_A,lam_N,d_A,10.0,0.14663495215346858,1,nonuniform_instability,0.1312169335523676,-0.1,-3.0
lam_N_x_d_A,lam_N,d_A,10.0,0.17099759466766967,1,nonuniform_instability,0.1401244059429585,-0.10000000000000012,-3.0
lam_N_x_d_A,lam_N,d_A,10.0,0.1994079648317803,1,nonuniform_instability,0.14915510459262346,-0.10000000000000012,-3.0
lam_N_x_d_A,lam_N,d_A,10.0,0.23253857175963288,1,nonuniform_instability,0.1582431493618457,-0.09999999999999998,-3.0
lam_N_x_d_A,lam_N,d_A,10.0,0.27117365849266195,1,nonuniform_instability,0.16731296833761536,-0.09999999999999976,-3.0
lam_N_x_d_A,lam_N,d_A,10.0,0.31622776601683794,1,nonuniform_instability,0.17627897742000206,-0.09999999999999987,-3.0
lam_N_x_d_A,lam_N,d_A,10.0,0.3687673815954583,1,nonuniform_instability,0.18504538348796173,-0.10000000000000009,-3.0
lam_N_x_d_A,lam_N,d_A,10.0,0.4300361838610006,1,nonuniform_instability,0.19350609800039142,-0.10000000000000003,-3.0
lam_N_x_d_A,lam_N,d_A,10.0,0.5014844822490394,1,nonuniform_instability,0.2015447167677301,-0.09999999999999998,-3.0
lam_N_x_d_A,lam_N,d_A,10.0,0.5848035476425731,1,nonuniform_instability,0.20903447889883342,-0.09999999999999987,-3.0
lam_N_x_d_A,lam_N,d_A,10.0,0.6819656468761939,1,nonuniform_instability,0.21583805927921973,-0.10000000000000003,-3.0
lam_N_x_d_A,lam_N,d_A,10.0,0.7952707287670507,0,no_positive_fixed_point,,,
lam_N_x_d_A,lam_N,d_A,10.0,0.9274008667895459,0,no_positive_fixed_point,,,
lam_N_x_d_A,lam_N,d_A,10.0,1.0814837471201986,1,nonuniform_instability,0.23058193015478148,-0.09999999999999998,-3.0
lam_N_x_d_A,lam_N,d_A,10.0,1.2611667048943616,1,nonuniform_instability,0.23301668035948575,-0.09999999999999998,-3.0
lam_N_x_d_A,lam_N,d_A,10.0,1.4707030612058973,1,nonuniform_instability,0.2338624742982167,-0.09999999999999953,-3.0
lam_N_x_d_A,lam_N,d_A,10.0,1.7150528045549482,1,nonuniform_instability,0.23285882062135924,-0.09999999999999987,-3.0
lam_N_x_d_A,lam_N,d_A,10.0,2.0,1,nonuniform_instability,0.22968792178086675,-0.10000000000000009,-3.0
n_ASC_x_Kd,n_ASC,Kd,1.0,0.03,1,stable_homogeneous,-0.09919680855680163,-0.09999999999993948,-3.0
n_ASC_x_Kd,n_ASC,Kd,1.0,0.03471958582498655,1,stable_homogeneous,-0.09918996304453293,-0.09999999999997068,-3.0
n_ASC_x_Kd,n_ASC,Kd,1.0,0.040181654661953545,1,stable_homogeneous,-0.09918202016614705,-0.09999999999997078,-3.0
n_ASC_x_Kd,n_ASC,Kd,1.0,0.04650301358752224,1,stable_homogeneous,-0.09917280060646136,-0.10000000000000218,-3.0
n_ASC_x_Kd,n_ASC,Kd,1.0,0.05381884571241648,1,stable_homogeneous,-0.09916209471157685,-0.10000000000009573,-3.0
n_ASC_x_Kd,n_ASC,Kd,1.0,0.06228560109046508,1,stable_homogeneous,-0.09914965706619852,-0.09999999999997129,-3.0
n_ASC_x_Kd,n_ASC,Kd,1.0,0.07208434242404262,1,stable_homogeneous,-0.09913520003506639,-0.09999999999997058,-3.0
n_ASC_x_Kd,n_ASC,Kd,1.0,0.08342461711430889,1,stable_homogeneous,-0.0991183860625071,-0.09999999999997104,-3.0
n_ASC_x_Kd,n_ASC,Kd,1.0,0.09654893846056294,1,stable_homogeneous,-0.09909881848625623,-0.10000000000000167,-3.0
n_ASC_x_Kd,n_ASC,Kd,1.0,0.111737971839762,1,stable_homogeneous,-0.09907603058007051,-0.10000000000006447,-3.0
n_ASC_x_Kd,n_ASC,Kd,1.0,0.1293165367733516,1,stable_homogeneous,-0.09904947249596739,-0.10000000000000256,-3.0
n_ASC_x_Kd,n_ASC,Kd,1.0,0.1496605532364136,1,stable_homogeneous,-0.09901849573428373,-0.09999999999997065,-3.0
n_ASC_x_Kd,n_ASC,Kd,1.0,0.17320508075688767,1,stable_homogeneous,-0.0989823347332403,-0.09999999999997111,-3.0
n_ASC_x_Kd,n_ASC,Kd,1.0,0.20045362222208296,1,stable_homogeneous,-0.09894008514697797,-0.09999999999993944,-3.0
n_ASC_x_Kd,n_ASC,Kd,1.0,0.23198889135563464,1,stable_homogeneous,-0.09889067838281641,-0.10000000000000188,-3.0
n_ASC_x_Kd,n_ASC,Kd,1.0,0.26848527412884793,1,stable_homogeneous,-0.09883285200880551,-0.10000000000003331,-3.0
n_ASC_x_Kd,n_ASC,Kd,1.0,0.3107232505953858,1,stable_homogeneous,-0.0987651157385935,-0.09999999999997071,-3.0
n_ASC_x_Kd,n_ASC,Kd,1.0,0.3596060855621767,1,stable_homogeneous,-0.09868571287149204,-0.09999999999993929,-3.0
n_ASC_x_Kd,n_ASC,Kd,1.0,0.41617914502878156,1,stable_homogeneous,-0.09859257733160028,-0.09999999999993979,-3.0
n_ASC_x_Kd,n_ASC,Kd,1.0,0.4816522514798769,1,stable_homogeneous,-0.09848328683150764,-0.10000000000000227,-3.0
n_ASC_x_Kd,n_ASC,Kd,1.0,0.5574255561017865,1,stable_homogeneous,-0.0983550132075911,-0.09999999999993926,-3.0
n_ASC_x_Kd,n_ASC,Kd,1.0,0.645119481203894,1,stable_homogeneous,-0.09820447167409002,-0.09999999999993964,-3.0
n_ASC_x_Kd,n_ASC,Kd,1.0,0.7466093731676465,1,stable_homogeneous,-0.09802787170378473,-0.1000000000000329,-3.0
n_ASC_x_Kd,n_ASC,Kd,1.0,0.8640656069811172,1,stable_homogeneous,-0.09782087364136063,-0.09999999999997075,-3.0
n_ASC_x_Kd,n_ASC,Kd,1.0,1.0,1,stable_homogeneous,-0.09757855735045881,-0.1000000000000331,-3.0
n_ASC_x_Kd,n_ASC,Kd,1.2083333333333333,0.03,1,stable_homogeneous,-0.0956051416072926,-0.10000000000000202,-3.0
n_ASC_x_Kd,n_ASC,Kd,1.2083333333333333,0.03471958582498655,1,stable_homogeneous,-0.09584054567532935,-0.09999999999997092,-3.0
n_ASC_x_Kd,n_ASC,Kd,1.2083333333333333,0.040181654661953545,1,stable_homogeneous,-0.09606248096331373,-0.10000000000000185,-3.0
n_ASC_x_Kd,n_ASC,Kd,1.2083333333333333,0.04650301358752224,1,stable_homogeneous,-0.09627119833971666,-0.10000000000003272,-3.0
n_ASC_x_Kd,n_ASC,Kd,1.2083333333333333,0.05381884571241648,1,stable_homogeneous,-0.09646690639969117,-0.1000000000000016,-3.0
n_ASC_x_Kd,n_ASC,Kd,1.2083333333333333,0.06228560109046508,1,stable_homogeneous,-0.09664976854685037,-0.10000000000000178,-3.0
n_ASC_x_Kd,n_ASC,Kd,1.2083333333333333,0.07208434242404262,1,stable_homogeneous,-0.09681989953004451,-0.10000000000000203,-3.0
n_ASC_x_Kd,n_ASC,Kd,1.2083333333333333,0.08342461711430889,1,stable_homogeneous,-0.09697736126733864,-0.10000000000003278,-3.0
n_ASC_x_Kd,n_ASC,Kd,1.2083333333333333,0.09654893846056294,1,stable_homogeneous,-0.09712215774289232,-0.10000000000000166,-3.0
n_ASC_x_Kd,n_ASC,Kd,1.2083333333333333,0.111737971839762,1,stable_homogeneous,-0.09725422870601264,-0.10000000000000185,-3.0
n_ASC_x_Kd,n_ASC,Kd,1.2083333333333333,0.1293165367733516,1,stable_homogeneous,-0.0973734418359672,-0.10000000000003346,-3.0
n_ASC_x_Kd,n_ASC,Kd,1.2083333333333333,0.1496605532364136,1,stable_homogeneous,-0.09747958296399101,-0.09999999999993989,-3.0
n_ASC_x_Kd,n_ASC,Kd,1.2083333333333333,0.17320508075688767,1,stable_homogeneous,-0.09757234387089174,-0.09999999999997022,-3.0
n_ASC_x_Kd,n_ASC,Kd,1.2083333333333333,0.20045362222208296,1,stable_homogeneous,-0.097651307114542,-0.09999999999993943,-3.0
n_ASC_x_Kd,n_ASC,Kd,1.2083333333333333,0.23198889135563464,1,stable_homogeneous,-0.09771592730138247,-0.10000000000000218,-3.0
n_ASC_x_Kd,n_ASC,Kd,1.2083333333333333,0.26848527412884793,1,stable_homogeneous,-0.09776550822113182,-0.10000000000006425,-3.0
n_ASC_x_Kd,n_ASC,Kd,1.2083333333333333,0.3107232505953858,1,stable_homogeneous,-0.09779917534218195,-0.10000000000000214,-3.0
n_ASC_x_Kd,n_ASC,Kd,1.2083333333333333,0.3596060855621767,1,stable_homogeneous,-0.09781584335013024,-0.09999999999997074,-3.0
n_ASC_x_Kd,n_ASC,Kd,1.2083333333333333,0.41617914502878156,1,stable_homogeneous,-0.09781417874096066,-0.10000000000000228,-3.0
n_ASC_x_Kd,n_ASC,Kd,1.2083333333333333,0.4816522514798769,1,stable_homogeneous,-0.09779255798928523,-0.10000000000003322,-3.0
n_ASC_x_Kd,n_ASC,Kd,1.2083333333333333,0.5574255561017865,1,stable_homogeneous,-0.09774902253202863,-0.09999999999997075,-3.0
n_ASC_x_Kd,n_ASC,Kd,1.2083333333333333,0.645119481203894,1,stable_homogeneous,-0.09768123276227664,-0.1000000000000018,-3.0
n_ASC_x_Kd,n_ASC,Kd,1.2083333333333333,0.7466093731676465,1,stable_homogeneous,-0.09758642444296425,-0.10000000000000174,-3.0
n_ASC_x_Kd,n_ASC,Kd,1.2083333333333333,0.8640656069811172,1,stable_homogeneous,-0.09746137248712941,-0.099999999999971,-3.0
n_ASC_x_Kd,n_ASC,Kd,1.2083333333333333,1.0,1,stable_homogeneous,-0.09730236907990156,-0.10000000000000203,-3.0
n_ASC_x_Kd,n_ASC,Kd,1.4166666666666667,0.03,1,stable_homogeneous,-0.08368921821280878,-0.09999999999997061,-3.0
n_ASC_x_Kd,n_ASC,Kd,1.4166666666666667,0.03471958582498655,1,stable_homogeneous,-0.08514074139040269,-0.10000000000003312,-3.0
n_ASC_x_Kd,n_ASC,Kd,1.4166666666666667,0.040181654661953545,1,stable_homogeneous,-0.08647929699652109,-0.09999999999997115,-3.0
n_ASC_x_Kd,n_ASC,Kd,1.4166666666666667,0.04650301358752224,1,stable_homogeneous,-0.08771013287988455,-0.10000000000000188,-3.0
n_ASC_x_Kd,n_ASC,Kd,1.4166666666666667,0.05381884571241648,1,stable_homogeneous,-0.08883881314506256,-0.10000000000000202,-3.0
n_ASC_x_Kd,n_ASC,Kd,1.4166666666666667,0.06228560109046508,1,stable_homogeneous,-0.08987102412244813,-0.09999999999997093,-3.0
n_ASC_x_Kd,n_ASC,Kd,1.4166666666666667,0.07208434242404262,1,stable_homogeneous,-0.09081242544684916,-0.10000000000000214,-3.0
n_ASC_x_Kd,n_ASC,Kd,1.4166666666666667,0.08342461711430889,1,stable_homogeneous,-0.09166853904969939,-0.09999999999997088,-3.0
n_ASC_x_Kd,n_ASC,Kd,1.4166666666666667,0.09654893846056294,1,stable_homogeneous,-0.09244466927219125,-0.09999999999997075,-3.0
n_ASC_x_Kd,n_ASC,Kd,1.4166666666666667,0.111737971839762,1,stable_homogeneous,-0.09314584797461911,-0.10000000000000227,-3.0
n_ASC_x_Kd,n_ASC,Kd,1.4166666666666667,0.1293165367733516,1,stable_homogeneous,-0.0937767992506604,-0.10000000000000211,-3.0
n_ASC_x_Kd,n_ASC,Kd,1.4166666666666667,0.1496605532364136,1,stable_homogeneous,-0.09434191902374829,-0.0999999999999711,-3.0
n_ASC_x_Kd,n_ASC,Kd,1.4166666666666667,0.17320508075688767,1,stable_homogeneous,-0.09484526533074625,-0.09999999999997088,-3.0
n_ASC_x_Kd,n_ASC,Kd,1.4166666666666667,0.20045362222208296,1,stable_homogeneous,-0.0952905554583362,-0.10000000000000207,-3.0
n_ASC_x_Kd,n_ASC,Kd,1.4166666666666667,0.23198889135563464,1,stable_homogeneous,-0.09568116631050473,-0.10000000000000263,-3.0
n_ASC_x_Kd,n_ASC,Kd,1.4166666666666667,0.26848527412884793,1,stable_homogeneous,-0.09602013452273757,-0.09999999999990858,-3.0
n_ASC_x_Kd,n_ASC,Kd,1.4166666666666667,0.3107232505953858,1,stable_homogeneous,-0.09631015302519176,-0.10000000000006448,-3.0
n_ASC_x_Kd,n_ASC,Kd,1.4166666666666667,0.3596060855621767,1,stable_homogeneous,-0.09655356115795509,-0.0999999999999706,-3.0
n_ASC_x_Kd,n_ASC,Kd,1.4166666666666667,0.41617914502878156,1,stable_homogeneous,-0.09675232623009623,-0.10000000000000192,-3.0
n_ASC_x_Kd,n_ASC,Kd,1.4166666666666667,0.4816522514798769,1,stable_homogeneous,-0.09690801571726797,-0.10000000000000211,-3.0
n_ASC_x_Kd,n_ASC,Kd,1.4166666666666667,0.5574255561017865,1,stable_homogeneous,-0.0970217611297881,-0.1000000000000333,-3.0
n_ASC_x_Kd,n_ASC,Kd,1.4166666666666667,0.645119481203894,1,stable_homogeneous,-0.097094216826275,-0.10000000000000187,-3.0
n_ASC_x_Kd,n_ASC,Kd,1.4166666666666667,0.7466093731676465,1,stable_homogeneous,-0.09712551944117233,-0.0999999999999711,-3.0
n_ASC_x_Kd,n_ASC,Kd,1.4166666666666667,0.8640656069811172,1,stable_homogeneous,-0.09711525584599322,-0.0999999999999394,-3.0
n_ASC_x_Kd,n_ASC,Kd,1.4166666666666667,1.0,1,stable_homogeneous,-0.09706244951888175,-0.10000000000000177,-3.0
n_ASC_x_Kd,n_ASC,Kd,1.625,0.03,1,stable_homogeneous,-0.05516619126337555,-0.09999999999999269,-3.0
n_ASC_x_Kd,n_ASC,Kd,1.625,0.03471958582498655,1,stable_homogeneous,-0.059337825188081963,-0.099999999999993,-3.0
n_ASC_x_Kd,n_ASC,Kd,1.625,0.040181654661953545,1,stable_homogeneous,-0.06340711708807376,-0.10000000000003965,-3.0
n_ASC_x_Kd,n_ASC,Kd,1.625,0.04650301358752224,1,stable_homogeneous,-0.06729384496835032,-0.10000000000007105,-3.0
n_ASC_x_Kd,n_ASC,Kd,1.625,0.05381884571241648,1,stable_homogeneous,-0.07093968172393163,-0.1000000000000392,-3.0
n_ASC_x_Kd,n_ASC,Kd,1.625,0.06228560109046508,1,stable_homogeneous,-0.07430769362236327,-0.10000000000003971,-3.0
n_ASC_x_Kd,n_ASC,Kd,1.625,0.07208434242404262,1,stable_homogeneous,-0.07737953225705924,-0.10000000000003946,-3.0
n_ASC_x_Kd,n_ASC,Kd,1.625,0.08342461711430889,1,stable_homogeneous,-0.0801515555651673,-0.10000000000000181,-3.0
n_ASC_x_Kd,n_ASC,Kd,1.625,0.09654893846056294,1,stable_homogeneous,-0.08263082372608224,-0.10000000000000799,-3.0
n_ASC_x_Kd,n_ASC,Kd,1.625,0.111737971839762,1,stable_homogeneous,-0.08483153497878027,-0.09999999999997074,-3.0
n_ASC_x_Kd,n_ASC,Kd,1.625,0.1293165367733516,1,stable_homogeneous,-0.08677214533268264,-0.10000000000003323,-3.0
n_ASC_x_Kd,n_ASC,Kd,1.625,0.1496605532364136,1,stable_homogeneous,-0.08847320450873657,-0.10000000000000198,-3.0
n_ASC_x_Kd,n_ASC,Kd,1.625,0.17320508075688767,1,stable_homogeneous,-0.08995582860490418,-0.10000000000003299,-3.0
n_ASC_x_Kd,n_ASC,Kd,1.625,0.20045362222208296,1,stable_homogeneous,-0.09124068745352423,-0.09999999999993951,-3.0
n_ASC_x_Kd,n_ASC,Kd,1.625,0.23198889135563464,1,stable_homogeneous,-0.09234738164918298,-0.1000000000000018,-3.0
n_ASC_x_Kd,n_ASC,Kd,1.625,0.26848527412884793,1,stable_homogeneous,-0.09329409932430374,-0.09999999999997083,-3.0
n_ASC_x_Kd,n_ASC,Kd,1.625,0.3107232505953858,1,stable_homogeneous,-0.09409746315059288,-0.10000000000000198,-3.0
n_ASC_x_Kd,n_ASC,Kd,1.625,0.3596060855621767,1,stable_homogeneous,-0.09477249749956985,-0.09999999999993925,-3.0
n_ASC_x_Kd,n_ASC,Kd,1.625,0.41617914502878156,1,stable_homogeneous,-0.09533266220222679,-0.0999999999999397,-3.0
n_ASC_x_Kd,n_ASC,Kd,1.625,0.4816522514798769,1,stable_homogeneous,-0.09578991334724885,-0.10000000000000216,-3.0
n_ASC_x_Kd,n_ASC,Kd,1.625,0.5574255561017865,1,stable_homogeneous,-0.09615476448620458,-0.09999999999997088,-3.0
n_ASC_x_Kd,n_ASC,Kd,1.625,0.645119481203894,1,stable_homogeneous,-0.09643633463106792,-0.09999999999997082,-3.0
n_ASC_x_Kd,n_ASC,Kd,1.625,0.7466093731676465,1,stable_homogeneous,-0.09664238241643933,-0.10000000000003309,-3.0
n_ASC_x_Kd,n_ASC,Kd,1.625,0.8640656069811172,1,stable_homogeneous,-0.09677933712490897,-0.10000000000000214,-3.0
n_ASC_x_Kd,n_ASC,Kd,1.625,1.0,1,stable_homogeneous,-0.09685234469727054,-0.10000000000003298,-3.0
n_ASC_x_Kd,n_ASC,Kd,1.8333333333333335,0.03,1,stable_homogeneous,-0.02561066433644647,-0.09999999999999849,-3.0
n_ASC_x_Kd,n_ASC,Kd,1.8333333333333335,0.03471958582498655,1,stable_homogeneous,-0.028331360756973876,-0.1000000000000007,-3.0
n_ASC_x_Kd,n_ASC,Kd,1.8333333333333335,0.040181654661953545,1,stable_homogeneous,-0.03195188710625133,-0.10000000000001678,-3.0
n_ASC_x_Kd,n_ASC,Kd,1.8333333333333335,0.04650301358752224,1,stable_homogeneous,-0.03641530120062885,-0.09999999999997691,-3.0
n_ASC_x_Kd,n_ASC,Kd,1.8333333333333335,0.05381884571241648,1,stable_homogeneous,-0.04158287248243256,-0.10000000000002332,-3.0
n_ASC_x_Kd,n_ASC,Kd,1.8333333333333335,0.06228560109046508,1,stable_homogeneous,-0.047235488242260315,-0.09999999999997691,-3.0
n_ASC_x_Kd,n_ASC,Kd,1.8333333333333335,0.07208434242404262,1,stable_homogeneous,-0.05310497259130805,-0.1000000000000078,-3.0
n_ASC_x_Kd,n_ASC,Kd,1.8333333333333335,0.08342461711430889,1,stable_homogeneous,-0.058922233034989835,-0.10000000000007071,-3.0
n_ASC_x_Kd,n_ASC,Kd,1.8333333333333335,0.09654893846056294,1,stable_homogeneous,-0.06446099778218169,-0.09999999999997657,-3.0
n_ASC_x_Kd,n_ASC,Kd,1.8333333333333335,0.111737971839762,1,stable_homogeneous,-0.06956209296759483,-0.10000000000003936,-3.0
n_ASC_x_Kd,n_ASC,Kd,1.8333333333333335,0.1293165367733516,1,stable_homogeneous,-0.07413623228919546,-0.10000000000003954,-3.0
n_ASC_x_Kd,n_ASC,Kd,1.8333333333333335,0.1496605532364136,1,stable_homogeneous,-0.07815248173907778,-0.0999999999999395,-3.0
n_ASC_x_Kd,n_ASC,Kd,1.8333333333333335,0.17320508075688767,1,stable_homogeneous,-0.08162134921980471,-0.10000000000007077,-3.0
n_ASC_x_Kd,n_ASC,Kd,1.8333333333333335,0.20045362222208296,1,stable_homogeneous,-0.0845787126128851,-0.10000000000000232,-3.0
n_ASC_x_Kd,n_ASC,Kd,1.8333333333333335,0.23198889135563464,1,stable_homogeneous,-0.08707333575620117,-0.10000000000000185,-3.0
n_ASC_x_Kd,n_ASC,Kd,1.8333333333333335,0.26848527412884793,1,stable_homogeneous,-0.08915837282359515,-0.1000000000000017,-3.0
n_ASC_x_Kd,n_ASC,Kd,1.8333333333333335,0.3107232505953858,1,stable_homogeneous,-0.0908861864272027,-0.10000000000000187,-3.0
n_ASC_x_Kd,n_ASC,Kd,1.8333333333333335,0.3596060855621767,1,stable_homogeneous,-0.09230554249801155,-0.10000000000006458,-3.0
n_ASC_x_Kd,n_ASC,Kd,1.8333333333333335,0.41617914502878156,1,stable_homogeneous,-0.09346034888641537,-0.10000000000006454,-3.0
n_ASC_x_Kd,n_ASC,Kd,1.8333333333333335,0.4816522514798769,1,stable_homogeneous,-0.09438931077963832,-0.10000000000000223,-3.0
n_ASC_x_Kd,n_ASC,Kd,1.8333333333333335,0.5574255561017865,1,stable_homogeneous,-0.09512607137099018,-0.09999999999997038,-3.0
n_ASC_x_Kd,n_ASC,Kd,1.8333333333333335,0.645119481203894,1,stable_homogeneous,-0.0956995612219623,-0.10000000000000225,-3.0
n_ASC_x_Kd,n_ASC,Kd,1.8333333333333335,0.7466093731676465,1,stable_homogeneous,-0.09613439835996726,-0.09999999999997095,-3.0
n_ASC_x_Kd,n_ASC,Kd,1.8333333333333335,0.8640656069811172,1,stable_homogeneous,-0.09645127179204813,-0.10000000000000214,-3.0
n_ASC_x_Kd,n_ASC,Kd,1.8333333333333335,1.0,1,stable_homogeneous,-0.09666730495861538,-0.09999999999997092,-3.0
n_ASC_x_Kd,n_ASC,Kd,2.041666666666667,0.03,0,no_positive_fixed_point,,,
n_ASC_x_Kd,n_ASC,Kd,2.041666666666667,0.03471958582498655,1,stable_homogeneous,-0.01731170769114372,-0.09999999999999787,-3.0
n_ASC_x_Kd,n_ASC,Kd,2.041666666666667,0.040181654661953545,1,stable_homogeneous,-0.01733501730491623,-0.09999999999999871,-3.0
n_ASC_x_Kd,n_ASC,Kd,2.041666666666667,0.04650301358752224,1,stable_homogeneous,-0.01781072990481951,-0.09999999999999566,-3.0
n_ASC_x_Kd,n_ASC,Kd,2.041666666666667,0.05381884571241648,1,stable_homogeneous,-0.019416812249485625,-0.10000000000000253,-3.0
n_ASC_x_Kd,n_ASC,Kd,2.041666666666667,0.06228560109046508,1,stable_homogeneous,-0.02233177027007423,-0.10000000000000236,-3.0
n_ASC_x_Kd,n_ASC,Kd,2.041666666666667,0.07208434242404262,1,stable_homogeneous,-0.026641813610035568,-0.09999999999998486,-3.0
n_ASC_x_Kd,n_ASC,Kd,2.041666666666667,0.08342461711430889,1,stable_homogeneous,-0.0323162262909312,-0.09999999999999308,-3.0
n_ASC_x_Kd,n_ASC,Kd,2.041666666666667,0.09654893846056294,1,stable_homogeneous,-0.03912700485917738,-0.10000000000003997,-3.0
n_ASC_x_Kd,n_ASC,Kd,2.041666666666667,0.111737971839762,1,stable_homogeneous,-0.046640966387624196,-0.09999999999999298,-3.0
n_ASC_x_Kd,n_ASC,Kd,2.041666666666667,0.1293165367733516,1,stable_homogeneous,-0.05431844203734995,-0.09999999999999284,-3.0
n_ASC_x_Kd,n_ASC,Kd,2.041666666666667,0.1496605532364136,1,stable_homogeneous,-0.06166077398436328,-0.10000000000000794,-3.0
n_ASC_x_Kd,n_ASC,Kd,2.041666666666667,0.17320508075688767,1,stable_homogeneous,-0.06831663765431695,-0.10000000000007034,-3.0
n_ASC_x_Kd,n_ASC,Kd,2.041666666666667,0.20045362222208296,1,stable_homogeneous,-0.07410772251181884,-0.10000000000000812,-3.0
n_ASC_x_Kd,n_ASC,Kd,2.041666666666667,0.23198889135563464,1,stable_homogeneous,-0.07899579857072944,-0.09999999999997049,-3.0
n_ASC_x_Kd,n_ASC,Kd,2.041666666666667,0.26848527412884793,1,stable_homogeneous,-0.08303111173815042,-0.10000000000003269,-3.0
n_ASC_x_Kd,n_ASC,Kd,2.041666666666667,0.3107232505953858,1,stable_homogeneous,-0.08630775586254086,-0.1000000000000015,-3.0
n_ASC_x_Kd,n_ASC,Kd,2.041666666666667,0.3596060855621767,1,stable_homogeneous,-0.08893386599583132,-0.09999999999997083,-3.0
n_ASC_x_Kd,n_ASC,Kd,2.041666666666667,0.41617914502878156,1,stable_homogeneous,-0.09101495995048135,-0.09999999999993914,-3.0
n_ASC_x_Kd,n_ASC,Kd,2.041666666666667,0.4816522514798769,1,stable_homogeneous,-0.09264618642195441,-0.10000000000003283,-3.0
n_ASC_x_Kd,n_ASC,Kd,2.041666666666667,0.5574255561017865,1,stable_homogeneous,-0.09390973551118173,-0.10000000000000184,-3.0
n_ASC_x_Kd,n_ASC,Kd,2.041666666666667,0.645119481203894,1,stable_homogeneous,-0.0948748642364281,-0.10000000000003297,-3.0
n_ASC_x_Kd,n_ASC,Kd,2.041666666666667,0.7466093731676465,1,stable_homogeneous,-0.09559902120319251,-0.09999999999993947,-3.0
n_ASC_x_Kd,n_ASC,Kd,2.041666666666667,0.8640656069811172,1,stable_homogeneous,-0.09612927322072184,-0.10000000000003333,-3.0
n_ASC_x_Kd,n_ASC,Kd,2.041666666666667,1.0,1,stable_homogeneous,-0.09650369941382717,-0.10000000000000198,-3.0
n_ASC_x_Kd,n_ASC,Kd,2.25,0.03,1,nonuniform_instability,0.04632587227929731,-0.09999999999999988,-3.0
n_ASC_x_Kd,n_ASC,Kd,2.25,0.03471958582498655,1,nonuniform_instability,0.029637733224201834,-0.10000000000000042,-3.0
n_ASC_x_Kd,n_ASC,Kd,2.25,0.040181654661953545,1,nonuniform_instability,0.013458842075990242,-0.09999999999999998,-3.0
n_ASC_x_Kd,n_ASC,Kd,2.25,0.04650301358752224,1,stable_homogeneous,-0.00022392766669796453,-0.10000000000000014,-3.0
n_ASC_x_Kd,n_ASC,Kd,2.25,0.05381884571241648,1,stable_homogeneous,-0.008947658607231186,-0.09999999999999998,-3.0
n_ASC_x_Kd,n_ASC,Kd,2.25,0.06228560109046508,1,stable_homogeneous,-0.011659951341768629,-0.09999999999999962,-3.0
n_ASC_x_Kd,n_ASC,Kd,2.25,0.07208434242404262,1,stable_homogeneous,-0.01253327334231678,-0.09999999999999923,-3.0
n_ASC_x_Kd,n_ASC,Kd,2.25,0.08342461711430889,1,stable_homogeneous,-0.014417133800062959,-0.09999999999999544,-3.0
n_ASC_x_Kd,n_ASC,Kd,2.25,0.09654893846056294,1,stable_homogeneous,-0.018006721328337864,-0.10000000000000273,-3.0
n_ASC_x_Kd,n_ASC,Kd,2.25,0.111737971839762,1,stable_homogeneous,-0.023564021318348165,-0.09999999999999304,-3.0
n_ASC_x_Kd,n_ASC,Kd,2.25,0.1293165367733516,1,stable_homogeneous,-0.031062280256665603,-0.09999999999999307,-3.0
n_ASC_x_Kd,n_ASC,Kd,2.25,0.1496605532364136,1,stable_homogeneous,-0.04003303658976786,-0.09999999999999329,-3.0
n_ASC_x_Kd,n_ASC,Kd,2.25,0.17320508075688767,1,stable_homogeneous,-0.049622144555825094,-0.10000000000000873,-3.0
n_ASC_x_Kd,n_ASC,Kd,2.25,0.20045362222208296,1,stable_homogeneous,-0.05890590697340964,-0.10000000000010198,-3.0
n_ASC_x_Kd,n_ASC,Kd,2.25,0.23198889135563464,1,stable_homogeneous,-0.06721032116777369,-0.10000000000003965,-3.0
n_ASC_x_Kd,n_ASC,Kd,2.25,0.26848527412884793,1,stable_homogeneous,-0.074219283348267,-0.10000000000000232,-3.0
n_ASC_x_Kd,n_ASC,Kd,2.25,0.3107232505953858,1,stable_homogeneous,-0.07990075111823906,-0.10000000000000797,-3.0
n_ASC_x_Kd,n_ASC,Kd,2.25,0.3596060855621767,1,stable_homogeneous,-0.08438101264566333,-0.10000000000000213,-3.0
n_ASC_x_Kd,n_ASC,Kd,2.25,0.41617914502878156,1,stable_homogeneous,-0.08784642422964672,-0.09999999999997072,-3.0
n_ASC_x_Kd,n_ASC,Kd,2.25,0.4816522514798769,1,stable_homogeneous,-0.09048771104423177,-0.10000000000003319,-3.0
n_ASC_x_Kd,n_ASC,Kd,2.25,0.5574255561017865,1,stable_homogeneous,-0.0924753404493589,-0.09999999999997077,-3.0
n_ASC_x_Kd,n_ASC,Kd,2.25,0.645119481203894,1,stable_homogeneous,-0.09395212368524912,-0.10000000000000224,-3.0
n_ASC_x_Kd,n_ASC,Kd,2.25,0.7466093731676465,1,stable_homogeneous,-0.09503371346434707,-0.10000000000000209,-3.0
n_ASC_x_Kd,n_ASC,Kd,2.25,0.8640656069811172,1,stable_homogeneous,-0.0958119405171687,-0.100000000000033,-3.0
n_ASC_x_Kd,n_ASC,Kd,2.25,1.0,1,stable_homogeneous,-0.0963586688240379,-0.10000000000000182,-3.0
n_ASC_x_Kd,n_ASC,Kd,2.4583333333333335,0.03,1,nonuniform_instability,0.11001502198996119,-0.09999999999999978,-3.0
n_ASC_x_Kd,n_ASC,Kd,2.4583333333333335,0.03471958582498655,1,nonuniform_instability,0.09670841380473445,-0.10000000000000006,-3.0
n_ASC_x_Kd,n_ASC,Kd,2.4583333333333335,0.040181654661953545,1,nonuniform_instability,0.08093108557819426,-0.10000000000000009,-3.0
n_ASC_x_Kd,n_ASC,Kd,2.4583333333333335,0.04650301358752224,1,nonuniform_instability,0.06265191432761177,-0.0999999999999997,-3.0
n_ASC_x_Kd,n_ASC,Kd,2.4583333333333335,0.05381884571241648,1,nonuniform_instability,0.042586424985452676,-0.10000000000000009,-3.0
n_ASC_x_Kd,n_ASC,Kd,2.4583333333333335,0.06228560109046508,1,nonuniform_instability,0.022657480626651544,-0.09999999999999948,-3.0
n_ASC_x_Kd,n_ASC,Kd,2.4583333333333335,0.07208434242404262,1,nonuniform_instability,0.0058861313689569945,-0.10000000000000031,-3.0
n_ASC_x_Kd,n_ASC,Kd,2.4583333333333335,0.08342461711430889,1,stable_homogeneous,-0.003987490812207931,-0.10000000000000053,-3.0
n_ASC_x_Kd,n_ASC,Kd,2.4583333333333335,0.09654893846056294,1,stable_homogeneous,-0.006954085608305655,-0.09999999999999748,-3.0
n_ASC_x_Kd,n_ASC,Kd,2.4583333333333335,0.111737971839762,1,stable_homogeneous,-0.00911495200330302,-0.10000000000000321,-3.0
n_ASC_x_Kd,n_ASC,Kd,2.4583333333333335,0.1293165367733516,1,stable_homogeneous,-0.013085796200999264,-0.09999999999999015,-3.0
n_ASC_x_Kd,n_ASC,Kd,2.4583333333333335,0.1496605532364136,1,stable_homogeneous,-0.019604826290354278,-0.09999999999999262,-3.0
n_ASC_x_Kd,n_ASC,Kd,2.4583333333333335,0.17320508075688767,1,stable_homogeneous,-0.028774726775425686,-0.09999999999999322,-3.0
n_ASC_x_Kd,n_ASC,Kd,2.4583333333333335,0.20045362222208296,1,stable_homogeneous,-0.039857926975088546,-0.09999999999999235,-3.0
n_ASC_x_Kd,n_ASC,Kd,2.4583333333333335,0.23198889135563464,1,stable_homogeneous,-0.05144140853214035,-0.10000000000003963,-3.0
n_ASC_x_Kd,n_ASC,Kd,2.4583333333333335,0.26848527412884793,1,stable_homogeneous,-0.06214387409329159,-0.10000000000000779,-3.0
n_ASC_x_Kd,n_ASC,Kd,2.4583333333333335,0.3107232505953858,1,stable_homogeneous,-0.07116711582574872,-0.10000000000010165,-3.0
n_ASC_x_Kd,n_ASC,Kd,2.4583333333333335,0.3596060855621767,1,stable_homogeneous,-0.07832064776991896,-0.10000000000003949,-3.0
n_ASC_x_Kd,n_ASC,Kd,2.4583333333333335,0.41617914502878156,1,stable_homogeneous,-0.0837736302969323,-0.10000000000000173,-3.0
n_ASC_x_Kd,n_ASC,Kd,2.4583333333333335,0.4816522514798769,1,stable_homogeneous,-0.08782688894844488,-0.10000000000000253,-3.0
n_ASC_x_Kd,n_ASC,Kd,2.4583333333333335,0.5574255561017865,1,stable_homogeneous,-0.0907875318179465,-0.1000000000000022,-3.0
n_ASC_x_Kd,n_ASC,Kd,2.4583333333333335,0.645119481203894,1,stable_homogeneous,-0.09292004577123213,-0.10000000000006441,-3.0
n_ASC_x_Kd,n_ASC,Kd,2.4583333333333335,0.7466093731676465,1,stable_homogeneous,-0.09443590365543937,-0.10000000000003338,-3.0
n_ASC_x_Kd,n_ASC,Kd,2.4583333333333335,0.8640656069811172,1,stable_homogeneous,-0.0954981487872863,-0.1000000000000332,-3.0
n_ASC_x_Kd,n_ASC,Kd,2.4583333333333335,1.0,1,stable_homogeneous,-0.0962299075159921,-0.10000000000006447,-3.0
n_ASC_x_Kd,n_ASC,Kd,2.666666666666667,0.03,1,nonuniform_instability,0.1541660339825462,-0.09999999999999985,-3.0
n_ASC_x_Kd,n_ASC,Kd,2.666666666666667,0.03471958582498655,1,nonuniform_instability,0.14495662024888895,-0.10000000000000002,-3.0
n_ASC_x_Kd,n_ASC,Kd,2.666666666666667,0.040181654661953545,1,nonuniform_instability,0.13385557928266364,-0.10000000000000024,-3.0
n_ASC_x_Kd,n_ASC,Kd,2.666666666666667,0.04650301358752224,1,nonuniform_instability,0.12037444419362715,-0.10000000000000019,-3.0
n_ASC_x_Kd,n_ASC,Kd,2.666666666666667,0.05381884571241648,1,nonuniform_instability,0.10396948738770596,-0.1,-3.0
n_ASC_x_Kd,n_ASC,Kd,2.666666666666667,0.06228560109046508,1,nonuniform_instability,0.08423166294709188,-0.09999999999999978,-3.0
n_ASC_x_Kd,n_ASC,Kd,2.666666666666667,0.07208434242404262,1,nonuniform_instability,0.06141891003953222,-0.10000000000000021,-3.0
n_ASC_x_Kd,n_ASC,Kd,2.666666666666667,0.08342461711430889,1,nonuniform_instability,0.03736477043244406,-0.10000000000000013,-3.0
n_ASC_x_Kd,n_ASC,Kd,2.666666666666667,0.09654893846056294,1,nonuniform_instability,0.015911025566905518,-0.09999999999999969,-3.0
n_ASC_x_Kd,n_ASC,Kd,2.666666666666667,0.111737971839762,1,nonuniform_instability,0.0022839253628449715,-0.1000000000000002,-3.0
n_ASC_x_Kd,n_ASC,Kd,2.666666666666667,0.1293165367733516,1,stable_homogeneous,-0.0023580703829125384,-0.09999999999999783,-3.0
n_ASC_x_Kd,n_ASC,Kd,2.666666666666667,0.1496605532364136,1,stable_homogeneous,-0.005775311203894141,-0.10000000000000764,-3.0
n_ASC_x_Kd,n_ASC,Kd,2.666666666666667,0.17320508075688767,1,stable_homogeneous,-0.011597276874603744,-0.0999999999999943,-3.0
n_ASC_x_Kd,n_ASC,Kd,2.666666666666667,0.20045362222208296,1,stable_homogeneous,-0.020841628058762794,-0.09999999999999279,-3.0
n_ASC_x_Kd,n_ASC,Kd,2.666666666666667,0.23198889135563464,1,stable_homogeneous,-0.03319361601960089,-0.09999999999999296,-3.0
n_ASC_x_Kd,n_ASC,Kd,2.666666666666667,0.26848527412884793,1,stable_homogeneous,-0.04689000913047655,-0.09999999999997719,-3.0
n_ASC_x_Kd,n_ASC,Kd,2.666666666666667,0.3107232505953858,1,stable_homogeneous,-0.05974784693750425,-0.10000000000007059,-3.0
n_ASC_x_Kd,n_ASC,Kd,2.666666666666667,0.3596060855621767,1,stable_homogeneous,-0.07041542492321984,-0.10000000000003945,-3.0
n_ASC_x_Kd,n_ASC,Kd,2.666666666666667,0.41617914502878156,1,stable_homogeneous,-0.07858907487554889,-0.09999999999993892,-3.0
n_ASC_x_Kd,n_ASC,Kd,2.666666666666667,0.4816522514798769,1,stable_homogeneous,-0.08456202635571432,-0.09999999999993979,-3.0
n_ASC_x_Kd,n_ASC,Kd,2.666666666666667,0.5574255561017865,1,stable_homogeneous,-0.08880560729982961,-0.10000000000006458,-3.0
n_ASC_x_Kd,n_ASC,Kd,2.666666666666667,0.645119481203894,1,stable_homogeneous,-0.09176607385362258,-0.09999999999993943,-3.0
n_ASC_x_Kd,n_ASC,Kd,2.666666666666667,0.7466093731676465,1,stable_homogeneous,-0.09380295467791953,-0.100000000000002,-3.0
n_ASC_x_Kd,n_ASC,Kd,2.666666666666667,0.8640656069811172,1,stable_homogeneous,-0.0951869762662271,-0.10000000000000145,-3.0
n_ASC_x_Kd,n_ASC,Kd,2.666666666666667,1.0,1,stable_homogeneous,-0.09611551984146402,-0.10000000000003303,-3.0
n_ASC_x_Kd,n_ASC,Kd,2.875,0.03,1,nonuniform_instability,0.1874668755243886,-0.10000000000000003,-3.0
n_ASC_x_Kd,n_ASC,Kd,2.875,0.03471958582498655,1,nonuniform_instability,0.18064606428258834,-0.1,-3.0
n_ASC_x_Kd,n_ASC,Kd,2.875,0.040181654661953545,1,nonuniform_instability,0.1724956848095677,-0.1,-3.0
n_ASC_x_Kd,n_ASC,Kd,2.875,0.04650301358752224,1,nonuniform_instability,0.16264803532625075,-0.1,-3.0
n_ASC_x_Kd,n_ASC,Kd,2.875,0.05381884571241648,1,nonuniform_instability,0.15061232009051698,-0.10000000000000027,-3.0
n_ASC_x_Kd,n_ASC,Kd,2.875,0.06228560109046508,1,nonuniform_instability,0.13575054854447596,-0.10000000000000009,-3.0
n_ASC_x_Kd,n_ASC,Kd,2.875,0.07208434242404262,1,nonuniform_instability,0.11730778485061631,-0.09999999999999959,-3.0
n_ASC_x_Kd,n_ASC,Kd,2.875,0.08342461711430889,1,nonuniform_instability,0.0946511706202641,-0.09999999999999985,-3.0
n_ASC_x_Kd,n_ASC,Kd,2.875,0.09654893846056294,1,nonuniform_instability,0.06806342300103434,-0.10000000000000014,-3.0
n_ASC_x_Kd,n_ASC,Kd,2.875,0.111737971839762,1,nonuniform_instability,0.04021353703658107,-0.10000000000000028,-3.0
n_ASC_x_Kd,n_ASC,Kd,2.875,0.1293165367733516,1,nonuniform_instability,0.01679450203720181,-0.09999999999999991,-3.0
n_ASC_x_Kd,n_ASC,Kd,2.875,0.1496605532364136,1,nonuniform_instability,0.004655098618960372,-0.09999999999999952,-3.0
n_ASC_x_Kd,n_ASC,Kd,2.875,0.17320508075688767,1,stable_homogeneous,-2.114636875200126e-05,-0.1000000000000018,-3.0
n_ASC_x_Kd,n_ASC,Kd,2.875,0.20045362222208296,1,stable_homogeneous,-0.005956620693264779,-0.10000000000000239,-3.0
n_ASC_x_Kd,n_ASC,Kd,2.875,0.23198889135563464,1,stable_homogeneous,-0.01586143087556127,-0.09999999999999251,-3.0
n_ASC_x_Kd,n_ASC,Kd,2.875,0.26848527412884793,1,stable_homogeneous,-0.02988924453305677,-0.09999999999999272,-3.0
n_ASC_x_Kd,n_ASC,Kd,2.875,0.3107232505953858,1,stable_homogeneous,-0.04576927452242594,-0.10000000000000797,-3.0
n_ASC_x_Kd,n_ASC,Kd,2.875,0.3596060855621767,1,stable_homogeneous,-0.06041391535023137,-0.10000000000003909,-3.0
n_ASC_x_Kd,n_ASC,Kd,2.875,0.41617914502878156,1,stable_homogeneous,-0.07207558506296734,-0.10000000000000796,-3.0
n_ASC_x_Kd,n_ASC,Kd,2.875,0.4816522514798769,1,stable_homogeneous,-0.08057786951005066,-0.10000000000007009,-3.0
n_ASC_x_Kd,n_ASC,Kd,2.875,0.5574255561017865,1,stable_homogeneous,-0.08648323765886909,-0.09999999999993973,-3.0
n_ASC_x_Kd,n_ASC,Kd,2.875,0.645119481203894,1,stable_homogeneous,-0.0904763005594616,-0.09999999999997088,-3.0
n_ASC_x_Kd,n_ASC,Kd,2.875,0.7466093731676465,1,stable_homogeneous,-0.09313213927823516,-0.10000000000006452,-3.0
n_ASC_x_Kd,n_ASC,Kd,2.875,0.8640656069811172,1,stable_homogeneous,-0.09487765425108943,-0.10000000000000209,-3.0
n_ASC_x_Kd,n_ASC,Kd,2.875,1.0,1,stable_homogeneous,-0.09601392202797365,-0.09999999999997047,-3.0
n_ASC_x_Kd,n_ASC,Kd,3.0833333333333335,0.03,1,nonuniform_instability,0.21498289516918728,-0.10000000000000009,-3.0
n_ASC_x_Kd,n_ASC,Kd,3.0833333333333335,0.03471958582498655,1,nonuniform_instability,0.2095960126039557,-0.10000000000000006,-3.0
n_ASC_x_Kd,n_ASC,Kd,3.0833333333333335,0.040181654661953545,1,nonuniform_instability,0.20321763352238176,-0.1,-3.0
n_ASC_x_Kd,n_ASC,Kd,3.0833333333333335,0.04650301358752224,1,nonuniform_instability,0.19558544022841762,-0.09999999999999991,-3.0
n_ASC_x_Kd,n_ASC,Kd,3.0833333333333335,0.05381884571241648,1,nonuniform_instability,0.18634332275696094,-0.10000000000000003,-3.0
n_ASC_x_Kd,n_ASC,Kd,3.0833333333333335,0.06228560109046508,1,nonuniform_instability,0.1750028490242769,-0.10000000000000009,-3.0
n_ASC_x_Kd,n_ASC,Kd,3.0833333333333335,0.07208434242404262,1,nonuniform_instability,0.160895203980702,-0.09999999999999996,-3.0
n_ASC_x_Kd,n_ASC,Kd,3.0833333333333335,0.08342461711430889,1,nonuniform_instability,0.14313539723958915,-0.10000000000000009,-3.0
n_ASC_x_Kd,n_ASC,Kd,3.0833333333333335,0.09654893846056294,1,nonuniform_instability,0.12069925919059131,-0.09999999999999978,-3.0
n_ASC_x_Kd,n_ASC,Kd,3.0833333333333335,0.111737971839762,1,nonuniform_instability,0.09295152670889392,-0.10000000000000002,-3.0
n_ASC_x_Kd,n_ASC,Kd,3.0833333333333335,0.1293165367733516,1,nonuniform_instability,0.06127391305282697,-0.09999999999999991,-3.0
n_ASC_x_Kd,n_ASC,Kd,3.0833333333333335,0.1496605532364136,1,nonuniform_instability,0.031215595125345726,-0.10000000000000049,-3.0
n_ASC_x_Kd,n_ASC,Kd,3.0833333333333335,0.17320508075688767,1,nonuniform_instability,0.011903789475031219,-0.09999999999999974,-3.0
n_ASC_x_Kd,n_ASC,Kd,3.0833333333333335,0.20045362222208296,1,nonuniform_instability,0.004726076948803463,-0.09999999999999966,-3.0
n_ASC_x_Kd,n_ASC,Kd,3.0833333333333335,0.23198889135563464,1,stable_homogeneous,-0.0021825288717784493,-0.1000000000000025,-3.0
n_ASC_x_Kd,n_ASC,Kd,3.0833333333333335,0.26848527412884793,1,stable_homogeneous,-0.01372585245673517,-0.10000000000000113,-3.0
n_ASC_x_Kd,n_ASC,Kd,3.0833333333333335,0.3107232505953858,1,stable_homogeneous,-0.030224799195706996,-0.10000000000002408,-3.0
n_ASC_x_Kd,n_ASC,Kd,3.0833333333333335,0.3596060855621767,1,stable_homogeneous,-0.048325406963932144,-0.10000000000007103,-3.0
n_ASC_x_Kd,n_ASC,Kd,3.0833333333333335,0.41617914502878156,1,stable_homogeneous,-0.06404389406941362,-0.10000000000007059,-3.0
n_ASC_x_Kd,n_ASC,Kd,3.0833333333333335,0.4816522514798769,1,stable_homogeneous,-0.0757497815020816,-0.09999999999997711,-3.0
n_ASC_x_Kd,n_ASC,Kd,3.0833333333333335,0.5574255561017865,1,stable_homogeneous,-0.08376843621076124,-0.09999999999993951,-3.0
n_ASC_x_Kd,n_ASC,Kd,3.0833333333333335,0.645119481203894,1,stable_homogeneous,-0.08903538635398425,-0.100000000000033,-3.0
n_ASC_x_Kd,n_ASC,Kd,3.0833333333333335,0.7466093731676465,1,stable_homogeneous,-0.09242062019818759,-0.1000000000000023,-3.0
n_ASC_x_Kd,n_ASC,Kd,3.0833333333333335,0.8640656069811172,1,stable_homogeneous,-0.09456953169845955,-0.10000000000003346,-3.0
n_ASC_x_Kd,n_ASC,Kd,3.0833333333333335,1.0,1,stable_homogeneous,-0.09592377289301675,-0.10000000000003313,-3.0
n_ASC_x_Kd,n_ASC,Kd,3.291666666666667,0.03,1,nonuniform_instability,0.2390749477684107,-0.10000000000000009,-3.0
n_ASC_x_Kd,n_ASC,Kd,3.291666666666667,0.03471958582498655,1,nonuniform_instability,0.2346148741969594,-0.10000000000000014,-3.0
n_ASC_x_Kd,n_ASC,Kd,3.291666666666667,0.040181654661953545,1,nonuniform_instability,0.2293707522392247,-0.10000000000000003,-3.0
n_ASC_x_Kd,n_ASC,Kd,3.291666666666667,0.04650301358752224,1,nonuniform_instability,0.22314641691688514,-0.09999999999999992,-3.0
n_ASC_x_Kd,n_ASC,Kd,3.291666666666667,0.05381884571241648,1,nonuniform_instability,0.21567744050233073,-0.09999999999999985,-3.0
n_ASC_x_Kd,n_ASC,Kd,3.291666666666667,0.06228560109046508,1,nonuniform_instability,0.20660088964420667,-0.09999999999999992,-3.0
n_ASC_x_Kd,n_ASC,Kd,3.291666666666667,0.07208434242404262,1,nonuniform_instability,0.19541046518575775,-0.09999999999999994,-3.0
n_ASC_x_Kd,n_ASC,Kd,3.291666666666667,0.08342461711430889,1,nonuniform_instability,0.1813933015512905,-0.10000000000000012,-3.0
n_ASC_x_Kd,n_ASC,Kd,3.291666666666667,0.09654893846056294,1,nonuniform_instability,0.16355739429476238,-0.09999999999999963,-3.0
n_ASC_x_Kd,n_ASC,Kd,3.291666666666667,0.111737971839762,1,nonuniform_instability,0.140622970082401,-0.09999999999999995,-3.0
n_ASC_x_Kd,n_ASC,Kd,3.291666666666667,0.1293165367733516,1,nonuniform_instability,0.11139983801681762,-0.09999999999999998,-3.0
n_ASC_x_Kd,n_ASC,Kd,3.291666666666667,0.1496605532364136,1,nonuniform_instability,0.07645947550670316,-0.09999999999999992,-3.0
n_ASC_x_Kd,n_ASC,Kd,3.291666666666667,0.17320508075688767,1,nonuniform_instability,0.04141205059873595,-0.09999999999999977,-3.0
n_ASC_x_Kd,n_ASC,Kd,3.291666666666667,0.20045362222208296,1,nonuniform_instability,0.01745224817273455,-0.09999999999999912,-3.0
n_ASC_x_Kd,n_ASC,Kd,3.291666666666667,0.23198889135563464,1,nonuniform_instability,0.008242965609966615,-0.10000000000000141,-3.0
n_ASC_x_Kd,n_ASC,Kd,3.291666666666667,0.26848527412884793,1,stable_homogeneous,-0.00043203934821052454,-0.09999999999999525,-3.0
n_ASC_x_Kd,n_ASC,Kd,3.291666666666667,0.3107232505953858,1,stable_homogeneous,-0.01489908596550781,-0.09999999999999278,-3.0
n_ASC_x_Kd,n_ASC,Kd,3.291666666666667,0.3596060855621767,1,stable_homogeneous,-0.034629870591602635,-0.10000000000000812,-3.0
n_ASC_x_Kd,n_ASC,Kd,3.291666666666667,0.41617914502878156,1,stable_homogeneous,-0.054399501234418356,-0.100000000000071,-3.0
n_ASC_x_Kd,n_ASC,Kd,3.291666666666667,0.4816522514798769,1,stable_homogeneous,-0.06995294127196784,-0.10000000000003947,-3.0
n_ASC_x_Kd,n_ASC,Kd,3.291666666666667,0.5574255561017865,1,stable_homogeneous,-0.08060395239199476,-0.09999999999997078,-3.0
n_ASC_x_Kd,n_ASC,Kd,3.291666666666667,0.645119481203894,1,stable_homogeneous,-0.08742649169622693,-0.10000000000000184,-3.0
n_ASC_x_Kd,n_ASC,Kd,3.291666666666667,0.7466093731676465,1,stable_homogeneous,-0.09166543359799915,-0.1000000000000016,-3.0
n_ASC_x_Kd,n_ASC,Kd,3.291666666666667,0.8640656069811172,1,stable_homogeneous,-0.09426204956929485,-0.10000000000000192,-3.0
n_ASC_x_Kd,n_ASC,Kd,3.291666666666667,1.0,1,stable_homogeneous,-0.09584392359192234,-0.10000000000000214,-3.0
n_ASC_x_Kd,n_ASC,Kd,3.5,0.03,1,nonuniform_instability,0.2609365697675591,-0.10000000000000006,-3.0
n_ASC_x_Kd,n_ASC,Kd,3.5,0.03471958582498655,1,nonuniform_instability,0.2571143969459527,-0.10000000000000023,-3.0
n_ASC_x_Kd,n_ASC,Kd,3.5,0.040181654661953545,1,nonuniform_instability,0.25264326013709765,-0.10000000000000006,-3.0
n_ASC_x_Kd,n_ASC,Kd,3.5,0.04650301358752224,1,nonuniform_instability,0.2473688294695423,-0.10000000000000009,-3.0
n_ASC_x_Kd,n_ASC,Kd,3.5,0.05381884571241648,1,nonuniform_instability,0.24108535311662235,-0.09999999999999998,-3.0
n_ASC_x_Kd,n_ASC,Kd,3.5,0.06228560109046508,1,nonuniform_instability,0.2335130946706056,-0.10000000000000007,-3.0
n_ASC_x_Kd,n_ASC,Kd,3.5,0.07208434242404262,1,nonuniform_instability,0.22426379374734914,-0.10000000000000013,-3.0
n_ASC_x_Kd,n_ASC,Kd,3.5,0.08342461711430889,1,nonuniform_instability,0.21278759839057948,-0.10000000000000013,-3.0
n_ASC_x_Kd,n_ASC,Kd,3.5,0.09654893846056294,1,nonuniform_instability,0.19829373475290898,-0.09999999999999987,-3.0
n_ASC_x_Kd,n_ASC,Kd,3.5,0.111737971839762,1,nonuniform_instability,0.17964628862903206,-0.09999999999999998,-3.0
n_ASC_x_Kd,n_ASC,Kd,3.5,0.1293165367733516,1,nonuniform_instability,0.15530014583712895,-0.09999999999999959,-3.0
n_ASC_x_Kd,n_ASC,Kd,3.5,0.1496605532364136,1,nonuniform_instability,0.12363579260006001,-0.10000000000000012,-3.0
n_ASC_x_Kd,n_ASC,Kd,3.5,0.17320508075688767,1,nonuniform_instability,0.08491554101886487,-0.09999999999999948,-3.0
n_ASC_x_Kd,n_ASC,Kd,3.5,0.20045362222208296,1,nonuniform_instability,0.04576654527203588,-0.09999999999999966,-3.0
n_ASC_x_Kd,n_ASC,Kd,3.5,0.23198889135563464,1,nonuniform_instability,0.020169159751660972,-0.1000000000000017,-3.0
n_ASC_x_Kd,n_ASC,Kd,3.5,0.26848527412884793,1,nonuniform_instability,0.010071102334496552,-0.09999999999999964,-3.0
n_ASC_x_Kd,n_ASC,Kd,3.5,0.3107232505953858,1,stable_homogeneous,-0.0014705518169732528,-0.09999999999999412,-3.0
n_ASC_x_Kd,n_ASC,Kd,3.5,0.3596060855621767,1,stable_homogeneous,-0.020349220728355186,-0.10000000000000843,-3.0
n_ASC_x_Kd,n_ASC,Kd,3.5,0.41617914502878156,1,stable_homogeneous,-0.043236317721075106,-0.1000000000000088,-3.0
n_ASC_x_Kd,n_ASC,Kd,3.5,0.4816522514798769,1,stable_homogeneous,-0.06307898391250027,-0.1000000000000392,-3.0
n_ASC_x_Kd,n_ASC,Kd,3.5,0.5574255561017865,1,stable_homogeneous,-0.07692833866138926,-0.10000000000010202,-3.0
n_ASC_x_Kd,n_ASC,Kd,3.5,0.645119481203894,1,stable_homogeneous,-0.08563123230705072,-0.09999999999997079,-3.0
n_ASC_x_Kd,n_ASC,Kd,3.5,0.7466093731676465,1,stable_homogeneous,-0.09086347475391363,-0.09999999999993961,-3.0
n_ASC_x_Kd,n_ASC,Kd,3.5,0.8640656069811172,1,stable_homogeneous,-0.09395472183691791,-0.0999999999999704,-3.0
n_ASC_x_Kd,n_ASC,Kd,3.5,1.0,1,stable_homogeneous,-0.09577338031219018,-0.1000000000000016,-3.0
n_ASC_x_Kd,n_ASC,Kd,3.7083333333333335,0.03,1,nonuniform_instability,0.28122958713100926,-0.10000000000000017,-3.0
n_ASC_x_Kd,n_ASC,Kd,3.7083333333333335,0.03471958582498655,1,nonuniform_instability,0.2778685708577137,-0.09999999999999995,-3.0
n_ASC_x_Kd,n_ASC,Kd,3.7083333333333335,0.040181654661953545,1,nonuniform_instability,0.2739515096684831,-0.10000000000000017,-3.0
n_ASC_x_Kd,n_ASC,Kd,3.7083333333333335,0.04650301358752224,1,nonuniform_instability,0.2693517587073861,-0.09999999999999995,-3.0
n_ASC_x_Kd,n_ASC,Kd,3.7083333333333335,0.05381884571241648,1,nonuniform_instability,0.26390228178622727,-0.09999999999999988,-3.0
n_ASC_x_Kd,n_ASC,Kd,3.7083333333333335,0.06228560109046508,1,nonuniform_instability,0.25737844300163154,-0.10000000000000019,-3.0
n_ASC_x_Kd,n_ASC,Kd,3.7083333333333335,0.07208434242404262,1,nonuniform_instability,0.24947160123118056,-0.1000000000000001,-3.0
n_ASC_x_Kd,n_ASC,Kd,3.7083333333333335,0.08342461711430889,1,nonuniform_instability,0.23974781407814075,-0.10000000000000003,-3.0
n_ASC_x_Kd,n_ASC,Kd,3.7083333333333335,0.09654893846056294,1,nonuniform_instability,0.2275826025497243,-0.09999999999999992,-3.0
n_ASC_x_Kd,n_ASC,Kd,3.7083333333333335,0.111737971839762,1,nonuniform_instability,0.21205963469368794,-0.10000000000000023,-3.0
n_ASC_x_Kd,n_ASC,Kd,3.7083333333333335,0.1293165367733516,1,nonuniform_instability,0.19182932093138128,-0.10000000000000021,-3.0
n_ASC_x_Kd,n_ASC,Kd,3.7083333333333335,0.1496605532364136,1,nonuniform_instability,0.16500251548041517,-0.09999999999999995,-3.0
n_ASC_x_Kd,n_ASC,Kd,3.7083333333333335,0.17320508075688767,1,nonuniform_instability,0.12956988696190339,-0.09999999999999987,-3.0
n_ASC_x_Kd,n_ASC,Kd,3.7083333333333335,0.20045362222208296,1,nonuniform_instability,0.08614849574669116,-0.09999999999999994,-3.0
n_ASC_x_Kd,n_ASC,Kd,3.7083333333333335,0.23198889135563464,1,nonuniform_instability,0.044081303421968004,-0.09999999999999978,-3.0
n_ASC_x_Kd,n_ASC,Kd,3.7083333333333335,0.26848527412884793,1,nonuniform_instability,0.02050233053607512,-0.10000000000000046,-3.0
n_ASC_x_Kd,n_ASC,Kd,3.7083333333333335,0.3107232505953858,1,nonuniform_instability,0.009548038850474085,-0.09999999999999577,-3.0
n_ASC_x_Kd,n_ASC,Kd,3.7083333333333335,0.3596060855621767,1,stable_homogeneous,-0.006757972165208088,-0.09999999999997745,-3.0
n_ASC_x_Kd,n_ASC,Kd,3.7083333333333335,0.41617914502878156,1,stable_homogeneous,-0.03092460867573649,-0.0999999999999935,-3.0
n_ASC_x_Kd,n_ASC,Kd,3.7083333333333335,0.4816522514798769,1,stable_homogeneous,-0.05506206914994603,-0.10000000000000787,-3.0
n_ASC_x_Kd,n_ASC,Kd,3.7083333333333335,0.5574255561017865,1,stable_homogeneous,-0.07267802354123716,-0.1000000000000083,-3.0
n_ASC_x_Kd,n_ASC,Kd,3.7083333333333335,0.645119481203894,1,stable_homogeneous,-0.08362967016697961,-0.10000000000003953,-3.0
n_ASC_x_Kd,n_ASC,Kd,3.7083333333333335,0.7466093731676465,1,stable_homogeneous,-0.09001148562753934,-0.10000000000003334,-3.0
n_ASC_x_Kd,n_ASC,Kd,3.7083333333333335,0.8640656069811172,1,stable_homogeneous,-0.09364712116436394,-0.0999999999999397,-3.0
n_ASC_x_Kd,n_ASC,Kd,3.7083333333333335,1.0,1,stable_homogeneous,-0.0957112760128486,-0.10000000000006438,-3.0
n_ASC_x_Kd,n_ASC,Kd,3.916666666666667,0.03,1,nonuniform_instability,0.3003507963656586,-0.10000000000000006,-3.0
n_ASC_x_Kd,n_ASC,Kd,3.916666666666667,0.03471958582498655,1,nonuniform_instability,0.2973361763948753,-0.10000000000000006,-3.0
n_ASC_x_Kd,n_ASC,Kd,3.916666666666667,0.040181654661953545,1,nonuniform_instability,0.2938323808504506,-0.09999999999999987,-3.0
n_ASC_x_Kd,n_ASC,Kd,3.916666666666667,0.04650301358752224,1,nonuniform_instability,0.28973194434244454,-0.09999999999999998,-3.0
n_ASC_x_Kd,n_ASC,Kd,3.916666666666667,0.05381884571241648,1,nonuniform_instability,0.28489447532373435,-0.10000000000000019,-3.0
n_ASC_x_Kd,n_ASC,Kd,3.916666666666667,0.06228560109046508,1,nonuniform_instability,0.27913308864858305,-0.09999999999999998,-3.0
n_ASC_x_Kd,n_ASC,Kd,3.916666666666667,0.07208434242404262,1,nonuniform_instability,0.27219370869270976,-0.09999999999999992,-3.0
n_ASC_x_Kd,n_ASC,Kd,3.916666666666667,0.08342461711430889,1,nonuniform_instability,0.2637227185887487,-0.09999999999999992,-3.0
n_ASC_x_Kd,n_ASC,Kd,3.916666666666667,0.09654893846056294,1,nonuniform_instability,0.25321525121131944,-0.09999999999999992,-3.0
n_ASC_x_Kd,n_ASC,Kd,3.916666666666667,0.111737971839762,1,nonuniform_instability,0.23993139538761693,-0.10000000000000003,-3.0
n_ASC_x_Kd,n_ASC,Kd,3.916666666666667,0.1293165367733516,1,nonuniform_instability,0.22276230924375634,-0.09999999999999987,-3.0
n_ASC_x_Kd,n_ASC,Kd,3.916666666666667,0.1496605532364136,1,nonuniform_instability,0.2000390026924544,-0.1000000000000001,-3.0
n_ASC_x_Kd,n_ASC,Kd,3.916666666666667,0.17320508075688767,1,nonuniform_instability,0.16940244024176201,-0.10000000000000012,-3.0
n_ASC_x_Kd,n_ASC,Kd,3.916666666666667,0.20045362222208296,1,nonuniform_instability,0.1285600804823236,-0.09999999999999998,-3.0
n_ASC_x_Kd,n_ASC,Kd,3.916666666666667,0.23198889135563464,1,nonuniform_instability,0.07979485246469432,-0.09999999999999945,-3.0
n_ASC_x_Kd,n_ASC,Kd,3.916666666666667,0.26848527412884793,1,nonuniform_instability,0.03776436085578232,-0.09999999999999931,-3.0
n_ASC_x_Kd,n_ASC,Kd,3.916666666666667,0.3107232505953858,1,nonuniform_instability,0.019202626853425768,-0.09999999999999884,-3.0
n_ASC_x_Kd,n_ASC,Kd,3.916666666666667,0.3596060855621767,1,nonuniform_instability,0.005207420093499175,-0.10000000000000225,-3.0
n_ASC_x_Kd,n_ASC,Kd,3.916666666666667,0.41617914502878156,1,stable_homogeneous,-0.018120753778244042,-0.09999999999999322,-3.0
n_ASC_x_Kd,n_ASC,Kd,3.916666666666667,0.4816522514798769,1,stable_homogeneous,-0.045913815101447104,-0.10000000000007091,-3.0
n_ASC_x_Kd,n_ASC,Kd,3.916666666666667,0.5574255561017865,1,stable_homogeneous,-0.06779079873260227,-0.1000000000000704,-3.0
n_ASC_x_Kd,n_ASC,Kd,3.916666666666667,0.645119481203894,1,stable_homogeneous,-0.0814003566757771,-0.10000000000010215,-3.0
n_ASC_x_Kd,n_ASC,Kd,3.916666666666667,0.7466093731676465,1,stable_homogeneous,-0.08910604382503043,-0.10000000000000206,-3.0
n_ASC_x_Kd,n_ASC,Kd,3.916666666666667,0.8640656069811172,1,stable_homogeneous,-0.09333886792380304,-0.10000000000006436,-3.0
n_ASC_x_Kd,n_ASC,Kd,3.916666666666667,1.0,1,stable_homogeneous,-0.09565684863135758,-0.09999999999997025,-3.0
n_ASC_x_Kd,n_ASC,Kd,4.125,0.03,1,nonuniform_instability,0.31855385803134983,-0.10000000000000017,-3.0
n_ASC_x_Kd,n_ASC,Kd,4.125,0.03471958582498655,1,nonuniform_instability,0.3158074274111714,-0.1000000000000002,-3.0
n_ASC_x_Kd,n_ASC,Kd,4.125,0.040181654661953545,1,nonuniform_instability,0.3126217347271064,-0.10000000000000009,-3.0
n_ASC_x_Kd,n_ASC,Kd,4.125,0.04650301358752224,1,nonuniform_instability,0.3089031404350811,-0.09999999999999998,-3.0
n_ASC_x_Kd,n_ASC,Kd,4.125,0.05381884571241648,1,nonuniform_instability,0.30453032339727626,-0.10000000000000003,-3.0
n_ASC_x_Kd,n_ASC,Kd,4.125,0.06228560109046508,1,nonuniform_instability,0.2993432400089894,-0.1,-3.0
n_ASC_x_Kd,n_ASC,Kd,4.125,0.07208434242404262,1,nonuniform_instability,0.29312641840376163,-0.10000000000000003,-3.0
n_ASC_x_Kd,n_ASC,Kd,4.125,0.08342461711430889,1,nonuniform_instability,0.28558301004944225,-0.09999999999999992,-3.0
n_ASC_x_Kd,n_ASC,Kd,4.125,0.09654893846056294,1,nonuniform_instability,0.27629338188994224,-0.10000000000000014,-3.0
n_ASC_x_Kd,n_ASC,Kd,4.125,0.111737971839762,1,nonuniform_instability,0.2646473634065283,-0.09999999999999996,-3.0
n_ASC_x_Kd,n_ASC,Kd,4.125,0.1293165367733516,1,nonuniform_instability,0.2497316725155331,-0.10000000000000002,-3.0
n_ASC_x_Kd,n_ASC,Kd,4.125,0.1496605532364136,1,nonuniform_instability,0.23014625466406502,-0.10000000000000006,-3.0
n_ASC_x_Kd,n_ASC,Kd,4.125,0.17320508075688767,1,nonuniform_instability,0.2037459572131107,-0.10000000000000026,-3.0
n_ASC_x_Kd,n_ASC,Kd,4.125,0.20045362222208296,1,nonuniform_instability,0.16755637444698257,-0.10000000000000009,-3.0
n_ASC_x_Kd,n_ASC,Kd,4.125,0.23198889135563464,1,nonuniform_instability,0.11951000759677505,-0.10000000000000024,-3.0
n_ASC_x_Kd,n_ASC,Kd,4.125,0.26848527412884793,1,nonuniform_instability,0.06633648559341249,-0.10000000000000016,-3.0
n_ASC_x_Kd,n_ASC,Kd,4.125,0.3107232505953858,1,nonuniform_instability,0.030535627808548276,-0.0999999999999989,-3.0
n_ASC_x_Kd,n_ASC,Kd,4.125,0.3596060855621767,1,nonuniform_instability,0.015419426381404481,-0.10000000000000267,-3.0
n_ASC_x_Kd,n_ASC,Kd,4.125,0.41617914502878156,1,stable_homogeneous,-0.005626735889515898,-0.09999999999997786,-3.0
n_ASC_x_Kd,n_ASC,Kd,4.125,0.4816522514798769,1,stable_homogeneous,-0.03576052009274202,-0.10000000000003964,-3.0
n_ASC_x_Kd,n_ASC,Kd,4.125,0.5574255561017865,1,stable_homogeneous,-0.062211152916688134,-0.10000000000003959,-3.0
n_ASC_x_Kd,n_ASC,Kd,4.125,0.645119481203894,1,stable_homogeneous,-0.07892044901231203,-0.10000000000010174,-3.0
n_ASC_x_Kd,n_ASC,Kd,4.125,0.7466093731676465,1,stable_homogeneous,-0.08814355287214228,-0.09999999999997082,-3.0
n_ASC_x_Kd,n_ASC,Kd,4.125,0.8640656069811172,1,stable_homogeneous,-0.09302962165457754,-0.1000000000000331,-3.0
n_ASC_x_Kd,n_ASC,Kd,4.125,1.0,1,stable_homogeneous,-0.09560942401219787,-0.10000000000003319,-3.0
n_ASC_x_Kd,n_ASC,Kd,4.333333333333334,0.03,1,nonuniform_instability,0.3360097837223176,-0.09999999999999998,-3.0
n_ASC_x_Kd,n_ASC,Kd,4.333333333333334,0.03471958582498655,1,nonuniform_instability,0.3334761033391184,-0.09999999999999985,-3.0
n_ASC_x_Kd,n_ASC,Kd,4.333333333333334,0.040181654661953545,1,nonuniform_instability,0.33054153835827677,-0.09999999999999987,-3.0
n_ASC_x_Kd,n_ASC,Kd,4.333333333333334,0.04650301358752224,1,nonuniform_instability,0.32712275349326353,-0.09999999999999995,-3.0
n_ASC_x_Kd,n_ASC,Kd,4.333333333333334,0.05381884571241648,1,nonuniform_instability,0.3231125453174293,-0.10000000000000006,-3.0
n_ASC_x_Kd,n_ASC,Kd,4.333333333333334,0.06228560109046508,1,nonuniform_instability,0.3183706062503688,-0.10000000000000006,-3.0
n_ASC_x_Kd,n_ASC,Kd,4.333333333333334,0.07208434242404262,1,nonuniform_instability,0.3127096685491282,-0.09999999999999992,-3.0
n_ASC_x_Kd,n_ASC,Kd,4.333333333333334,0.08342461711430889,1,nonuniform_instability,0.3058741529456412,-0.09999999999999998,-3.0
n_ASC_x_Kd,n_ASC,Kd,4.333333333333334,0.09654893846056294,1,nonuniform_instability,0.2975063088715492,-0.10000000000000021,-3.0
n_ASC_x_Kd,n_ASC,Kd,4.333333333333334,0.111737971839762,1,nonuniform_instability,0.2870909010552801,-0.10000000000000007,-3.0
n_ASC_x_Kd,n_ASC,Kd,4.333333333333334,0.1293165367733516,1,nonuniform_instability,0.27386236484440607,-0.09999999999999987,-3.0
n_ASC_x_Kd,n_ASC,Kd,4.333333333333334,0.1496605532364136,1,nonuniform_instability,0.2566467220044332,-0.09999999999999974,-3.0
n_ASC_x_Kd,n_ASC,Kd,4.333333333333334,0.17320508075688767,1,nonuniform_instability,0.2336011883447996,-0.09999999999999998,-3.0
n_ASC_x_Kd,n_ASC,Kd,4.333333333333334,0.20045362222208296,1,nonuniform_instability,0.2018790066514825,-0.10000000000000009,-3.0
n_ASC_x_Kd,n_ASC,Kd,4.333333333333334,0.23198889135563464,1,nonuniform_instability,0.15785973551052396,-0.09999999999999971,-3.0
n_ASC_x_Kd,n_ASC,Kd,4.333333333333334,0.26848527412884793,1,nonuniform_instability,0.10151849008530407,-0.10000000000000049,-3.0
n_ASC_x_Kd,n_ASC,Kd,4.333333333333334,0.3107232505953858,1,nonuniform_instability,0.04891239340363259,-0.09999999999999944,-3.0
n_ASC_x_Kd,n_ASC,Kd,4.333333333333334,0.3596060855621767,1,nonuniform_instability,0.024700556129863337,-0.09999999999999987,-3.0
n_ASC_x_Kd,n_ASC,Kd,4.333333333333334,0.41617914502878156,1,nonuniform_instability,0.005879247593417843,-0.10000000000000206,-3.0
n_ASC_x_Kd,n_ASC,Kd,4.333333333333334,0.4816522514798769,1,stable_homogeneous,-0.024867102160702655,-0.10000000000002354,-3.0
n_ASC_x_Kd,n_ASC,Kd,4.333333333333334,0.5574255561017865,1,stable_homogeneous,-0.055897782294451866,-0.10000000000010223,-3.0
n_ASC_x_Kd,n_ASC,Kd,4.333333333333334,0.645119481203894,1,stable_homogeneous,-0.07616592593843739,-0.10000000000003888,-3.0
n_ASC_x_Kd,n_ASC,Kd,4.333333333333334,0.7466093731676465,1,stable_homogeneous,-0.08712023372853497,-0.10000000000000196,-3.0
n_ASC_x_Kd,n_ASC,Kd,4.333333333333334,0.8640656069811172,1,stable_homogeneous,-0.09271907433057748,-0.10000000000003319,-3.0
n_ASC_x_Kd,n_ASC,Kd,4.333333333333334,1.0,1,stable_homogeneous,-0.09556840234499941,-0.09999999999993989,-3.0
n_ASC_x_Kd,n_ASC,Kd,4.541666666666667,0.03,1,nonuniform_instability,0.35283913222594954,-0.10000000000000021,-3.0
n_ASC_x_Kd,n_ASC,Kd,4.541666666666667,0.03471958582498655,1,nonuniform_instability,0.35047760566662867,-0.09999999999999998,-3.0
n_ASC_x_Kd,n_ASC,Kd,4.541666666666667,0.040181654661953545,0,no_positive_fixed_point,,,
n_ASC_x_Kd,n_ASC,Kd,4.541666666666667,0.04650301358752224,1,nonuniform_instability,0.3445671534214695,-0.10000000000000012,-3.0
n_ASC_x_Kd,n_ASC,Kd,4.541666666666667,0.05381884571241648,1,nonuniform_instability,0.3408463374351694,-0.1,-3.0
n_ASC_x_Kd,n_ASC,Kd,4.541666666666667,0.06228560109046508,1,nonuniform_instability,0.33645760761752713,-0.10000000000000017,-3.0
n_ASC_x_Kd,n_ASC,Kd,4.541666666666667,0.07208434242404262,1,nonuniform_instability,0.3312349058709257,-0.10000000000000012,-3.0
n_ASC_x_Kd,n_ASC,Kd,4.541666666666667,0.08342461711430889,1,nonuniform_instability,0.3249535004050139,-0.09999999999999996,-3.0
n_ASC_x_Kd,n_ASC,Kd,4.541666666666667,0.09654893846056294,1,nonuniform_instability,0.3173016815025751,-0.09999999999999998,-3.0
n_ASC_x_Kd,n_ASC,Kd,4.541666666666667,0.111737971839762,1,nonuniform_instability,0.3078347919040688,-0.10000000000000002,-3.0
n_ASC_x_Kd,n_ASC,Kd,4.541666666666667,0.1293165367733516,1,nonuniform_instability,0.29589811595327314,-0.10000000000000021,-3.0
n_ASC_x_Kd,n_ASC,Kd,4.541666666666667,0.1496605532364136,1,nonuniform_instability,0.2804938377571439,-0.09999999999999992,-3.0
n_ASC_x_Kd,n_ASC,Kd,4.541666666666667,0.17320508075688767,1,nonuniform_instability,0.26004955691871057,-0.10000000000000023,-3.0
n_ASC_x_Kd,n_ASC,Kd,4.541666666666667,0.20045362222208296,1,nonuniform_instability,0.23204287115043493,-0.10000000000000023,-3.0
n_ASC_x_Kd,n_ASC,Kd,4.541666666666667,0.23198889135563464,0,no_positive_fixed_point,,,
n_ASC_x_Kd,n_ASC,Kd,4.541666666666667,0.26848527412884793,1,nonuniform_instability,0.1382668784217561,-0.10000000000000055,-3.0
n_ASC_x_Kd,n_ASC,Kd,4.541666666666667,0.3107232505953858,1,nonuniform_instability,0.07586220004709718,-0.09999999999999944,-3.0
n_ASC_x_Kd,n_ASC,Kd,4.541666666666667,0.3596060855621767,1,nonuniform_instability,0.03501658657120011,-0.09999999999999823,-3.0
n_ASC_x_Kd,n_ASC,Kd,4.541666666666667,0.41617914502878156,1,nonuniform_instability,0.016099557185634963,-0.10000000000000218,-3.0
n_ASC_x_Kd,n_ASC,Kd,4.541666666666667,0.4816522514798769,1,stable_homogeneous,-0.013625686888345753,-0.09999999999999257,-3.0
n_ASC_x_Kd,n_ASC,Kd,4.541666666666667,0.5574255561017865,1,stable_homogeneous,-0.04883326321267858,-0.10000000000003946,-3.0
n_ASC_x_Kd,n_ASC,Kd,4.541666666666667,0.645119481203894,1,stable_homogeneous,-0.073111934849388,-0.100000000000039,-3.0
n_ASC_x_Kd,n_ASC,Kd,4.541666666666667,0.7466093731676465,1,stable_homogeneous,-0.08603211759042875,-0.09999999999997067,-3.0
n_ASC_x_Kd,n_ASC,Kd,4.541666666666667,0.8640656069811172,1,stable_homogeneous,-0.09240694499095083,-0.09999999999997075,-3.0
n_ASC_x_Kd,n_ASC,Kd,4.541666666666667,1.0,1,stable_homogeneous,-0.09553324725460956,-0.10000000000000171,-3.0
n_ASC_x_Kd,n_ASC,Kd,4.75,0.03,1,nonuniform_instability,0.36913018640160455,-0.10000000000000009,-3.0
n_ASC_x_Kd,n_ASC,Kd,4.75,0.03471958582498655,1,nonuniform_instability,0.36691026998705467,-0.09999999999999998,-3.0
n_ASC_x_Kd,n_ASC,Kd,4.75,0.040181654661953545,0,no_positive_fixed_point,,,
n_ASC_x_Kd,n_ASC,Kd,4.75,0.04650301358752224,1,nonuniform_instability,0.3613621174406405,-0.10000000000000017,-3.0
n_ASC_x_Kd,n_ASC,Kd,4.75,0.05381884571241648,1,nonuniform_instability,0.3578765711290743,-0.09999999999999995,-3.0
n_ASC_x_Kd,n_ASC,Kd,4.75,0.06228560109046508,1,nonuniform_instability,0.35377357314002944,-0.10000000000000006,-3.0
n_ASC_x_Kd,n_ASC,Kd,4.75,0.07208434242404262,1,nonuniform_instability,0.3489034191290877,-0.10000000000000017,-3.0
n_ASC_x_Kd,n_ASC,Kd,4.75,0.08342461711430889,1,nonuniform_instability,0.3430650187598532,-0.09999999999999998,-3.0
n_ASC_x_Kd,n_ASC,Kd,4.75,0.09654893846056294,1,nonuniform_instability,0.3359817491353761,-0.09999999999999995,-3.0
n_ASC_x_Kd,n_ASC,Kd,4.75,0.111737971839762,1,nonuniform_instability,0.32726252260623845,-0.09999999999999985,-3.0
n_ASC_x_Kd,n_ASC,Kd,4.75,0.1293165367733516,1,nonuniform_instability,0.3163368069172851,-0.09999999999999992,-3.0
n_ASC_x_Kd,n_ASC,Kd,4.75,0.1496605532364136,1,nonuniform_instability,0.3023423494724328,-0.10000000000000002,-3.0
n_ASC_x_Kd,n_ASC,Kd,4.75,0.17320508075688767,1,nonuniform_instability,0.28392589398524104,-0.09999999999999998,-3.0
n_ASC_x_Kd,n_ASC,Kd,4.75,0.20045362222208296,1,nonuniform_instability,0.258892259048015,-0.1000000000000002,-3.0
n_ASC_x_Kd,n_ASC,Kd,4.75,0.23198889135563464,0,no_positive_fixed_point,,,
n_ASC_x_Kd,n_ASC,Kd,4.75,0.26848527412884793,1,nonuniform_instability,0.17341817372915444,-0.09999999999999998,-3.0
n_ASC_x_Kd,n_ASC,Kd,4.75,0.3107232505953858,1,nonuniform_instability,0.10782475921971672,-0.09999999999999976,-3.0
n_ASC_x_Kd,n_ASC,Kd,4.75,0.3596060855621767,1,nonuniform_instability,0.049743720975413214,-0.10000000000000009,-3.0
n_ASC_x_Kd,n_ASC,Kd,4.75,0.41617914502878156,1,nonuniform_instability,0.025239031866043492,-0.0999999999999953,-3.0
n_ASC_x_Kd,n_ASC,Kd,4.75,0.4816522514798769,1,stable_homogeneous,-0.002493213572859777,-0.10000000000000865,-3.0
n_ASC_x_Kd,n_ASC,Kd,4.75,0.5574255561017865,1,stable_homogeneous,-0.041035161388988654,-0.10000000000007055,-3.0
n_ASC_x_Kd,n_ASC,Kd,4.75,0.645119481203894,1,stable_homogeneous,-0.0697333070145333,-0.10000000000003928,-3.0
n_ASC_x_Kd,n_ASC,Kd,4.75,0.7466093731676465,1,stable_homogeneous,-0.08487504012053285,-0.10000000000006454,-3.0
n_ASC_x_Kd,n_ASC,Kd,4.75,0.8640656069811172,1,stable_homogeneous,-0.09209297541180923,-0.10000000000000209,-3.0
n_ASC_x_Kd,n_ASC,Kd,4.75,1.0,1,stable_homogeneous,-0.09550347692438901,-0.10000000000006466,-3.0
n_ASC_x_Kd,n_ASC,Kd,4.958333333333334,0.03,1,nonuniform_instability,0.38494973824385886,-0.09999999999999998,-3.0
n_ASC_x_Kd,n_ASC,Kd,4.958333333333334,0.03471958582498655,1,nonuniform_instability,0.3828479200699159,-0.1000000000000002,-3.0
n_ASC_x_Kd,n_ASC,Kd,4.958333333333334,0.040181654661953545,0,no_positive_fixed_point,,,
n_ASC_x_Kd,n_ASC,Kd,4.958333333333334,0.04650301358752224,1,nonuniform_instability,0.37760047758740145,-0.10000000000000017,-3.0
n_ASC_x_Kd,n_ASC,Kd,4.958333333333334,0.05381884571241648,1,nonuniform_instability,0.3743091713649031,-0.0999999999999999,-3.0
n_ASC_x_Kd,n_ASC,Kd,4.958333333333334,0.06228560109046508,1,nonuniform_instability,0.3704410719339808,-0.0999999999999999,-3.0
n_ASC_x_Kd,n_ASC,Kd,4.958333333333334,0.07208434242404262,1,nonuniform_instability,0.3658593579559358,-0.10000000000000009,-3.0
n_ASC_x_Kd,n_ASC,Kd,4.958333333333334,0.08342461711430889,1,nonuniform_instability,0.3603814580513268,-0.10000000000000016,-3.0
n_ASC_x_Kd,n_ASC,Kd,4.958333333333334,0.09654893846056294,1,nonuniform_instability,0.353758077363596,-0.09999999999999985,-3.0
n_ASC_x_Kd,n_ASC,Kd,4.958333333333334,0.111737971839762,1,nonuniform_instability,0.3456396375685073,-0.09999999999999991,-3.0
n_ASC_x_Kd,n_ASC,Kd,4.958333333333334,0.1293165367733516,1,nonuniform_instability,0.33552063821656536,-0.10000000000000005,-3.0
n_ASC_x_Kd,n_ASC,Kd,4.958333333333334,0.1496605532364136,1,nonuniform_instability,0.32264386877514434,-0.09999999999999996,-3.0
n_ASC_x_Kd,n_ASC,Kd,4.958333333333334,0.17320508075688767,1,nonuniform_instability,0.3058294660036336,-0.1000000000000001,-3.0
n_ASC_x_Kd,n_ASC,Kd,4.958333333333334,0.20045362222208296,1,nonuniform_instability,0.2831636390342935,-0.10000000000000009,-3.0
n_ASC_x_Kd,n_ASC,Kd,4.958333333333334,0.23198889135563464,0,no_positive_fixed_point,,,
n_ASC_x_Kd,n_ASC,Kd,4.958333333333334,0.26848527412884793,1,nonuniform_instability,0.20569368734144683,-0.09999999999999964,-3.0
n_ASC_x_Kd,n_ASC,Kd,4.958333333333334,0.3107232505953858,1,nonuniform_instability,0.14139514486438276,-0.09999999999999987,-3.0
n_ASC_x_Kd,n_ASC,Kd,4.958333333333334,0.3596060855621767,1,nonuniform_instability,0.07116873924549608,-0.1,-3.0
n_ASC_x_Kd,n_ASC,Kd,4.958333333333334,0.41617914502878156,1,nonuniform_instability,0.03403864702376386,-0.1000000000000037,-3.0
n_ASC_x_Kd,n_ASC,Kd,4.958333333333334,0.4816522514798769,1,nonuniform_instability,0.008112909410467037,-0.09999999999998674,-3.0
n_ASC_x_Kd,n_ASC,Kd,4.958333333333334,0.5574255561017865,1,stable_homogeneous,-0.03256673225975348,-0.10000000000000858,-3.0
n_ASC_x_Kd,n_ASC,Kd,4.958333333333334,0.645119481203894,1,stable_homogeneous,-0.06600528152669076,-0.1000000000000708,-3.0
n_ASC_x_Kd,n_ASC,Kd,4.958333333333334,0.7466093731676465,1,stable_homogeneous,-0.08364463729580726,-0.09999999999993911,-3.0
n_ASC_x_Kd,n_ASC,Kd,4.958333333333334,0.8640656069811172,1,stable_homogeneous,-0.091776926583167,-0.1000000000000646,-3.0
n_ASC_x_Kd,n_ASC,Kd,4.958333333333334,1.0,1,stable_homogeneous,-0.09547865679935733,-0.09999999999997082,-3.0
n_ASC_x_Kd,n_ASC,Kd,5.166666666666667,0.03,1,nonuniform_instability,0.4003497654506818,-0.10000000000000014,-3.0
n_ASC_x_Kd,n_ASC,Kd,5.166666666666667,0.03471958582498655,1,nonuniform_instability,0.3983475895455238,-0.10000000000000006,-3.0
n_ASC_x_Kd,n_ASC,Kd,5.166666666666667,0.040181654661953545,0,no_positive_fixed_point,,,
n_ASC_x_Kd,n_ASC,Kd,5.166666666666667,0.04650301358752224,1,nonuniform_instability,0.3933528171525796,-0.0999999999999999,-3.0
n_ASC_x_Kd,n_ASC,Kd,5.166666666666667,0.05381884571241648,1,nonuniform_instability,0.3902239702103545,-0.10000000000000012,-3.0
n_ASC_x_Kd,n_ASC,Kd,5.166666666666667,0.06228560109046508,1,nonuniform_instability,0.38655161250085746,-0.1,-3.0
n_ASC_x_Kd,n_ASC,Kd,5.166666666666667,0.07208434242404262,1,nonuniform_instability,0.38220925947221257,-0.10000000000000009,-3.0
n_ASC_x_Kd,n_ASC,Kd,5.166666666666667,0.08342461711430889,1,nonuniform_instability,0.37702912307617054,-0.10000000000000003,-3.0
n_ASC_x_Kd,n_ASC,Kd,5.166666666666667,0.09654893846056294,1,nonuniform_instability,0.3707836068481922,-0.09999999999999992,-3.0
n_ASC_x_Kd,n_ASC,Kd,5.166666666666667,0.111737971839762,1,nonuniform_instability,0.36315591529655233,-0.09999999999999991,-3.0
n_ASC_x_Kd,n_ASC,Kd,5.166666666666667,0.1293165367733516,1,nonuniform_instability,0.3536916785345112,-0.10000000000000014,-3.0
n_ASC_x_Kd,n_ASC,Kd,5.166666666666667,0.1496605532364136,1,nonuniform_instability,0.3417161529630602,-0.09999999999999992,-3.0
n_ASC_x_Kd,n_ASC,Kd,5.166666666666667,0.17320508075688767,1,nonuniform_instability,0.32618663655236807,-0.09999999999999998,-3.0
n_ASC_x_Kd,n_ASC,Kd,5.166666666666667,0.20045362222208296,1,nonuniform_instability,0.30542021618374754,-0.10000000000000009,-3.0
n_ASC_x_Kd,n_ASC,Kd,5.166666666666667,0.23198889135563464,0,no_positive_fixed_point,,,
n_ASC_x_Kd,n_ASC,Kd,5.166666666666667,0.26848527412884793,1,nonuniform_instability,0.23496173999442557,-0.09999999999999987,-3.0
n_ASC_x_Kd,n_ASC,Kd,5.166666666666667,0.3107232505953858,0,no_positive_fixed_point,,,
n_ASC_x_Kd,n_ASC,Kd,5.166666666666667,0.3596060855621767,1,nonuniform_instability,0.09778135923776575,-0.09999999999999941,-3.0
n_ASC_x_Kd,n_ASC,Kd,5.166666666666667,0.41617914502878156,1,nonuniform_instability,0.04387830211053925,-0.10000000000000102,-3.0
n_ASC_x_Kd,n_ASC,Kd,5.166666666666667,0.4816522514798769,1,nonuniform_instability,0.01792385792250224,-0.10000000000000187,-3.0
n_ASC_x_Kd,n_ASC,Kd,5.166666666666667,0.5574255561017865,1,stable_homogeneous,-0.02354404551212563,-0.10000000000000837,-3.0
n_ASC_x_Kd,n_ASC,Kd,5.166666666666667,0.645119481203894,1,stable_homogeneous,-0.06190447847427792,-0.10000000000003928,-3.0
n_ASC_x_Kd,n_ASC,Kd,5.166666666666667,0.7466093731676465,1,stable_homogeneous,-0.0823363431616218,-0.10000000000003319,-3.0
n_ASC_x_Kd,n_ASC,Kd,5.166666666666667,0.8640656069811172,1,stable_homogeneous,-0.09145857581533878,-0.10000000000003365,-3.0
n_ASC_x_Kd,n_ASC,Kd,5.166666666666667,1.0,1,stable_homogeneous,-0.09545839353163155,-0.09999999999997095,-3.0
n_ASC_x_Kd,n_ASC,Kd,5.375,0.03,1,nonuniform_instability,0.4153717190638515,-0.10000000000000014,-3.0
n_ASC_x_Kd,n_ASC,Kd,5.375,0.03471958582498655,1,nonuniform_instability,0.4134544518599425,-0.09999999999999995,-3.0
n_ASC_x_Kd,n_ASC,Kd,5.375,0.040181654661953545,0,no_positive_fixed_point,,,
n_ASC_x_Kd,n_ASC,Kd,5.375,0.04650301358752224,1,nonuniform_instability,0.4086742099166057,-0.0999999999999999,-3.0
n_ASC_x_Kd,n_ASC,Kd,5.375,0.05381884571241648,1,nonuniform_instability,0.40568274486118416,-0.10000000000000006,-3.0
n_ASC_x_Kd,n_ASC,Kd,5.375,0.06228560109046508,1,nonuniform_instability,0.40217538208281006,-0.10000000000000009,-3.0
n_ASC_x_Kd,n_ASC,Kd,5.375,0.07208434242404262,1,nonuniform_instability,0.3980340625688316,-0.09999999999999987,-3.0
n_ASC_x_Kd,n_ASC,Kd,5.375,0.08342461711430889,1,nonuniform_instability,0.39310299387214026,-0.10000000000000012,-3.0
n_ASC_x_Kd,n_ASC,Kd,5.375,0.09654893846056294,1,nonuniform_instability,0.3871721002474681,-0.10000000000000006,-3.0
n_ASC_x_Kd,n_ASC,Kd,5.375,0.111737971839762,1,nonuniform_instability,0.3799509220443784,-0.10000000000000009,-3.0
n_ASC_x_Kd,n_ASC,Kd,5.375,0.1293165367733516,1,nonuniform_instability,0.3710259641582601,-0.0999999999999998,-3.0
n_ASC_x_Kd,n_ASC,Kd,5.375,0.1496605532364136,1,nonuniform_instability,0.3597881804826202,-0.09999999999999998,-3.0
n_ASC_x_Kd,n_ASC,Kd,5.375,0.17320508075688767,1,nonuniform_instability,0.3453042796908393,-0.10000000000000009,-3.0
n_ASC_x_Kd,n_ASC,Kd,5.375,0.20045362222208296,1,nonuniform_instability,0.3260785441128421,-0.09999999999999987,-3.0
n_ASC_x_Kd,n_ASC,Kd,5.375,0.23198889135563464,0,no_positive_fixed_point,,,
n_ASC_x_Kd,n_ASC,Kd,5.375,0.26848527412884793,0,no_positive_fixed_point,,,
n_ASC_x_Kd,n_ASC,Kd,5.375,0.3107232505953858,1,nonuniform_instability,0.20510399738606125,-0.09999999999999985,-3.0
n_ASC_x_Kd,n_ASC,Kd,5.375,0.3596060855621767,1,nonuniform_instability,0.1271490440539228,-0.10000000000000019,-3.0
n_ASC_x_Kd,n_ASC,Kd,5.375,0.41617914502878156,1,nonuniform_instability,0.05680526383096532,-0.10000000000000112,-3.0
n_ASC_x_Kd,n_ASC,Kd,5.375,0.4816522514798769,1,nonuniform_instability,0.026892612006089257,-0.09999999999999429,-3.0
n_ASC_x_Kd,n_ASC,Kd,5.375,0.5574255561017865,1,stable_homogeneous,-0.014135469660899545,-0.09999999999997754,-3.0
n_ASC_x_Kd,n_ASC,Kd,5.375,0.645119481203894,1,stable_homogeneous,-0.05741015542877048,-0.10000000000003956,-3.0
n_ASC_x_Kd,n_ASC,Kd,5.375,0.7466093731676465,1,stable_homogeneous,-0.08094538983087832,-0.10000000000003278,-3.0
n_ASC_x_Kd,n_ASC,Kd,5.375,0.8640656069811172,1,stable_homogeneous,-0.09113771434299142,-0.10000000000000164,-3.0
n_ASC_x_Kd,n_ASC,Kd,5.375,1.0,1,stable_homogeneous,-0.09544232991362303,-0.10000000000003297,-3.0
n_ASC_x_Kd,n_ASC,Kd,5.583333333333334,0.03,0,no_positive_fixed_point,,,
n_ASC_x_Kd,n_ASC,Kd,5.583333333333334,0.03471958582498655,1,nonuniform_instability,0.42820507207709324,-0.10000000000000006,-3.0
n_ASC_x_Kd,n_ASC,Kd,5.583333333333334,0.040181654661953545,0,no_positive_fixed_point,,,
n_ASC_x_Kd,n_ASC,Kd,5.583333333333334,0.04650301358752224,1,nonuniform_instability,0.4236086119540384,-0.09999999999999995,-3.0
n_ASC_x_Kd,n_ASC,Kd,5.583333333333334,0.05381884571241648,1,nonuniform_instability,0.4207344196355731,-0.09999999999999998,-3.0
n_ASC_x_Kd,n_ASC,Kd,5.583333333333334,0.06228560109046508,1,nonuniform_instability,0.41736750309355697,-0.10000000000000031,-3.0
n_ASC_x_Kd,n_ASC,Kd,5.583333333333334,0.07208434242404262,1,nonuniform_instability,0.41339676496723615,-0.10000000000000014,-3.0
n_ASC_x_Kd,n_ASC,Kd,5.583333333333334,0.08342461711430889,1,nonuniform_instability,0.40867628472491424,-0.10000000000000017,-3.0
n_ASC_x_Kd,n_ASC,Kd,5.583333333333334,0.09654893846056294,1,nonuniform_instability,0.4030103431119232,-0.10000000000000006,-3.0
n_ASC_x_Kd,n_ASC,Kd,5.583333333333334,0.111737971839762,1,nonuniform_instability,0.3961299582737104,-0.09999999999999998,-3.0
n_ASC_x_Kd,n_ASC,Kd,5.583333333333334,0.1293165367733516,1,nonuniform_instability,0.38765480926884416,-0.09999999999999998,-3.0
n_ASC_x_Kd,n_ASC,Kd,5.583333333333334,0.1496605532364136,1,nonuniform_instability,0.37702894358104744,-0.09999999999999996,-3.0
n_ASC_x_Kd,n_ASC,Kd,5.583333333333334,0.17320508075688767,1,nonuniform_instability,0.3634073359265197,-0.09999999999999976,-3.0
n_ASC_x_Kd,n_ASC,Kd,5.583333333333334,0.20045362222208296,1,nonuniform_instability,0.34544627401885336,-0.09999999999999987,-3.0
n_ASC_x_Kd,n_ASC,Kd,5.583333333333334,0.23198889135563464,0,no_positive_fixed_point,,,
n_ASC_x_Kd,n_ASC,Kd,5.583333333333334,0.26848527412884793,1,nonuniform_instability,0.28585767807286394,-0.10000000000000014,-3.0
n_ASC_x_Kd,n_ASC,Kd,5.583333333333334,0.3107232505953858,1,nonuniform_instability,0.2336528499424881,-0.10000000000000032,-3.0
n_ASC_x_Kd,n_ASC,Kd,5.583333333333334,0.3596060855621767,1,nonuniform_instability,0.15732645818325214,-0.10000000000000009,-3.0
n_ASC_x_Kd,n_ASC,Kd,5.583333333333334,0.41617914502878156,1,nonuniform_instability,0.07440428744858012,-0.09999999999999952,-3.0
n_ASC_x_Kd,n_ASC,Kd,5.583333333333334,0.4816522514798769,1,nonuniform_instability,0.03522134502672834,-0.09999999999999543,-3.0
n_ASC_x_Kd,n_ASC,Kd,5.583333333333334,0.5574255561017865,1,stable_homogeneous,-0.004549957603005027,-0.10000000000000865,-3.0
n_ASC_x_Kd,n_ASC,Kd,5.583333333333334,0.645119481203894,1,stable_homogeneous,-0.05250576469056018,-0.10000000000007112,-3.0
n_ASC_x_Kd,n_ASC,Kd,5.583333333333334,0.7466093731676465,1,stable_homogeneous,-0.07946681015157592,-0.10000000000000189,-3.0
n_ASC_x_Kd,n_ASC,Kd,5.583333333333334,0.8640656069811172,1,stable_homogeneous,-0.09081414532587648,-0.10000000000006416,-3.0
n_ASC_x_Kd,n_ASC,Kd,5.583333333333334,1.0,1,stable_homogeneous,-0.0954301406045739,-0.10000000000006429,-3.0
n_ASC_x_Kd,n_ASC,Kd,5.791666666666667,0.03,1,nonuniform_instability,0.44441073043633533,-0.10000000000000003,-3.0
n_ASC_x_Kd,n_ASC,Kd,5.791666666666667,0.03471958582498655,1,nonuniform_instability,0.44262961438526793,-0.10000000000000012,-3.0
n_ASC_x_Kd,n_ASC,Kd,5.791666666666667,0.040181654661953545,1,nonuniform_instability,0.4405739233192253,-0.10000000000000012,-3.0
n_ASC_x_Kd,n_ASC,Kd,5.791666666666667,0.04650301358752224,1,nonuniform_instability,0.4381918097676955,-0.10000000000000003,-3.0
n_ASC_x_Kd,n_ASC,Kd,5.791666666666667,0.05381884571241648,1,nonuniform_instability,0.4354185361136816,-0.1000000000000002,-3.0
n_ASC_x_Kd,n_ASC,Kd,5.791666666666667,0.06228560109046508,1,nonuniform_instability,0.43217217788801005,-0.09999999999999976,-3.0
n_ASC_x_Kd,n_ASC,Kd,5.791666666666667,0.07208434242404262,1,nonuniform_instability,0.428347457940002,-0.09999999999999994,-3.0
n_ASC_x_Kd,n_ASC,Kd,5.791666666666667,0.08342461711430889,1,nonuniform_instability,0.423806680285607,-0.10000000000000012,-3.0
n_ASC_x_Kd,n_ASC,Kd,5.791666666666667,0.09654893846056294,1,nonuniform_instability,0.41836604065459926,-0.10000000000000006,-3.0
n_ASC_x_Kd,n_ASC,Kd,5.791666666666667,0.111737971839762,1,nonuniform_instability,0.41177430708030904,-0.10000000000000003,-3.0
n_ASC_x_Kd,n_ASC,Kd,5.791666666666667,0.1293165367733516,1,nonuniform_instability,0.40367845010949016,-0.09999999999999998,-3.0
n_ASC_x_Kd,n_ASC,Kd,5.791666666666667,0.1496605532364136,1,nonuniform_instability,0.39356600224314686,-0.09999999999999998,-3.0
n_ASC_x_Kd,n_ASC,Kd,5.791666666666667,0.17320508075688767,1,nonuniform_instability,0.38066400003272033,-0.1000000000000002,-3.0
n_ASC_x_Kd,n_ASC,Kd,5.791666666666667,0.20045362222208296,1,nonuniform_instability,0.3637530159703545,-0.1000000000000002,-3.0
n_ASC_x_Kd,n_ASC,Kd,5.791666666666667,0.23198889135563464,0,no_positive_fixed_point,,,
n_ASC_x_Kd,n_ASC,Kd,5.791666666666667,0.26848527412884793,0,no_positive_fixed_point,,,
n_ASC_x_Kd,n_ASC,Kd,5.791666666666667,0.3107232505953858,1,nonuniform_instability,0.25993969564930225,-0.1000000000000001,-3.0
n_ASC_x_Kd,n_ASC,Kd,5.791666666666667,0.3596060855621767,1,nonuniform_instability,0.18694205645400488,-0.09999999999999953,-3.0
n_ASC_x_Kd,n_ASC,Kd,5.791666666666667,0.41617914502878156,1,nonuniform_instability,0.09623240082289303,-0.09999999999999987,-3.0
n_ASC_x_Kd,n_ASC,Kd,5.791666666666667,0.4816522514798769,1,nonuniform_instability,0.043370969588039175,-0.09999999999999595,-3.0
n_ASC_x_Kd,n_ASC,Kd,5.791666666666667,0.5574255561017865,1,nonuniform_instability,0.004986772123947289,-0.09999999999997701,-3.0
n_ASC_x_Kd,n_ASC,Kd,5.791666666666667,0.645119481203894,1,stable_homogeneous,-0.04718079755829742,-0.10000000000013272,-3.0
n_ASC_x_Kd,n_ASC,Kd,5.791666666666667,0.7466093731676465,1,stable_homogeneous,-0.07789544353886893,-0.09999999999993939,-3.0
n_ASC_x_Kd,n_ASC,Kd,5.791666666666667,0.8640656069811172,1,stable_homogeneous,-0.09048768216901398,-0.10000000000006427,-3.0
n_ASC_x_Kd,n_ASC,Kd,5.791666666666667,1.0,1,stable_homogeneous,-0.09542152850007839,-0.1000000000000021,-3.0
n_ASC_x_Kd,n_ASC,Kd,6.0,0.03,1,nonuniform_instability,0.458479446790832,-0.09999999999999978,-3.0
n_ASC_x_Kd,n_ASC,Kd,6.0,0.03471958582498655,1,nonuniform_instability,0.4567533789469954,-0.1,-3.0
n_ASC_x_Kd,n_ASC,Kd,6.0,0.040181654661953545,1,nonuniform_instability,0.45476133486606307,-0.10000000000000003,-3.0
n_ASC_x_Kd,n_ASC,Kd,6.0,0.04650301358752224,1,nonuniform_instability,0.4524534523083987,-0.09999999999999987,-3.0
n_ASC_x_Kd,n_ASC,Kd,6.0,0.05381884571241648,1,nonuniform_instability,0.4497676307536549,-0.10000000000000009,-3.0
n_ASC_x_Kd,n_ASC,Kd,6.0,0.06228560109046508,1,nonuniform_instability,0.44662551091946995,-0.09999999999999998,-3.0
n_ASC_x_Kd,n_ASC,Kd,6.0,0.07208434242404262,1,nonuniform_instability,0.4429267305790783,-0.10000000000000017,-3.0
n_ASC_x_Kd,n_ASC,Kd,6.0,0.08342461711430889,1,nonuniform_instability,0.4385405201093187,-0.10000000000000023,-3.0
n_ASC_x_Kd,n_ASC,Kd,6.0,0.09654893846056294,1,nonuniform_instability,0.43329307513695553,-0.1,-3.0
n_ASC_x_Kd,n_ASC,Kd,6.0,0.111737971839762,1,nonuniform_instability,0.4269480048463061,-0.10000000000000023,-3.0
n_ASC_x_Kd,n_ASC,Kd,6.0,0.1293165367733516,1,nonuniform_instability,0.41917500424968474,-0.09999999999999998,-3.0
n_ASC_x_Kd,n_ASC,Kd,6.0,0.1496605532364136,1,nonuniform_instability,0.4094976575808459,-0.09999999999999998,-3.0
n_ASC_x_Kd,n_ASC,Kd,6.0,0.17320508075688767,1,nonuniform_instability,0.39720251887128344,-0.09999999999999998,-3.0
n_ASC_x_Kd,n_ASC,Kd,6.0,0.20045362222208296,1,nonuniform_instability,0.3811726928589028,-0.09999999999999998,-3.0
n_ASC_x_Kd,n_ASC,Kd,6.0,0.23198889135563464,0,no_positive_fixed_point,,,
n_ASC_x_Kd,n_ASC,Kd,6.0,0.26848527412884793,1,nonuniform_instability,0.32917808741240767,-0.10000000000000026,-3.0
n_ASC_x_Kd,n_ASC,Kd,6.0,0.3107232505953858,1,nonuniform_instability,0.2842024011539394,-0.09999999999999973,-3.0
n_ASC_x_Kd,n_ASC,Kd,6.0,0.3596060855621767,1,nonuniform_instability,0.21521003974261926,-0.1000000000000002,-3.0
n_ASC_x_Kd,n_ASC,Kd,6.0,0.41617914502878156,1,nonuniform_instability,0.12083223567430583,-0.10000000000000031,-3.0
n_ASC_x_Kd,n_ASC,Kd,6.0,0.4816522514798769,1,nonuniform_instability,0.05208764781487644,-0.10000000000000095,-3.0
n_ASC_x_Kd,n_ASC,Kd,6.0,0.5574255561017865,1,nonuniform_instability,0.01426472856273634,-0.10000000000000847,-3.0
n_ASC_x_Kd,n_ASC,Kd,6.0,0.645119481203894,1,stable_homogeneous,-0.04143285186936019,-0.10000000000003931,-3.0
n_ASC_x_Kd,n_ASC,Kd,6.0,0.7466093731676465,1,stable_homogeneous,-0.07622594554719986,-0.09999999999997095,-3.0
n_ASC_x_Kd,n_ASC,Kd,6.0,0.8640656069811172,1,stable_homogeneous,-0.09015814710189031,-0.10000000000003356,-3.0
n_ASC_x_Kd,n_ASC,Kd,6.0,1.0,1,stable_homogeneous,-0.09541622162752461,-0.0999999999999705,-3.0
lam_N_x_n_ASC,lam_N,n_ASC,0.2,1.0,1,stable_homogeneous,-0.09979875398803434,-0.09999999999997075,-3.0
lam_N_x_n_ASC,lam_N,n_ASC,0.2,1.2083333333333333,1,stable_homogeneous,-0.09979719939222763,-0.10000000000000193,-3.0
lam_N_x_n_ASC,lam_N,n_ASC,0.2,1.4166666666666667,1,stable_homogeneous,-0.09979983527849719,-0.09999999999997077,-3.0
lam_N_x_n_ASC,lam_N,n_ASC,0.2,1.625,1,stable_homogeneous,-0.099805211501056,-0.09999999999997068,-3.0
lam_N_x_n_ASC,lam_N,n_ASC,0.2,1.8333333333333335,1,stable_homogeneous,-0.09981233866830883,-0.10000000000000238,-3.0
lam_N_x_n_ASC,lam_N,n_ASC,0.2,2.041666666666667,1,stable_homogeneous,-0.09982053199686859,-0.10000000000000188,-3.0
lam_N_x_n_ASC,lam_N,n_ASC,0.2,2.25,0,no_positive_fixed_point,,,
lam_N_x_n_ASC,lam_N,n_ASC,0.2,2.4583333333333335,1,stable_homogeneous,-0.09983835228453633,-0.10000000000000192,-3.0
lam_N_x_n_ASC,lam_N,n_ASC,0.2,2.666666666666667,1,stable_homogeneous,-0.09984741503206591,-0.09999999999993975,-3.0
lam_N_x_n_ASC,lam_N,n_ASC,0.2,2.875,1,stable_homogeneous,-0.0998563436653045,-0.10000000000003287,-3.0
lam_N_x_n_ASC,lam_N,n_ASC,0.2,3.0833333333333335,1,stable_homogeneous,-0.09986503125237257,-0.10000000000003356,-3.0
lam_N_x_n_ASC,lam_N,n_ASC,0.2,3.291666666666667,1,stable_homogeneous,-0.09987340804412521,-0.10000000000003317,-3.0
lam_N_x_n_ASC,lam_N,n_ASC,0.2,3.5,1,stable_homogeneous,-0.09988143093782133,-0.10000000000003334,-3.0
lam_N_x_n_ASC,lam_N,n_ASC,0.2,3.7083333333333335,1,stable_homogeneous,-0.09988907585661373,-0.10000000000000155,-3.0
lam_N_x_n_ASC,lam_N,n_ASC,0.2,3.916666666666667,1,stable_homogeneous,-0.09989633221627608,-0.09999999999997054,-3.0
lam_N_x_n_ASC,lam_N,n_ASC,0.2,4.125,1,stable_homogeneous,-0.09990319890053126,-0.09999999999993933,-3.0
lam_N_x_n_ASC,lam_N,n_ASC,0.2,4.333333333333334,1,stable_homogeneous,-0.09990968133430228,-0.09999999999997085,-3.0
lam_N_x_n_ASC,lam_N,n_ASC,0.2,4.541666666666667,1,stable_homogeneous,-0.09991578935977996,-0.10000000000003328,-3.0
lam_N_x_n_ASC,lam_N,n_ASC,0.2,4.75,1,stable_homogeneous,-0.09992153570106056,-0.10000000000006457,-3.0
lam_N_x_n_ASC,lam_N,n_ASC,0.2,4.958333333333334,1,stable_homogeneous,-0.09992693486083201,-0.10000000000003316,-3.0
lam_N_x_n_ASC,lam_N,n_ASC,0.2,5.166666666666667,1,stable_homogeneous,-0.09993200233388065,-0.10000000000003319,-3.0
lam_N_x_n_ASC,lam_N,n_ASC,0.2,5.375,1,stable_homogeneous,-0.09993675405255661,-0.09999999999997114,-3.0
lam_N_x_n_ASC,lam_N,n_ASC,0.2,5.583333333333334,1,stable_homogeneous,-0.09994120600139036,-0.1000000000000329,-3.0
lam_N_x_n_ASC,lam_N,n_ASC,0.2,5.791666666666667,1,stable_homogeneous,-0.09994537395445273,-0.10000000000000236,-3.0
lam_N_x_n_ASC,lam_N,n_ASC,0.2,6.0,1,stable_homogeneous,-0.09994927330117144,-0.09999999999993972,-3.0
lam_N_x_n_ASC,lam_N,n_ASC,0.23540756358974316,1.0,1,stable_homogeneous,-0.09976955094343729,-0.09999999999997072,-3.0
lam_N_x_n_ASC,lam_N,n_ASC,0.23540756358974316,1.2083333333333333,1,stable_homogeneous,-0.09975744181132072,-0.09999999999997047,-3.0
lam_N_x_n_ASC,lam_N,n_ASC,0.23540756358974316,1.4166666666666667,1,stable_homogeneous,-0.09975052083951963,-0.10000000000003298,-3.0
lam_N_x_n_ASC,lam_N,n_ASC,0.23540756358974316,1.625,1,stable_homogeneous,-0.09974748760140344,-0.10000000000000196,-3.0
lam_N_x_n_ASC,lam_N,n_ASC,0.23540756358974316,1.8333333333333335,1,stable_homogeneous,-0.09974738555545522,-0.10000000000003324,-3.0
lam_N_x_n_ASC,lam_N,n_ASC,0.23540756358974316,2.041666666666667,1,stable_homogeneous,-0.09974949592204993,-0.10000000000000213,-3.0
lam_N_x_n_ASC,lam_N,n_ASC,0.23540756358974316,2.25,0,no_positive_fixed_point,,,
lam_N_x_n_ASC,lam_N,n_ASC,0.23540756358974316,2.4583333333333335,1,stable_homogeneous,-0.09975828527476567,-0.10000000000003285,-3.0
lam_N_x_n_ASC,lam_N,n_ASC,0.23540756358974316,2.666666666666667,1,stable_homogeneous,-0.09976421198926658,-0.10000000000000178,-3.0
lam_N_x_n_ASC,lam_N,n_ASC,0.23540756358974316,2.875,1,stable_homogeneous,-0.09977079309050446,-0.10000000000000202,-3.0
lam_N_x_n_ASC,lam_N,n_ASC,0.23540756358974316,3.0833333333333335,1,stable_homogeneous,-0.09977782679416138,-0.09999999999993948,-3.0
lam_N_x_n_ASC,lam_N,n_ASC,0.23540756358974316,3.291666666666667,1,stable_homogeneous,-0.0997851546205096,-0.10000000000003346,-3.0
lam_N_x_n_ASC,lam_N,n_ASC,0.23540756358974316,3.5,1,stable_homogeneous,-0.09979265214299325,-0.10000000000003381,-3.0
lam_N_x_n_ASC,lam_N,n_ASC,0.23540756358974316,3.7083333333333335,1,stable_homogeneous,-0.09980022187172284,-0.10000000000000168,-3.0
lam_N_x_n_ASC,lam_N,n_ASC,0.23540756358974316,3.916666666666667,1,stable_homogeneous,-0.09980778771920332,-0.1000000000000018,-3.0
lam_N_x_n_ASC,lam_N,n_ASC,0.23540756358974316,4.125,1,stable_homogeneous,-0.09981529065793944,-0.1000000000000019,-3.0
lam_N_x_n_ASC,lam_N,n_ASC,0.23540756358974316,4.333333333333334,1,stable_homogeneous,-0.09982268528831192,-0.09999999999997074,-3.0
lam_N_x_n_ASC,lam_N,n_ASC,0.23540756358974316,4.541666666666667,1,stable_homogeneous,-0.09982993710984908,-0.10000000000003326,-3.0
lam_N_x_n_ASC,lam_N,n_ASC,0.23540756358974316,4.75,1,stable_homogeneous,-0.09983702034141803,-0.10000000000000175,-3.0
lam_N_x_n_ASC,lam_N,n_ASC,0.23540756358974316,4.958333333333334,1,stable_homogeneous,-0.09984391617345446,-0.09999999999997054,-3.0
lam_N_x_n_ASC,lam_N,n_ASC,0.23540756358974316,5.166666666666667,1,stable_homogeneous,-0.09985061136257205,-0.10000000000000206,-3.0
lam_N_x_n_ASC,lam_N,n_ASC,0.23540756358974316,5.375,1,stable_homogeneous,-0.09985709709916359,-0.1000000000000026,-3.0
lam_N_x_n_ASC,lam_N,n_ASC,0.23540756358974316,5.583333333333334,1,stable_homogeneous,-0.09986336809371059,-0.10000000000003308,-3.0
lam_N_x_n_ASC,lam_N,n_ASC,0.23540756358974316,5.791666666666667,1,stable_homogeneous,-0.09986942183901437,-0.10000000000006425,-3.0
lam_N_x_n_ASC,lam_N,n_ASC,0.23540756358974316,6.0,1,stable_homogeneous,-0.09987525801439935,-0.09999999999997095,-3.0
lam_N_x_n_ASC,lam_N,n_ASC,0.2770836049762948,1.0,1,stable_homogeneous,-0.09973329670485888,-0.09999999999993954,-3.0
lam_N_x_n_ASC,lam_N,n_ASC,0.2770836049762948,1.2083333333333333,1,stable_homogeneous,-0.09970544820649124,-0.10000000000000192,-3.0
lam_N_x_n_ASC,lam_N,n_ASC,0.2770836049762948,1.4166666666666667,1,stable_homogeneous,-0.09968279367425308,-0.09999999999993973,-3.0
lam_N_x_n_ASC,lam_N,n_ASC,0.2770836049762948,1.625,1,stable_homogeneous,-0.099664420777858,-0.10000000000000162,-3.0
lam_N_x_n_ASC,lam_N,n_ASC,0.2770836049762948,1.8333333333333335,1,stable_homogeneous,-0.09964962309833116,-0.10000000000000195,-3.0
lam_N_x_n_ASC,lam_N,n_ASC,0.2770836049762948,2.041666666666667,1,stable_homogeneous,-0.09963783997662294,-0.09999999999993978,-3.0
lam_N_x_n_ASC,lam_N,n_ASC,0.2770836049762948,2.25,1,stable_homogeneous,-0.09962861771466291,-0.0999999999999393,-3.0
lam_N_x_n_ASC,lam_N,n_ASC,0.2770836049762948,2.4583333333333335,1,stable_homogeneous,-0.09962158342112143,-0.10000000000000159,-3.0
lam_N_x_n_ASC,lam_N,n_ASC,0.2770836049762948,2.666666666666667,1,stable_homogeneous,-0.09961642672897675,-0.09999999999993937,-3.0
lam_N_x_n_ASC,lam_N,n_ASC,0.2770836049762948,2.875,1,stable_homogeneous,-0.0996128866210808,-0.09999999999993966,-3.0
lam_N_x_n_ASC,lam_N,n_ASC,0.2770836049762948,3.0833333333333335,1,stable_homogeneous,-0.09961074168849371,-0.09999999999997083,-3.0
lam_N_x_n_ASC,lam_N,n_ASC,0.2770836049762948,3.291666666666667,1,stable_homogeneous,-0.09960980276585904,-0.10000000000003312,-3.0
lam_N_x_n_ASC,lam_N,n_ASC,0.2770836049762948,3.5,1,stable_homogeneous,-0.09960990725624623,-0.09999999999997104,-3.0
lam_N_x_n_ASC,lam_N,n_ASC,0.2770836049762948,3.7083333333333335,1,stable_homogeneous,-0.09961091468424865,-0.09999999999997072,-3.0
lam_N_x_n_ASC,lam_N,n_ASC,0.2770836049762948,3.916666666666667,1,stable_homogeneous,-0.09961270316015847,-0.09999999999997077,-3.0
lam_N_x_n_ASC,lam_N,n_ASC,0.2770836049762948,4.125,1,stable_homogeneous,-0.09961516653206057,-0.09999999999990841,-3.0
lam_N_x_n_ASC,lam_N,n_ASC,0.2770836049762948,4.333333333333334,1,stable_homogeneous,-0.09961821206566426,-0.09999999999993965,-3.0
lam_N_x_n_ASC,lam_N,n_ASC,0.2770836049762948,4.541666666666667,1,stable_homogeneous,-0.09962175853483808,-0.09999999999997079,-3.0
lam_N_x_n_ASC,lam_N,n_ASC,0.2770836049762948,4.75,1,stable_homogeneous,-0.09962573463580479,-0.10000000000000202,-3.0
lam_N_x_n_ASC,lam_N,n_ASC,0.2770836049762948,4.958333333333334,1,stable_homogeneous,-0.09963007765952385,-0.10000000000003355,-3.0
lam_N_x_n_ASC,lam_N,n_ASC,0.2770836049762948,5.166666666666667,1,stable_homogeneous,-0.09963473237213087,-0.09999999999993962,-3.0
lam_N_x_n_ASC,lam_N,n_ASC,0.2770836049762948,5.375,1,stable_homogeneous,-0.09963965006463056,-0.0999999999999705,-3.0
lam_N_x_n_ASC,lam_N,n_ASC,0.2770836049762948,5.583333333333334,1,stable_homogeneous,-0.09964478774157003,-0.10000000000000167,-3.0
lam_N_x_n_ASC,lam_N,n_ASC,0.2770836049762948,5.791666666666667,1,stable_homogeneous,-0.09965010742468965,-0.10000000000000218,-3.0
lam_N_x_n_ASC,lam_N,n_ASC,0.2770836049762948,6.0,1,stable_homogeneous,-0.09965557555241392,-0.10000000000000249,-3.0
lam_N_x_n_ASC,lam_N,n_ASC,0.32613788179066194,1.0,1,stable_homogeneous,-0.09968795445406403,-0.10000000000000177,-3.0
lam_N_x_n_ASC,lam_N,n_ASC,0.32613788179066194,1.2083333333333333,1,stable_homogeneous,-0.0996367374543764,-0.10000000000000199,-3.0
lam_N_x_n_ASC,lam_N,n_ASC,0.32613788179066194,1.4166666666666667,1,stable_homogeneous,-0.09958849191159584,-0.0999999999999397,-3.0
lam_N_x_n_ASC,lam_N,n_ASC,0.32613788179066194,1.625,1,stable_homogeneous,-0.09954280944092088,-0.09999999999997063,-3.0
lam_N_x_n_ASC,lam_N,n_ASC,0.32613788179066194,1.8333333333333335,1,stable_homogeneous,-0.09949936919115274,-0.10000000000000231,-3.0
lam_N_x_n_ASC,lam_N,n_ASC,0.32613788179066194,2.041666666666667,1,stable_homogeneous,-0.09945791353177452,-0.10000000000000213,-3.0
lam_N_x_n_ASC,lam_N,n_ASC,0.32613788179066194,2.25,1,stable_homogeneous,-0.09941823179960689,-0.10000000000000236,-3.0
lam_N_x_n_ASC,lam_N,n_ASC,0.32613788179066194,2.4583333333333335,1,stable_homogeneous,-0.09938014906027172,-0.10000000000009567,-3.0
lam_N_x_n_ASC,lam_N,n_ASC,0.32613788179066194,2.666666666666667,1,stable_homogeneous,-0.09934351811271948,-0.100000000000002,-3.0
lam_N_x_n_ASC,lam_N,n_ASC,0.32613788179066194,2.875,1,stable_homogeneous,-0.09930821366073452,-0.10000000000000188,-3.0
lam_N_x_n_ASC,lam_N,n_ASC,0.32613788179066194,3.0833333333333335,1,stable_homogeneous,-0.09927412797359507,-0.09999999999997072,-3.0
lam_N_x_n_ASC,lam_N,n_ASC,0.32613788179066194,3.291666666666667,1,stable_homogeneous,-0.09924116759533137,-0.10000000000003322,-3.0
lam_N_x_n_ASC,lam_N,n_ASC,0.32613788179066194,3.5,1,stable_homogeneous,-0.09920925080830523,-0.09999999999997101,-3.0
lam_N_x_n_ASC,lam_N,n_ASC,0.32613788179066194,3.7083333333333335,1,stable_homogeneous,-0.09917830564976395,-0.1000000000000023,-3.0
lam_N_x_n_ASC,lam_N,n_ASC,0.32613788179066194,3.916666666666667,1,stable_homogeneous,-0.09914826834065117,-0.1000000000000333,-3.0
lam_N_x_n_ASC,lam_N,n_ASC,0.32613788179066194,4.125,1,stable_homogeneous,-0.09911908202643079,-0.10000000000003344,-3.0
lam_N_x_n_ASC,lam_N,n_ASC,0.32613788179066194,4.333333333333334,1,stable_homogeneous,-0.09909069575729065,-0.1000000000000018,-3.0
lam_N_x_n_ASC,lam_N,n_ASC,0.32613788179066194,4.541666666666667,1,stable_homogeneous,-0.09906306365428467,-0.09999999999997125,-3.0
lam_N_x_n_ASC,lam_N,n_ASC,0.32613788179066194,4.75,1,stable_homogeneous,-0.09903614422152161,-0.09999999999997086,-3.0
lam_N_x_n_ASC,lam_N,n_ASC,0.32613788179066194,4.958333333333334,1,stable_homogeneous,-0.09900989977427772,-0.10000000000000198,-3.0
lam_N_x_n_ASC,lam_N,n_ASC,0.32613788179066194,5.166666666666667,1,stable_homogeneous,-0.09898429595995632,-0.10000000000003276,-3.0
lam_N_x_n_ASC,lam_N,n_ASC,0.32613788179066194,5.375,1,stable_homogeneous,-0.09895930135406555,-0.10000000000003298,-3.0
lam_N_x_n_ASC,lam_N,n_ASC,0.32613788179066194,5.583333333333334,1,stable_homogeneous,-0.09893488711743824,-0.1000000000000021,-3.0
lam_N_x_n_ASC,lam_N,n_ASC,0.32613788179066194,5.791666666666667,1,stable_homogeneous,-0.09891102670340834,-0.09999999999993989,-3.0
lam_N_x_n_ASC,lam_N,n_ASC,0.32613788179066194,6.0,1,stable_homogeneous,-0.09888769560670638,-0.10000000000000181,-3.0
lam_N_x_n_ASC,lam_N,n_ASC,0.3838766207332969,1.0,1,stable_homogeneous,-0.09963085890025096,-0.09999999999997021,-3.0
lam_N_x_n_ASC,lam_N,n_ASC,0.3838766207332969,1.2083333333333333,1,stable_homogeneous,-0.09954508325608065,-0.10000000000003338,-3.0
lam_N_x_n_ASC,lam_N,n_ASC,0.3838766207332969,1.4166666666666667,1,stable_homogeneous,-0.0994556468717619,-0.10000000000000184,-3.0
lam_N_x_n_ASC,lam_N,n_ASC,0.3838766207332969,1.625,1,stable_homogeneous,-0.0993622915403298,-0.10000000000003315,-3.0
lam_N_x_n_ASC,lam_N,n_ASC,0.3838766207332969,1.8333333333333335,1,stable_homogeneous,-0.09926475606652334,-0.09999999999997067,-3.0
lam_N_x_n_ASC,lam_N,n_ASC,0.3838766207332969,2.041666666666667,1,stable_homogeneous,-0.09916277386432601,-0.0999999999999704,-3.0
lam_N_x_n_ASC,lam_N,n_ASC,0.3838766207332969,2.25,1,stable_homogeneous,-0.09905607098827188,-0.10000000000003309,-3.0
lam_N_x_n_ASC,lam_N,n_ASC,0.3838766207332969,2.4583333333333335,1,stable_homogeneous,-0.09894436446135692,-0.10000000000000199,-3.0
lam_N_x_n_ASC,lam_N,n_ASC,0.3838766207332969,2.666666666666667,1,stable_homogeneous,-0.0988273608065726,-0.10000000000000155,-3.0
lam_N_x_n_ASC,lam_N,n_ASC,0.3838766207332969,2.875,1,stable_homogeneous,-0.09870475471748782,-0.10000000000000168,-3.0
lam_N_x_n_ASC,lam_N,n_ASC,0.3838766207332969,3.0833333333333335,1,stable_homogeneous,-0.09857622782202664,-0.10000000000000198,-3.0
lam_N_x_n_ASC,lam_N,n_ASC,0.3838766207332969,3.291666666666667,1,stable_homogeneous,-0.09844144750619348,-0.09999999999997113,-3.0
lam_N_x_n_ASC,lam_N,n_ASC,0.3838766207332969,3.5,1,stable_homogeneous,-0.0983000657730381,-0.09999999999993946,-3.0
lam_N_x_n_ASC,lam_N,n_ASC,0.3838766207332969,3.7083333333333335,1,stable_homogeneous,-0.09815171811840812,-0.09999999999997043,-3.0
lam_N_x_n_ASC,lam_N,n_ASC,0.3838766207332969,3.916666666666667,1,stable_homogeneous,-0.0979960224088643,-0.09999999999997106,-3.0
lam_N_x_n_ASC,lam_N,n_ASC,0.3838766207332969,4.125,1,stable_homogeneous,-0.09783257775069176,-0.09999999999997078,-3.0
lam_N_x_n_ASC,lam_N,n_ASC,0.3838766207332969,4.333333333333334,1,stable_homogeneous,-0.09766096334077845,-0.09999999999997063,-3.0
lam_N_x_n_ASC,lam_N,n_ASC,0.3838766207332969,4.541666666666667,1,stable_homogeneous,-0.09748073729185261,-0.10000000000003287,-3.0
lam_N_x_n_ASC,lam_N,n_ASC,0.3838766207332969,4.75,1,stable_homogeneous,-0.09729143542606314,-0.10000000000003328,-3.0
lam_N_x_n_ASC,lam_N,n_ASC,0.3838766207332969,4.958333333333334,1,stable_homogeneous,-0.09709257003126456,-0.0999999999999707,-3.0
lam_N_x_n_ASC,lam_N,n_ASC,0.3838766207332969,5.166666666666667,1,stable_homogeneous,-0.09688362857568407,-0.09999999999993947,-3.0
lam_N_x_n_ASC,lam_N,n_ASC,0.3838766207332969,5.375,1,stable_homogeneous,-0.09666407237666001,-0.09999999999997097,-3.0
lam_N_x_n_ASC,lam_N,n_ASC,0.3838766207332969,5.583333333333334,1,stable_homogeneous,-0.09643333522007254,-0.09999999999997089,-3.0
lam_N_x_n_ASC,lam_N,n_ASC,0.3838766207332969,5.791666666666667,1,stable_homogeneous,-0.09619082192700243,-0.09999999999997052,-3.0
lam_N_x_n_ASC,lam_N,n_ASC,0.3838766207332969,6.0,1,stable_homogeneous,-0.09593590686480953,-0.09999999999997035,-3.0
lam_N_x_n_ASC,lam_N,n_ASC,0.45183730002944655,1.0,1,stable_homogeneous,-0.09955851515682633,-0.10000000000000173,-3.0
lam_N_x_n_ASC,lam_N,n_ASC,0.45183730002944655,1.2083333333333333,1,stable_homogeneous,-0.09942183009110436,-0.10000000000000177,-3.0
lam_N_x_n_ASC,lam_N,n_ASC,0.45183730002944655,1.4166666666666667,1,stable_homogeneous,-0.09926674332644962,-0.10000000000003299,-3.0
lam_N_x_n_ASC,lam_N,n_ASC,0.45183730002944655,1.625,1,stable_homogeneous,-0.09909162046990266,-0.099999999999971,-3.0
lam_N_x_n_ASC,lam_N,n_ASC,0.45183730002944655,1.8333333333333335,1,stable_homogeneous,-0.0988946096662767,-0.10000000000003302,-3.0
lam_N_x_n_ASC,lam_N,n_ASC,0.45183730002944655,2.041666666666667,1,stable_homogeneous,-0.09867361387100446,-0.09999999999997093,-3.0
lam_N_x_n_ASC,lam_N,n_ASC,0.45183730002944655,2.25,1,stable_homogeneous,-0.09842626332001915,-0.09999999999997071,-3.0
lam_N_x_n_ASC,lam_N,n_ASC,0.45183730002944655,2.4583333333333335,1,stable_homogeneous,-0.0981498870883629,-0.10000000000003327,-3.0
lam_N_x_n_ASC,lam_N,n_ASC,0.45183730002944655,2.666666666666667,1,stable_homogeneous,-0.09784148283756022,-0.0999999999999394,-3.0
lam_N_x_n_ASC,lam_N,n_ASC,0.45183730002944655,2.875,1,stable_homogeneous,-0.09749768404722502,-0.09999999999997095,-3.0
lam_N_x_n_ASC,lam_N,n_ASC,0.45183730002944655,3.0833333333333335,1,stable_homogeneous,-0.09711472418517918,-0.10000000000000168,-3.0
lam_N_x_n_ASC,lam_N,n_ASC,0.45183730002944655,3.291666666666667,1,stable_homogeneous,-0.0966883973925974,-0.10000000000003319,-3.0
lam_N_x_n_ASC,lam_N,n_ASC,0.45183730002944655,3.5,1,stable_homogeneous,-0.09621401535559972,-0.09999999999997071,-3.0
lam_N_x_n_ASC,lam_N,n_ASC,0.45183730002944655,3.7083333333333335,1,stable_homogeneous,-0.09568636011568957,-0.10000000000000195,-3.0
lam_N_x_n_ASC,lam_N,n_ASC,0.45183730002944655,3.916666666666667,1,stable_homogeneous,-0.09509963265147665,-0.1000000000000018,-3.0
lam_N_x_n_ASC,lam_N,n_ASC,0.45183730002944655,4.125,1,stable_homogeneous,-0.09444739715661445,-0.09999999999993989,-3.0
lam_N_x_n_ASC,lam_N,n_ASC,0.45183730002944655,4.333333333333334,1,stable_homogeneous,-0.09372252105576542,-0.09999999999997039,-3.0
lam_N_x_n_ASC,lam_N,n_ASC,0.45183730002944655,4.541666666666667,1,stable_homogeneous,-0.09291711096321996,-0.10000000000000196,-3.0
lam_N_x_n_ASC,lam_N,n_ASC,0.45183730002944655,4.75,1,stable_homogeneous,-0.09202244499589926,-0.10000000000003313,-3.0
lam_N_x_n_ASC,lam_N,n_ASC,0.45183730002944655,4.958333333333334,1,stable_homogeneous,-0.09102890215652669,-0.09999999999993948,-3.0
lam_N_x_n_ASC,lam_N,n_ASC,0.45183730002944655,5.166666666666667,1,stable_homogeneous,-0.08992588988962624,-0.09999999999997095,-3.0
lam_N_x_n_ASC,lam_N,n_ASC,0.45183730002944655,5.375,1,stable_homogeneous,-0.08870177144567118,-0.09999999999993962,-3.0
lam_N_x_n_ASC,lam_N,n_ASC,0.45183730002944655,5.583333333333334,1,stable_homogeneous,-0.08734379538460449,-0.10000000000003328,-3.0
lam_N_x_n_ASC,lam_N,n_ASC,0.45183730002944655,5.791666666666667,1,stable_homogeneous,-0.08583803046411222,-0.09999999999997078,-3.0
lam_N_x_n_ASC,lam_N,n_ASC,0.45183730002944655,6.0,1,stable_homogeneous,-0.08416931033144734,-0.09999999999993922,-3.0
lam_N_x_n_ASC,lam_N,n_ASC,0.5318295896944989,1.0,1,stable_homogeneous,-0.09946633417879365,-0.10000000000000209,-3.0
lam_N_x_n_ASC,lam_N,n_ASC,0.5318295896944989,1.2083333333333333,1,stable_homogeneous,-0.09925495549575333,-0.10000000000000198,-3.0
lam_N_x_n_ASC,lam_N,n_ASC,0.5318295896944989,1.4166666666666667,1,stable_homogeneous,-0.09899625208292202,-0.09999999999997046,-3.0
lam_N_x_n_ASC,lam_N,n_ASC,0.5318295896944989,1.625,1,stable_homogeneous,-0.09868319756666734,-0.10000000000003305,-3.0
lam_N_x_n_ASC,lam_N,n_ASC,0.5318295896944989,1.8333333333333335,1,stable_homogeneous,-0.09830758454097112,-0.09999999999997104,-3.0
lam_N_x_n_ASC,lam_N,n_ASC,0.5318295896944989,2.041666666666667,1,stable_homogeneous,-0.09785973319183403,-0.10000000000000164,-3.0
lam_N_x_n_ASC,lam_N,n_ASC,0.5318295896944989,2.25,1,stable_homogeneous,-0.09732819253516771,-0.10000000000000193,-3.0
lam_N_x_n_ASC,lam_N,n_ASC,0.5318295896944989,2.4583333333333335,1,stable_homogeneous,-0.09669942587389835,-0.09999999999993957,-3.0
lam_N_x_n_ASC,lam_N,n_ASC,0.5318295896944989,2.666666666666667,1,stable_homogeneous,-0.09595747080638936,-0.10000000000000225,-3.0
lam_N_x_n_ASC,lam_N,n_ASC,0.5318295896944989,2.875,1,stable_homogeneous,-0.09508356605310286,-0.10000000000003316,-3.0
lam_N_x_n_ASC,lam_N,n_ASC,0.5318295896944989,3.0833333333333335,1,stable_homogeneous,-0.09405574100253884,-0.1000000000000645,-3.0
lam_N_x_n_ASC,lam_N,n_ASC,0.5318295896944989,3.291666666666667,1,stable_homogeneous,-0.0928483688888967,-0.09999999999997077,-3.0
lam_N_x_n_ASC,lam_N,n_ASC,0.5318295896944989,3.5,1,stable_homogeneous,-0.09143169146230766,-0.10000000000000232,-3.0
lam_N_x_n_ASC,lam_N,n_ASC,0.5318295896944989,3.7083333333333335,1,stable_homogeneous,-0.08977133308575486,-0.09999999999997093,-3.0
lam_N_x_n_ASC,lam_N,n_ASC,0.5318295896944989,3.916666666666667,1,stable_homogeneous,-0.08782783713665365,-0.099999999999971,-3.0
lam_N_x_n_ASC,lam_N,n_ASC,0.5318295896944989,4.125,1,stable_homogeneous,-0.08555627972293917,-0.09999999999997025,-3.0
lam_N_x_n_ASC,lam_N,n_ASC,0.5318295896944989,4.333333333333334,1,stable_homogeneous,-0.08290604789804328,-0.09999999999993964,-3.0
lam_N_x_n_ASC,lam_N,n_ASC,0.5318295896944989,4.541666666666667,1,stable_homogeneous,-0.07982091493196238,-0.10000000000003913,-3.0
lam_N_x_n_ASC,lam_N,n_ASC,0.5318295896944989,4.75,1,stable_homogeneous,-0.0762396062776506,-0.10000000000000822,-3.0
lam_N_x_n_ASC,lam_N,n_ASC,0.5318295896944989,4.958333333333334,1,stable_homogeneous,-0.0720971265211878,-0.10000000000000851,-3.0
lam_N_x_n_ASC,lam_N,n_ASC,0.5318295896944989,5.166666666666667,1,stable_homogeneous,-0.0673272026966191,-0.10000000000000826,-3.0
lam_N_x_n_ASC,lam_N,n_ASC,0.5318295896944989,5.375,1,stable_homogeneous,-0.06186627151594895,-0.10000000000007091,-3.0
lam_N_x_n_ASC,lam_N,n_ASC,0.5318295896944989,5.583333333333334,1,stable_homogeneous,-0.0556594508246454,-0.1000000000000392,-3.0
lam_N_x_n_ASC,lam_N,n_ASC,0.5318295896944989,5.791666666666667,1,stable_homogeneous,-0.04866880625332825,-0.10000000000003959,-3.0
lam_N_x_n_ASC,lam_N,n_ASC,0.5318295896944989,6.0,1,stable_homogeneous,-0.04088383308517163,-0.10000000000003899,-3.0
lam_N_x_n_ASC,lam_N,n_ASC,0.6259835397745738,1.0,1,stable_homogeneous,-0.09934828627357559,-0.10000000000000173,-3.0
lam_N_x_n_ASC,lam_N,n_ASC,0.6259835397745738,1.2083333333333333,1,stable_homogeneous,-0.09902779615475028,-0.09999999999990833,-3.0
lam_N_x_n_ASC,lam_N,n_ASC,0.6259835397745738,1.4166666666666667,1,stable_homogeneous,-0.09860717242657566,-0.10000000000003308,-3.0
lam_N_x_n_ASC,lam_N,n_ASC,0.6259835397745738,1.625,1,stable_homogeneous,-0.09806513683250516,-0.09999999999997057,-3.0
lam_N_x_n_ASC,lam_N,n_ASC,0.6259835397745738,1.8333333333333335,1,stable_homogeneous,-0.09737572764588039,-0.09999999999990829,-3.0
lam_N_x_n_ASC,lam_N,n_ASC,0.6259835397745738,2.041666666666667,1,stable_homogeneous,-0.09650682586618374,-0.09999999999993962,-3.0
lam_N_x_n_ASC,lam_N,n_ASC,0.6259835397745738,2.25,1,stable_homogeneous,-0.0954185888528691,-0.09999999999997074,-3.0
lam_N_x_n_ASC,lam_N,n_ASC,0.6259835397745738,2.4583333333333335,1,stable_homogeneous,-0.0940617691922461,-0.100000000000033,-3.0
lam_N_x_n_ASC,lam_N,n_ASC,0.6259835397745738,2.666666666666667,1,stable_homogeneous,-0.09237591266261758,-0.10000000000003308,-3.0
lam_N_x_n_ASC,lam_N,n_ASC,0.6259835397745738,2.875,1,stable_homogeneous,-0.09028749964999958,-0.09999999999997071,-3.0
lam_N_x_n_ASC,lam_N,n_ASC,0.6259835397745738,3.0833333333333335,1,stable_homogeneous,-0.08770822276568122,-0.099999999999971,-3.0
lam_N_x_n_ASC,lam_N,n_ASC,0.6259835397745738,3.291666666666667,1,stable_homogeneous,-0.08453380634010264,-0.09999999999997031,-3.0
lam_N_x_n_ASC,lam_N,n_ASC,0.6259835397745738,3.5,1,stable_homogeneous,-0.08064411498681763,-0.09999999999993975,-3.0
lam_N_x_n_ASC,lam_N,n_ASC,0.6259835397745738,3.7083333333333335,1,stable_homogeneous,-0.0759058143332294,-0.1000000000000332,-3.0
lam_N_x_n_ASC,lam_N,n_ASC,0.6259835397745738,3.916666666666667,1,stable_homogeneous,-0.07017953977141148,-0.10000000000007092,-3.0
lam_N_x_n_ASC,lam_N,n_ASC,0.6259835397745738,4.125,1,stable_homogeneous,-0.06333424514421923,-0.1000000000000391,-3.0
lam_N_x_n_ASC,lam_N,n_ASC,0.6259835397745738,4.333333333333334,1,stable_homogeneous,-0.055271612018575056,-0.10000000000007037,-3.0
lam_N_x_n_ASC,lam_N,n_ASC,0.6259835397745738,4.541666666666667,1,stable_homogeneous,-0.04596191197561869,-0.1000000000000085,-3.0
lam_N_x_n_ASC,lam_N,n_ASC,0.6259835397745738,4.75,1,stable_homogeneous,-0.03548772245843052,-0.10000000000003927,-3.0
lam_N_x_n_ASC,lam_N,n_ASC,0.6259835397745738,4.958333333333334,1,stable_homogeneous,-0.024082343786264216,-0.09999999999999294,-3.0
lam_N_x_n_ASC,lam_N,n_ASC,0.6259835397745738,5.166666666666667,1,stable_homogeneous,-0.012138946380290918,-0.09999999999999297,-3.0
lam_N_x_n_ASC,lam_N,n_ASC,0.6259835397745738,5.375,1,stable_homogeneous,-0.00016532504598250258,-0.10000000000000986,-3.0
lam_N_x_n_ASC,lam_N,n_ASC,0.6259835397745738,5.583333333333334,1,nonuniform_instability,0.01131983880681258,-0.09999999999999266,-3.0
lam_N_x_n_ASC,lam_N,n_ASC,0.6259835397745738,5.791666666666667,1,nonuniform_instability,0.021915599081501924,-0.10000000000000218,-3.0
lam_N_x_n_ASC,lam_N,n_ASC,0.6259835397745738,6.0,1,nonuniform_instability,0.03143671270248941,-0.10000000000000273,-3.0
lam_N_x_n_ASC,lam_N,n_ASC,0.7368062997280774,1.0,1,stable_homogeneous,-0.09919644987737798,-0.1000000000000021,-3.0
lam_N_x_n_ASC,lam_N,n_ASC,0.7368062997280774,1.2083333333333333,1,stable_homogeneous,-0.09871733558098722,-0.10000000000000246,-3.0
lam_N_x_n_ASC,lam_N,n_ASC,0.7368062997280774,1.4166666666666667,1,stable_homogeneous,-0.09804625048176252,-0.10000000000003322,-3.0
lam_N_x_n_ASC,lam_N,n_ASC,0.7368062997280774,1.625,1,stable_homogeneous,-0.09712990508174674,-0.10000000000003316,-3.0
lam_N_x_n_ASC,lam_N,n_ASC,0.7368062997280774,1.8333333333333335,1,stable_homogeneous,-0.09590003541775927,-0.10000000000003346,-3.0
lam_N_x_n_ASC,lam_N,n_ASC,0.7368062997280774,2.041666666666667,1,stable_homogeneous,-0.0942681450930013,-0.09999999999993965,-3.0
lam_N_x_n_ASC,lam_N,n_ASC,0.7368062997280774,2.25,1,stable_homogeneous,-0.09212004221336506,-0.10000000000003269,-3.0
lam_N_x_n_ASC,lam_N,n_ASC,0.7368062997280774,2.4583333333333335,1,stable_homogeneous,-0.08931053903348225,-0.10000000000000199,-3.0
lam_N_x_n_ASC,lam_N,n_ASC,0.7368062997280774,2.666666666666667,1,stable_homogeneous,-0.08565941490383623,-0.09999999999997695,-3.0
lam_N_x_n_ASC,lam_N,n_ASC,0.7368062997280774,2.875,1,stable_homogeneous,-0.08095128014709278,-0.10000000000003909,-3.0
lam_N_x_n_ASC,lam_N,n_ASC,0.7368062997280774,3.0833333333333335,1,stable_homogeneous,-0.07494460305305498,-0.10000000000000785,-3.0
lam_N_x_n_ASC,lam_N,n_ASC,0.7368062997280774,3.291666666666667,1,stable_homogeneous,-0.0673988673901907,-0.10000000000003964,-3.0
lam_N_x_n_ASC,lam_N,n_ASC,0.7368062997280774,3.5,1,stable_homogeneous,-0.058131889911005305,-0.1000000000000396,-3.0
lam_N_x_n_ASC,lam_N,n_ASC,0.7368062997280774,3.7083333333333335,1,stable_homogeneous,-0.04711547810948215,-0.10000000000000829,-3.0
lam_N_x_n_ASC,lam_N,n_ASC,0.7368062997280774,3.916666666666667,1,stable_homogeneous,-0.034594448363508,-0.10000000000000915,-3.0
lam_N_x_n_ASC,lam_N,n_ASC,0.7368062997280774,4.125,1,stable_homogeneous,-0.021164554129469635,-0.10000000000000846,-3.0
lam_N_x_n_ASC,lam_N,n_ASC,0.7368062997280774,4.333333333333334,1,stable_homogeneous,-0.007703991548719014,-0.10000000000000851,-3.0
lam_N_x_n_ASC,lam_N,n_ASC,0.7368062997280774,4.541666666666667,1,nonuniform_instability,0.004890473184703468,-0.0999999999999694,-3.0
lam_N_x_n_ASC,lam_N,n_ASC,0.7368062997280774,4.75,1,nonuniform_instability,0.01604281864652519,-0.09999999999999423,-3.0
lam_N_x_n_ASC,lam_N,n_ASC,0.7368062997280774,4.958333333333334,1,nonuniform_instability,0.025703642737716637,-0.10000000000000323,-3.0
lam_N_x_n_ASC,lam_N,n_ASC,0.7368062997280774,5.166666666666667,1,nonuniform_instability,0.03436158496418275,-0.09999999999999513,-3.0
lam_N_x_n_ASC,lam_N,n_ASC,0.7368062997280774,5.375,1,nonuniform_instability,0.04300373656087785,-0.0999999999999983,-3.0
lam_N_x_n_ASC,lam_N,n_ASC,0.7368062997280774,5.583333333333334,1,nonuniform_instability,0.05314785830272804,-0.10000000000000009,-3.0
lam_N_x_n_ASC,lam_N,n_ASC,0.7368062997280774,5.791666666666667,1,nonuniform_instability,0.06662529604483267,-0.09999999999999934,-3.0
lam_N_x_n_ASC,lam_N,n_ASC,0.7368062997280774,6.0,1,nonuniform_instability,0.08444043643169434,-0.0999999999999988,-3.0
lam_N_x_n_ASC,lam_N,n_ASC,0.8672488792828036,1.0,1,stable_homogeneous,-0.09900042840168898,-0.10000000000000184,-3.0
lam_N_x_n_ASC,lam_N,n_ASC,0.8672488792828036,1.2083333333333333,1,stable_homogeneous,-0.09829193388485831,-0.10000000000003292,-3.0
lam_N_x_n_ASC,lam_N,n_ASC,0.8672488792828036,1.4166666666666667,1,stable_homogeneous,-0.09723749047209823,-0.09999999999993928,-3.0
lam_N_x_n_ASC,lam_N,n_ASC,0.8672488792828036,1.625,1,stable_homogeneous,-0.09571852090358401,-0.10000000000000155,-3.0
lam_N_x_n_ASC,lam_N,n_ASC,0.8672488792828036,1.8333333333333335,1,stable_homogeneous,-0.09357596168297207,-0.10000000000000173,-3.0
lam_N_x_n_ASC,lam_N,n_ASC,0.8672488792828036,2.041666666666667,1,stable_homogeneous,-0.09059639958879254,-0.10000000000000243,-3.0
lam_N_x_n_ASC,lam_N,n_ASC,0.8672488792828036,2.25,1,stable_homogeneous,-0.08650093914254624,-0.09999999999997072,-3.0
lam_N_x_n_ASC,lam_N,n_ASC,0.8672488792828036,2.4583333333333335,1,stable_homogeneous,-0.08094385808729965,-0.09999999999997086,-3.0
lam_N_x_n_ASC,lam_N,n_ASC,0.8672488792828036,2.666666666666667,1,stable_homogeneous,-0.07353756818411039,-0.10000000000003954,-3.0
lam_N_x_n_ASC,lam_N,n_ASC,0.8672488792828036,2.875,1,stable_homogeneous,-0.06393448875424525,-0.10000000000000808,-3.0
lam_N_x_n_ASC,lam_N,n_ASC,0.8672488792828036,3.0833333333333335,1,stable_homogeneous,-0.05200233632122222,-0.10000000000007012,-3.0
lam_N_x_n_ASC,lam_N,n_ASC,0.8672488792828036,3.291666666666667,1,stable_homogeneous,-0.038083229998782796,-0.0999999999999922,-3.0
lam_N_x_n_ASC,lam_N,n_ASC,0.8672488792828036,3.5,1,stable_homogeneous,-0.023175165663062446,-0.10000000000000826,-3.0
lam_N_x_n_ASC,lam_N,n_ASC,0.8672488792828036,3.7083333333333335,1,stable_homogeneous,-0.008726369728108176,-0.09999999999997894,-3.0
lam_N_x_n_ASC,lam_N,n_ASC,0.8672488792828036,3.916666666666667,1,nonuniform_instability,0.004033671233334118,-0.09999999999998653,-3.0
lam_N_x_n_ASC,lam_N,n_ASC,0.8672488792828036,4.125,1,nonuniform_instability,0.014742862709808638,-0.09999999999999128,-3.0
lam_N_x_n_ASC,lam_N,n_ASC,0.8672488792828036,4.333333333333334,1,nonuniform_instability,0.024097501385307175,-0.09999999999999978,-3.0
lam_N_x_n_ASC,lam_N,n_ASC,0.8672488792828036,4.541666666666667,1,nonuniform_instability,0.03391161765557279,-0.10000000000000173,-3.0
lam_N_x_n_ASC,lam_N,n_ASC,0.8672488792828036,4.75,1,nonuniform_instability,0.04742548801329775,-0.10000000000000123,-3.0
lam_N_x_n_ASC,lam_N,n_ASC,0.8672488792828036,4.958333333333334,1,nonuniform_instability,0.06762603506370739,-0.09999999999999946,-3.0
lam_N_x_n_ASC,lam_N,n_ASC,0.8672488792828036,5.166666666666667,0,no_positive_fixed_point,,,
lam_N_x_n_ASC,lam_N,n_ASC,0.8672488792828036,5.375,0,no_positive_fixed_point,,,
lam_N_x_n_ASC,lam_N,n_ASC,0.8672488792828036,5.583333333333334,0,no_positive_fixed_point,,,
lam_N_x_n_ASC,lam_N,n_ASC,0.8672488792828036,5.791666666666667,0,no_positive_fixed_point,,,
lam_N_x_n_ASC,lam_N,n_ASC,0.8672488792828036,6.0,1,nonuniform_instability,0.21217786172907607,-0.09999999999999992,-3.0
lam_N_x_n_ASC,lam_N,n_ASC,1.0207847284895002,1.0,1,stable_homogeneous,-0.09874660469652895,-0.10000000000003302,-3.0
lam_N_x_n_ASC,lam_N,n_ASC,1.0207847284895002,1.2083333333333333,1,stable_homogeneous,-0.09770837840103383,-0.10000000000000238,-3.0
lam_N_x_n_ASC,lam_N,n_ASC,1.0207847284895002,1.4166666666666667,1,stable_homogeneous,-0.09607365726993808,-0.09999999999997072,-3.0
lam_N_x_n_ASC,lam_N,n_ASC,1.0207847284895002,1.625,1,stable_homogeneous,-0.09360010737077323,-0.09999999999997061,-3.0
lam_N_x_n_ASC,lam_N,n_ASC,1.0207847284895002,1.8333333333333335,1,stable_homogeneous,-0.08995184934209832,-0.09999999999997088,-3.0
lam_N_x_n_ASC,lam_N,n_ASC,1.0207847284895002,2.041666666666667,1,stable_homogeneous,-0.08467822709690662,-0.099999999999971,-3.0
lam_N_x_n_ASC,lam_N,n_ASC,1.0207847284895002,2.25,1,stable_homogeneous,-0.07722861277445055,-0.10000000000003975,-3.0
lam_N_x_n_ASC,lam_N,n_ASC,1.0207847284895002,2.4583333333333335,1,stable_homogeneous,-0.06706377388729062,-0.10000000000007032,-3.0
lam_N_x_n_ASC,lam_N,n_ASC,1.0207847284895002,2.666666666666667,1,stable_homogeneous,-0.053958027363094775,-0.10000000000003909,-3.0
lam_N_x_n_ASC,lam_N,n_ASC,1.0207847284895002,2.875,1,stable_homogeneous,-0.03849648895971859,-0.09999999999997733,-3.0
lam_N_x_n_ASC,lam_N,n_ASC,1.0207847284895002,3.0833333333333335,1,stable_homogeneous,-0.02236395052363061,-0.099999999999993,-3.0
lam_N_x_n_ASC,lam_N,n_ASC,1.0207847284895002,3.291666666666667,1,stable_homogeneous,-0.007691349000398668,-0.10000000000000234,-3.0
lam_N_x_n_ASC,lam_N,n_ASC,1.0207847284895002,3.5,1,nonuniform_instability,0.004340048876576489,-0.10000000000000213,-3.0
lam_N_x_n_ASC,lam_N,n_ASC,1.0207847284895002,3.7083333333333335,1,nonuniform_instability,0.014319361522121437,-0.10000000000000535,-3.0
lam_N_x_n_ASC,lam_N,n_ASC,1.0207847284895002,3.916666666666667,1,nonuniform_instability,0.025012275446790952,-0.10000000000000088,-3.0
lam_N_x_n_ASC,lam_N,n_ASC,1.0207847284895002,4.125,1,nonuniform_instability,0.042388232398233576,-0.09999999999999884,-3.0
lam_N_x_n_ASC,lam_N,n_ASC,1.0207847284895002,4.333333333333334,1,nonuniform_instability,0.06954344302535206,-0.09999999999999976,-3.0
lam_N_x_n_ASC,lam_N,n_ASC,1.0207847284895002,4.541666666666667,1,nonuniform_instability,0.10260308130960383,-0.10000000000000013,-3.0
lam_N_x_n_ASC,lam_N,n_ASC,1.0207847284895002,4.75,1,nonuniform_instability,0.13748850496909093,-0.10000000000000017,-3.0
lam_N_x_n_ASC,lam_N,n_ASC,1.0207847284895002,4.958333333333334,1,nonuniform_instability,0.17144211117683936,-0.10000000000000017,-3.0
lam_N_x_n_ASC,lam_N,n_ASC,1.0207847284895002,5.166666666666667,1,nonuniform_instability,0.2031242884202584,-0.10000000000000021,-3.0
lam_N_x_n_ASC,lam_N,n_ASC,1.0207847284895002,5.375,1,nonuniform_instability,0.23219831354220816,-0.0999999999999997,-3.0
lam_N_x_n_ASC,lam_N,n_ASC,1.0207847284895002,5.583333333333334,1,nonuniform_instability,0.2588109387084508,-0.10000000000000009,-3.0
lam_N_x_n_ASC,lam_N,n_ASC,1.0207847284895002,5.791666666666667,0,no_positive_fixed_point,,,
lam_N_x_n_ASC,lam_N,n_ASC,1.0207847284895002,6.0,1,nonuniform_instability,0.30590055786470205,-0.0999999999999998,-3.0
lam_N_x_n_ASC,lam_N,n_ASC,1.2015022294166535,1.0,1,stable_homogeneous,-0.09841720335016539,-0.09999999999993983,-3.0
lam_N_x_n_ASC,lam_N,n_ASC,1.2015022294166535,1.2083333333333333,1,stable_homogeneous,-0.09690818202098313,-0.10000000000003341,-3.0
lam_N_x_n_ASC,lam_N,n_ASC,1.2015022294166535,1.4166666666666667,1,stable_homogeneous,-0.09440598470406887,-0.10000000000009578,-3.0
lam_N_x_n_ASC,lam_N,n_ASC,1.2015022294166535,1.625,1,stable_homogeneous,-0.09045034242683714,-0.10000000000000206,-3.0
lam_N_x_n_ASC,lam_N,n_ASC,1.2015022294166535,1.8333333333333335,1,stable_homogeneous,-0.08440436448824175,-0.10000000000003324,-3.0
lam_N_x_n_ASC,lam_N,n_ASC,1.2015022294166535,2.041666666666667,1,stable_homogeneous,-0.07549033403330227,-0.10000000000003971,-3.0
lam_N_x_n_ASC,lam_N,n_ASC,1.2015022294166535,2.25,1,stable_homogeneous,-0.06306012717997596,-0.10000000000000799,-3.0
lam_N_x_n_ASC,lam_N,n_ASC,1.2015022294166535,2.4583333333333335,1,stable_homogeneous,-0.04729025775873357,-0.10000000000005513,-3.0
lam_N_x_n_ASC,lam_N,n_ASC,1.2015022294166535,2.666666666666667,1,stable_homogeneous,-0.029997900400497126,-0.10000000000002379,-3.0
lam_N_x_n_ASC,lam_N,n_ASC,1.2015022294166535,2.875,1,stable_homogeneous,-0.014162622981054168,-0.10000000000001091,-3.0
lam_N_x_n_ASC,lam_N,n_ASC,1.2015022294166535,3.0833333333333335,1,stable_homogeneous,-0.0016610646999256234,-0.10000000000000249,-3.0
lam_N_x_n_ASC,lam_N,n_ASC,1.2015022294166535,3.291666666666667,1,nonuniform_instability,0.00841630064100401,-0.09999999999999952,-3.0
lam_N_x_n_ASC,lam_N,n_ASC,1.2015022294166535,3.5,1,nonuniform_instability,0.02165541746964165,-0.10000000000000038,-3.0
lam_N_x_n_ASC,lam_N,n_ASC,1.2015022294166535,3.7083333333333335,1,nonuniform_instability,0.0476828951688264,-0.09999999999999983,-3.0
lam_N_x_n_ASC,lam_N,n_ASC,1.2015022294166535,3.916666666666667,1,nonuniform_instability,0.08347653072876532,-0.10000000000000026,-3.0
lam_N_x_n_ASC,lam_N,n_ASC,1.2015022294166535,4.125,1,nonuniform_instability,0.12221346230866084,-0.09999999999999985,-3.0
lam_N_x_n_ASC,lam_N,n_ASC,1.2015022294166535,4.333333333333334,1,nonuniform_instability,0.15946041380423778,-0.09999999999999974,-3.0
lam_N_x_n_ASC,lam_N,n_ASC,1.2015022294166535,4.541666666666667,1,nonuniform_instability,0.19341401396413188,-0.10000000000000003,-3.0
lam_N_x_n_ASC,lam_N,n_ASC,1.2015022294166535,4.75,1,nonuniform_instability,0.22391352891668803,-0.09999999999999974,-3.0
lam_N_x_n_ASC,lam_N,n_ASC,1.2015022294166535,4.958333333333334,1,nonuniform_instability,0.2513954171619728,-0.1000000000000001,-3.0
lam_N_x_n_ASC,lam_N,n_ASC,1.2015022294166535,5.166666666666667,1,nonuniform_instability,0.2763935167834808,-0.09999999999999974,-3.0
lam_N_x_n_ASC,lam_N,n_ASC,1.2015022294166535,5.375,1,nonuniform_instability,0.2993782869150946,-0.09999999999999996,-3.0
lam_N_x_n_ASC,lam_N,n_ASC,1.2015022294166535,5.583333333333334,1,nonuniform_instability,0.3207269356481642,-0.09999999999999987,-3.0
lam_N_x_n_ASC,lam_N,n_ASC,1.2015022294166535,5.791666666666667,1,nonuniform_instability,0.3407329003256704,-0.10000000000000024,-3.0
lam_N_x_n_ASC,lam_N,n_ASC,1.2015022294166535,6.0,1,nonuniform_instability,0.35962314550215313,-0.10000000000000021,-3.0
lam_N_x_n_ASC,lam_N,n_ASC,1.4142135623730951,1.0,1,stable_homogeneous,-0.09798914178545415,-0.10000000000003348,-3.0
lam_N_x_n_ASC,lam_N,n_ASC,1.4142135623730951,1.2083333333333333,1,stable_homogeneous,-0.09581323623316862,-0.1000000000000332,-3.0
lam_N_x_n_ASC,lam_N,n_ASC,1.4142135623730951,1.4166666666666667,1,stable_homogeneous,-0.09203402886232721,-0.09999999999997085,-3.0
lam_N_x_n_ASC,lam_N,n_ASC,1.4142135623730951,1.625,1,stable_homogeneous,-0.08584452781053269,-0.10000000000003312,-3.0
lam_N_x_n_ASC,lam_N,n_ASC,1.4142135623730951,1.8333333333333335,1,stable_homogeneous,-0.0762213288800039,-0.10000000000007064,-3.0
lam_N_x_n_ASC,lam_N,n_ASC,1.4142135623730951,2.041666666666667,1,stable_homogeneous,-0.06235795338764266,-0.10000000000000837,-3.0
lam_N_x_n_ASC,lam_N,n_ASC,1.4142135623730951,2.25,1,stable_homogeneous,-0.044867288595544126,-0.10000000000002322,-3.0
lam_N_x_n_ASC,lam_N,n_ASC,1.4142135623730951,2.4583333333333335,1,stable_homogeneous,-0.02686587986744243,-0.09999999999997738,-3.0
lam_N_x_n_ASC,lam_N,n_ASC,1.4142135623730951,2.666666666666667,1,stable_homogeneous,-0.012153895400790996,-0.10000000000000232,-3.0
lam_N_x_n_ASC,lam_N,n_ASC,1.4142135623730951,2.875,1,stable_homogeneous,-0.0015273011279886178,-0.09999999999999969,-3.0
lam_N_x_n_ASC,lam_N,n_ASC,1.4142135623730951,3.0833333333333335,1,nonuniform_instability,0.010870921200657952,-0.09999999999999913,-3.0
lam_N_x_n_ASC,lam_N,n_ASC,1.4142135623730951,3.291666666666667,1,nonuniform_instability,0.03963565785384256,-0.09999999999999967,-3.0
lam_N_x_n_ASC,lam_N,n_ASC,1.4142135623730951,3.5,1,nonuniform_instability,0.07966833006521161,-0.09999999999999973,-3.0
lam_N_x_n_ASC,lam_N,n_ASC,1.4142135623730951,3.7083333333333335,1,nonuniform_instability,0.12152005230426345,-0.09999999999999987,-3.0
lam_N_x_n_ASC,lam_N,n_ASC,1.4142135623730951,3.916666666666667,1,nonuniform_instability,0.1601032502970821,-0.10000000000000034,-3.0
lam_N_x_n_ASC,lam_N,n_ASC,1.4142135623730951,4.125,1,nonuniform_instability,0.19422514321891532,-0.1000000000000002,-3.0
lam_N_x_n_ASC,lam_N,n_ASC,1.4142135623730951,4.333333333333334,0,no_positive_fixed_point,,,
lam_N_x_n_ASC,lam_N,n_ASC,1.4142135623730951,4.541666666666667,1,nonuniform_instability,0.25133370717868353,-0.09999999999999995,-3.0
lam_N_x_n_ASC,lam_N,n_ASC,1.4142135623730951,4.75,0,no_positive_fixed_point,,,
lam_N_x_n_ASC,lam_N,n_ASC,1.4142135623730951,4.958333333333334,0,no_positive_fixed_point,,,
lam_N_x_n_ASC,lam_N,n_ASC,1.4142135623730951,5.166666666666667,1,nonuniform_instability,0.31934779232249283,-0.09999999999999974,-3.0
lam_N_x_n_ASC,lam_N,n_ASC,1.4142135623730951,5.375,0,no_positive_fixed_point,,,
lam_N_x_n_ASC,lam_N,n_ASC,1.4142135623730951,5.583333333333334,0,no_positive_fixed_point,,,
lam_N_x_n_ASC,lam_N,n_ASC,1.4142135623730951,5.791666666666667,1,nonuniform_instability,0.3756232554554917,-0.09999999999999985,-3.0
lam_N_x_n_ASC,lam_N,n_ASC,1.4142135623730951,6.0,1,nonuniform_instability,0.39271999161505355,-0.10000000000000005,-3.0
lam_N_x_n_ASC,lam_N,n_ASC,1.6645828455691078,1.0,1,stable_homogeneous,-0.09743268477610334,-0.10000000000000173,-3.0
lam_N_x_n_ASC,lam_N,n_ASC,1.6645828455691078,1.2083333333333333,1,stable_homogeneous,-0.09432142291781723,-0.09999999999993929,-3.0
lam_N_x_n_ASC,lam_N,n_ASC,1.6645828455691078,1.4166666666666667,1,stable_homogeneous,-0.08870232642352265,-0.10000000000006441,-3.0
lam_N_x_n_ASC,lam_N,n_ASC,1.6645828455691078,1.625,1,stable_homogeneous,-0.07931313016726847,-0.1000000000001022,-3.0
lam_N_x_n_ASC,lam_N,n_ASC,1.6645828455691078,1.8333333333333335,1,stable_homogeneous,-0.06502165145214577,-0.10000000000003932,-3.0
lam_N_x_n_ASC,lam_N,n_ASC,1.6645828455691078,2.041666666666667,1,stable_homogeneous,-0.04652042571935695,-0.10000000000004013,-3.0
lam_N_x_n_ASC,lam_N,n_ASC,1.6645828455691078,2.25,1,stable_homogeneous,-0.028007517954323616,-0.09999999999997751,-3.0
lam_N_x_n_ASC,lam_N,n_ASC,1.6645828455691078,2.4583333333333335,1,stable_homogeneous,-0.0142078127031627,-0.09999999999999164,-3.0
lam_N_x_n_ASC,lam_N,n_ASC,1.6645828455691078,2.666666666666667,1,stable_homogeneous,-0.004723507266490682,-0.10000000000000071,-3.0
lam_N_x_n_ASC,lam_N,n_ASC,1.6645828455691078,2.875,1,nonuniform_instability,0.017632752605970428,-0.10000000000000014,-3.0
lam_N_x_n_ASC,lam_N,n_ASC,1.6645828455691078,3.0833333333333335,1,nonuniform_instability,0.058255932872306036,-0.09999999999999998,-3.0
lam_N_x_n_ASC,lam_N,n_ASC,1.6645828455691078,3.291666666666667,1,nonuniform_instability,0.10308051094133067,-0.09999999999999984,-3.0
lam_N_x_n_ASC,lam_N,n_ASC,1.6645828455691078,3.5,1,nonuniform_instability,0.14421083165645945,-0.09999999999999983,-3.0
lam_N_x_n_ASC,lam_N,n_ASC,1.6645828455691078,3.7083333333333335,1,nonuniform_instability,0.17991154188525996,-0.09999999999999999,-3.0
lam_N_x_n_ASC,lam_N,n_ASC,1.6645828455691078,3.916666666666667,1,nonuniform_instability,0.21097093788900761,-0.10000000000000003,-3.0
lam_N_x_n_ASC,lam_N,n_ASC,1.6645828455691078,4.125,0,no_positive_fixed_point,,,
lam_N_x_n_ASC,lam_N,n_ASC,1.6645828455691078,4.333333333333334,0,no_positive_fixed_point,,,
lam_N_x_n_ASC,lam_N,n_ASC,1.6645828455691078,4.541666666666667,0,no_positive_fixed_point,,,
lam_N_x_n_ASC,lam_N,n_ASC,1.6645828455691078,4.75,0,no_positive_fixed_point,,,
lam_N_x_n_ASC,lam_N,n_ASC,1.6645828455691078,4.958333333333334,1,nonuniform_instability,0.32740852722523245,-0.1000000000000002,-3.0
lam_N_x_n_ASC,lam_N,n_ASC,1.6645828455691078,5.166666666666667,1,nonuniform_instability,0.34636074463701894,-0.10000000000000009,-3.0
lam_N_x_n_ASC,lam_N,n_ASC,1.6645828455691078,5.375,1,nonuniform_instability,0.36445374575526424,-0.09999999999999976,-3.0
lam_N_x_n_ASC,lam_N,n_ASC,1.6645828455691078,5.583333333333334,1,nonuniform_instability,0.3818181836552485,-0.10000000000000031,-3.0
lam_N_x_n_ASC,lam_N,n_ASC,1.6645828455691078,5.791666666666667,1,nonuniform_instability,0.3985550976831625,-0.09999999999999998,-3.0
lam_N_x_n_ASC,lam_N,n_ASC,1.6645828455691078,6.0,1,nonuniform_instability,0.41474405141413406,-0.10000000000000009,-3.0
lam_N_x_n_ASC,lam_N,n_ASC,1.9592769603435267,1.0,1,stable_homogeneous,-0.0967099995289304,-0.10000000000000256,-3.0
lam_N_x_n_ASC,lam_N,n_ASC,1.9592769603435267,1.2083333333333333,1,stable_homogeneous,-0.09230398913315514,-0.10000000000000234,-3.0
lam_N_x_n_ASC,lam_N,n_ASC,1.9592769603435267,1.4166666666666667,1,stable_homogeneous,-0.08412164157218692,-0.09999999999997071,-3.0
lam_N_x_n_ASC,lam_N,n_ASC,1.9592769603435267,1.625,1,stable_homogeneous,-0.07056781429584104,-0.10000000000000799,-3.0
lam_N_x_n_ASC,lam_N,n_ASC,1.9592769603435267,1.8333333333333335,1,stable_homogeneous,-0.05174705976548079,-0.1000000000000089,-3.0
lam_N_x_n_ASC,lam_N,n_ASC,1.9592769603435267,2.041666666666667,1,stable_homogeneous,-0.03238275059723119,-0.09999999999999284,-3.0
lam_N_x_n_ASC,lam_N,n_ASC,1.9592769603435267,2.25,1,stable_homogeneous,-0.01885971092304288,-0.0999999999999995,-3.0
lam_N_x_n_ASC,lam_N,n_ASC,1.9592769603435267,2.4583333333333335,1,stable_homogeneous,-0.00947090646433744,-0.09999999999999916,-3.0
lam_N_x_n_ASC,lam_N,n_ASC,1.9592769603435267,2.666666666666667,1,nonuniform_instability,0.022525581685235243,-0.0999999999999997,-3.0
lam_N_x_n_ASC,lam_N,n_ASC,1.9592769603435267,2.875,1,nonuniform_instability,0.0688173184036236,-0.09999999999999987,-3.0
lam_N_x_n_ASC,lam_N,n_ASC,1.9592769603435267,3.0833333333333335,1,nonuniform_instability,0.11428556901190486,-0.0999999999999996,-3.0
lam_N_x_n_ASC,lam_N,n_ASC,1.9592769603435267,3.291666666666667,1,nonuniform_instability,0.1535512350300782,-0.0999999999999994,-3.0
lam_N_x_n_ASC,lam_N,n_ASC,1.9592769603435267,3.5,1,nonuniform_instability,0.1870354003983703,-0.09999999999999976,-3.0
lam_N_x_n_ASC,lam_N,n_ASC,1.9592769603435267,3.7083333333333335,1,nonuniform_instability,0.21620386869436917,-0.10000000000000007,-3.0
lam_N_x_n_ASC,lam_N,n_ASC,1.9592769603435267,3.916666666666667,1,nonuniform_instability,0.242245309534031,-0.09999999999999964,-3.0
lam_N_x_n_ASC,lam_N,n_ASC,1.9592769603435267,4.125,0,no_positive_fixed_point,,,
lam_N_x_n_ASC,lam_N,n_ASC,1.9592769603435267,4.333333333333334,0,no_positive_fixed_point,,,
lam_N_x_n_ASC,lam_N,n_ASC,1.9592769603435267,4.541666666666667,1,nonuniform_instability,0.3085829869066774,-0.09999999999999987,-3.0
lam_N_x_n_ASC,lam_N,n_ASC,1.9592769603435267,4.75,1,nonuniform_instability,0.3281008832764295,-0.09999999999999987,-3.0
lam_N_x_n_ASC,lam_N,n_ASC,1.9592769603435267,4.958333333333334,1,nonuniform_instability,0.3467144390370743,-0.09999999999999998,-3.0
lam_N_x_n_ASC,lam_N,n_ASC,1.9592769603435267,5.166666666666667,1,nonuniform_instability,0.3645681847922829,-0.09999999999999985,-3.0
lam_N_x_n_ASC,lam_N,n_ASC,1.9592769603435267,5.375,1,nonuniform_instability,0.3817719226451015,-0.09999999999999976,-3.0
lam_N_x_n_ASC,lam_N,n_ASC,1.9592769603435267,5.583333333333334,1,nonuniform_instability,0.39841086489379707,-0.09999999999999987,-3.0
lam_N_x_n_ASC,lam_N,n_ASC,1.9592769603435267,5.791666666666667,1,nonuniform_instability,0.414552424609767,-0.09999999999999987,-3.0
lam_N_x_n_ASC,lam_N,n_ASC,1.9592769603435267,6.0,1,nonuniform_instability,0.43025086644962346,-0.10000000000000009,-3.0
lam_N_x_n_ASC,lam_N,n_ASC,2.306143078159937,1.0,1,stable_homogeneous,-0.09577389008813487,-0.10000000000003291,-3.0
lam_N_x_n_ASC,lam_N,n_ASC,2.306143078159937,1.2083333333333333,1,stable_homogeneous,-0.08960911021886857,-0.09999999999997124,-3.0
lam_N_x_n_ASC,lam_N,n_ASC,2.306143078159937,1.4166666666666667,1,stable_homogeneous,-0.07805344783221257,-0.10000000000000775,-3.0
lam_N_x_n_ASC,lam_N,n_ASC,2.306143078159937,1.625,1,stable_homogeneous,-0.06002367950650688,-0.10000000000002361,-3.0
lam_N_x_n_ASC,lam_N,n_ASC,2.306143078159937,1.8333333333333335,1,stable_homogeneous,-0.039507498798913764,-0.10000000000000858,-3.0
lam_N_x_n_ASC,lam_N,n_ASC,2.306143078159937,2.041666666666667,1,stable_homogeneous,-0.025116514408689564,-0.1000000000000023,-3.0
lam_N_x_n_ASC,lam_N,n_ASC,2.306143078159937,2.25,1,stable_homogeneous,-0.015841531953804437,-0.1000000000000006,-3.0
lam_N_x_n_ASC,lam_N,n_ASC,2.306143078159937,2.4583333333333335,1,nonuniform_instability,0.021013093069651594,-0.0999999999999998,-3.0
lam_N_x_n_ASC,lam_N,n_ASC,2.306143078159937,2.666666666666667,1,nonuniform_instability,0.07006873118554326,-0.10000000000000009,-3.0
lam_N_x_n_ASC,lam_N,n_ASC,2.306143078159937,2.875,1,nonuniform_instability,0.11544435728931547,-0.10000000000000012,-3.0
lam_N_x_n_ASC,lam_N,n_ASC,2.306143078159937,3.0833333333333335,1,nonuniform_instability,0.1535286730694767,-0.09999999999999976,-3.0
lam_N_x_n_ASC,lam_N,n_ASC,2.306143078159937,3.291666666666667,0,no_positive_fixed_point,,,
lam_N_x_n_ASC,lam_N,n_ASC,2.306143078159937,3.5,0,no_positive_fixed_point,,,
lam_N_x_n_ASC,lam_N,n_ASC,2.306143078159937,3.7083333333333335,0,no_positive_fixed_point,,,
lam_N_x_n_ASC,lam_N,n_ASC,2.306143078159937,3.916666666666667,1,nonuniform_instability,0.2625523828334956,-0.09999999999999987,-3.0
lam_N_x_n_ASC,lam_N,n_ASC,2.306143078159937,4.125,0,no_positive_fixed_point,,,
lam_N_x_n_ASC,lam_N,n_ASC,2.306143078159937,4.333333333333334,1,nonuniform_instability,0.3045469961168064,-0.10000000000000003,-3.0
lam_N_x_n_ASC,lam_N,n_ASC,2.306143078159937,4.541666666666667,0,no_positive_fixed_point,,,
lam_N_x_n_ASC,lam_N,n_ASC,2.306143078159937,4.75,1,nonuniform_instability,0.3424440209463772,-0.09999999999999987,-3.0
lam_N_x_n_ASC,lam_N,n_ASC,2.306143078159937,4.958333333333334,0,no_positive_fixed_point,,,
lam_N_x_n_ASC,lam_N,n_ASC,2.306143078159937,5.166666666666667,1,nonuniform_instability,0.3774919910657035,-0.09999999999999985,-3.0
lam_N_x_n_ASC,lam_N,n_ASC,2.306143078159937,5.375,1,nonuniform_instability,0.39418255660164175,-0.1000000000000002,-3.0
lam_N_x_n_ASC,lam_N,n_ASC,2.306143078159937,5.583333333333334,1,nonuniform_instability,0.41040345205173195,-0.09999999999999998,-3.0
lam_N_x_n_ASC,lam_N,n_ASC,2.306143078159937,5.791666666666667,1,nonuniform_instability,0.4262035731544287,-0.10000000000000009,-3.0
lam_N_x_n_ASC,lam_N,n_ASC,2.306143078159937,6.0,1,nonuniform_instability,0.4416230656583722,-0.10000000000000009,-3.0
lam_N_x_n_ASC,lam_N,n_ASC,2.7144176165949068,1.0,1,stable_homogeneous,-0.09456736250843772,-0.10000000000003352,-3.0
lam_N_x_n_ASC,lam_N,n_ASC,2.7144176165949068,1.2083333333333333,1,stable_homogeneous,-0.08608112878101556,-0.10000000000003961,-3.0
lam_N_x_n_ASC,lam_N,n_ASC,2.7144176165949068,1.4166666666666667,1,stable_homogeneous,-0.07051676444052846,-0.1000000000001019,-3.0
lam_N_x_n_ASC,lam_N,n_ASC,2.7144176165949068,1.625,1,stable_homogeneous,-0.0494324060307508,-0.10000000000000848,-3.0
lam_N_x_n_ASC,lam_N,n_ASC,2.7144176165949068,1.8333333333333335,1,stable_homogeneous,-0.03255593835817869,-0.10000000000000643,-3.0
lam_N_x_n_ASC,lam_N,n_ASC,2.7144176165949068,2.041666666666667,1,stable_homogeneous,-0.02473177852306322,-0.10000000000000032,-3.0
lam_N_x_n_ASC,lam_N,n_ASC,2.7144176165949068,2.25,1,nonuniform_instability,0.012447757296464055,-0.10000000000000003,-3.0
lam_N_x_n_ASC,lam_N,n_ASC,2.7144176165949068,2.4583333333333335,1,nonuniform_instability,0.06316983438080433,-0.09999999999999998,-3.0
lam_N_x_n_ASC,lam_N,n_ASC,2.7144176165949068,2.666666666666667,1,nonuniform_instability,0.10906724353938449,-0.09999999999999996,-3.0
lam_N_x_n_ASC,lam_N,n_ASC,2.7144176165949068,2.875,1,nonuniform_instability,0.14693746345427516,-0.09999999999999959,-3.0
lam_N_x_n_ASC,lam_N,n_ASC,2.7144176165949068,3.0833333333333335,1,nonuniform_instability,0.17886122142112576,-0.09999999999999976,-3.0
lam_N_x_n_ASC,lam_N,n_ASC,2.7144176165949068,3.291666666666667,1,nonuniform_instability,0.2067576809457161,-0.1000000000000001,-3.0
lam_N_x_n_ASC,lam_N,n_ASC,2.7144176165949068,3.5,1,nonuniform_instability,0.23186290881611993,-0.09999999999999964,-3.0
lam_N_x_n_ASC,lam_N,n_ASC,2.7144176165949068,3.7083333333333335,0,no_positive_fixed_point,,,
lam_N_x_n_ASC,lam_N,n_ASC,2.7144176165949068,3.916666666666667,0,no_positive_fixed_point,,,
lam_N_x_n_ASC,lam_N,n_ASC,2.7144176165949068,4.125,1,nonuniform_instability,0.29688484919803443,-0.09999999999999953,-3.0
lam_N_x_n_ASC,lam_N,n_ASC,2.7144176165949068,4.333333333333334,1,nonuniform_instability,0.31629387002860887,-0.09999999999999987,-3.0
lam_N_x_n_ASC,lam_N,n_ASC,2.7144176165949068,4.541666666666667,1,nonuniform_instability,0.334904346481285,-0.10000000000000009,-3.0
lam_N_x_n_ASC,lam_N,n_ASC,2.7144176165949068,4.75,1,nonuniform_instability,0.3528376438966339,-0.09999999999999998,-3.0
lam_N_x_n_ASC,lam_N,n_ASC,2.7144176165949068,4.958333333333334,1,nonuniform_instability,0.3701859128925112,-0.09999999999999987,-3.0
lam_N_x_n_ASC,lam_N,n_ASC,2.7144176165949068,5.166666666666667,1,nonuniform_instability,0.38702081569332447,-0.10000000000000003,-3.0
lam_N_x_n_ASC,lam_N,n_ASC,2.7144176165949068,5.375,1,nonuniform_instability,0.4033992733555345,-0.10000000000000031,-3.0
lam_N_x_n_ASC,lam_N,n_ASC,2.7144176165949068,5.583333333333334,1,nonuniform_instability,0.41936735414103754,-0.10000000000000003,-3.0
lam_N_x_n_ASC,lam_N,n_ASC,2.7144176165949068,5.791666666666667,1,nonuniform_instability,0.4349629690108741,-0.10000000000000014,-3.0
lam_N_x_n_ASC,lam_N,n_ASC,2.7144176165949068,6.0,1,nonuniform_instability,0.4502177819825447,-0.10000000000000014,-3.0
lam_N_x_n_ASC,lam_N,n_ASC,3.1949721884384226,1.0,1,stable_homogeneous,-0.09302538985818988,-0.099999999999971,-3.0
lam_N_x_n_ASC,lam_N,n_ASC,3.1949721884384226,1.2083333333333333,1,stable_homogeneous,-0.0816127930406463,-0.10000000000007075,-3.0
lam_N_x_n_ASC,lam_N,n_ASC,3.1949721884384226,1.4166666666666667,1,stable_homogeneous,-0.06213694025571416,-0.1000000000000079,-3.0
lam_N_x_n_ASC,lam_N,n_ASC,3.1949721884384226,1.625,1,stable_homogeneous,-0.04185423422567238,-0.10000000000001037,-3.0
lam_N_x_n_ASC,lam_N,n_ASC,3.1949721884384226,1.8333333333333335,1,stable_homogeneous,-0.034198472710818224,-0.09999999999999894,-3.0
lam_N_x_n_ASC,lam_N,n_ASC,3.1949721884384226,2.041666666666667,1,stable_homogeneous,-0.0022830104567349227,-0.09999999999999977,-3.0
lam_N_x_n_ASC,lam_N,n_ASC,3.1949721884384226,2.25,1,nonuniform_instability,0.04935095000574832,-0.09999999999999985,-3.0
lam_N_x_n_ASC,lam_N,n_ASC,3.1949721884384226,2.4583333333333335,1,nonuniform_instability,0.09680256249850254,-0.09999999999999998,-3.0
lam_N_x_n_ASC,lam_N,n_ASC,3.1949721884384226,2.666666666666667,1,nonuniform_instability,0.13543633230266744,-0.10000000000000003,-3.0
lam_N_x_n_ASC,lam_N,n_ASC,3.1949721884384226,2.875,1,nonuniform_instability,0.16770759237290236,-0.09999999999999998,-3.0
lam_N_x_n_ASC,lam_N,n_ASC,3.1949721884384226,3.0833333333333335,1,nonuniform_instability,0.19580023246346218,-0.09999999999999998,-3.0
lam_N_x_n_ASC,lam_N,n_ASC,3.1949721884384226,3.291666666666667,1,nonuniform_instability,0.22105740161533005,-0.10000000000000009,-3.0
lam_N_x_n_ASC,lam_N,n_ASC,3.1949721884384226,3.5,1,nonuniform_instability,0.2442910307142163,-0.09999999999999987,-3.0
lam_N_x_n_ASC,lam_N,n_ASC,3.1949721884384226,3.7083333333333335,1,nonuniform_instability,0.26601046431500264,-0.09999999999999963,-3.0
lam_N_x_n_ASC,lam_N,n_ASC,3.1949721884384226,3.916666666666667,1,nonuniform_instability,0.28654986249461506,-0.1000000000000002,-3.0
lam_N_x_n_ASC,lam_N,n_ASC,3.1949721884384226,4.125,1,nonuniform_instability,0.30613793321101584,-0.10000000000000009,-3.0
lam_N_x_n_ASC,lam_N,n_ASC,3.1949721884384226,4.333333333333334,1,nonuniform_instability,0.3249372355364549,-0.09999999999999998,-3.0
lam_N_x_n_ASC,lam_N,n_ASC,3.1949721884384226,4.541666666666667,1,nonuniform_instability,0.34306720819919984,-0.10000000000000009,-3.0
lam_N_x_n_ASC,lam_N,n_ASC,3.1949721884384226,4.75,1,nonuniform_instability,0.3606181926210711,-0.1000000000000002,-3.0
lam_N_x_n_ASC,lam_N,n_ASC,3.1949721884384226,4.958333333333334,1,nonuniform_instability,0.3776602818696757,-0.09999999999999998,-3.0
lam_N_x_n_ASC,lam_N,n_ASC,3.1949721884384226,5.166666666666667,1,nonuniform_instability,0.39424908726933977,-0.09999999999999987,-3.0
lam_N_x_n_ASC,lam_N,n_ASC,3.1949721884384226,5.375,1,nonuniform_instability,0.41042960647269916,-0.10000000000000031,-3.0
lam_N_x_n_ASC,lam_N,n_ASC,3.1949721884384226,5.583333333333334,1,nonuniform_instability,0.4262388861992955,-0.1000000000000002,-3.0
lam_N_x_n_ASC,lam_N,n_ASC,3.1949721884384226,5.791666666666667,1,nonuniform_instability,0.44170789851251063,-0.09999999999999992,-3.0
lam_N_x_n_ASC,lam_N,n_ASC,3.1949721884384226,6.0,1,nonuniform_instability,0.4568628910976142,-0.10000000000000014,-3.0
lam_N_x_n_ASC,lam_N,n_ASC,3.760603093086394,1.0,1,stable_homogeneous,-0.09108152348239278,-0.0999999999999708,-3.0
lam_N_x_n_ASC,lam_N,n_ASC,3.760603093086394,1.2083333333333333,1,stable_homogeneous,-0.07625418974558648,-0.09999999999996159,-3.0
lam_N_x_n_ASC,lam_N,n_ASC,3.760603093086394,1.4166666666666667,1,stable_homogeneous,-0.05447039966084588,-0.1000000000000083,-3.0
lam_N_x_n_ASC,lam_N,n_ASC,3.760603093086394,1.625,1,stable_homogeneous,-0.04112846153931443,-0.09999999999999748,-3.0
lam_N_x_n_ASC,lam_N,n_ASC,3.760603093086394,1.8333333333333335,1,stable_homogeneous,-0.021164630274010058,-0.09999999999999976,-3.0
lam_N_x_n_ASC,lam_N,n_ASC,3.760603093086394,2.041666666666667,1,nonuniform_instability,0.029392078196394302,-0.09999999999999973,-3.0
lam_N_x_n_ASC,lam_N,n_ASC,3.760603093086394,2.25,1,nonuniform_instability,0.0794713544985768,-0.10000000000000009,-3.0
lam_N_x_n_ASC,lam_N,n_ASC,3.760603093086394,2.4583333333333335,1,nonuniform_instability,0.11991394934033495,-0.1000000000000002,-3.0
lam_N_x_n_ASC,lam_N,n_ASC,3.760603093086394,2.666666666666667,1,nonuniform_instability,0.15320926895677428,-0.10000000000000055,-3.0
lam_N_x_n_ASC,lam_N,n_ASC,3.760603093086394,2.875,1,nonuniform_instability,0.18194215528151636,-0.10000000000000032,-3.0
lam_N_x_n_ASC,lam_N,n_ASC,3.760603093086394,3.0833333333333335,1,nonuniform_instability,0.2076586985239904,-0.09999999999999987,-3.0
lam_N_x_n_ASC,lam_N,n_ASC,3.760603093086394,3.291666666666667,1,nonuniform_instability,0.23126274777123057,-0.09999999999999999,-3.0
lam_N_x_n_ASC,lam_N,n_ASC,3.760603093086394,3.5,1,nonuniform_instability,0.2533062341344195,-0.09999999999999996,-3.0
lam_N_x_n_ASC,lam_N,n_ASC,3.760603093086394,3.7083333333333335,1,nonuniform_instability,0.2741438658768301,-0.09999999999999998,-3.0
lam_N_x_n_ASC,lam_N,n_ASC,3.760603093086394,3.916666666666667,1,nonuniform_instability,0.2940146451505659,-0.09999999999999987,-3.0
lam_N_x_n_ASC,lam_N,n_ASC,3.760603093086394,4.125,1,nonuniform_instability,0.3130864499112622,-0.09999999999999998,-3.0
lam_N_x_n_ASC,lam_N,n_ASC,3.760603093086394,4.333333333333334,1,nonuniform_instability,0.3314815363818873,-0.10000000000000031,-3.0
lam_N_x_n_ASC,lam_N,n_ASC,3.760603093086394,4.541666666666667,1,nonuniform_instability,0.34929177096010516,-0.09999999999999998,-3.0
lam_N_x_n_ASC,lam_N,n_ASC,3.760603093086394,4.75,1,nonuniform_instability,0.36658809097981737,-0.1000000000000002,-3.0
lam_N_x_n_ASC,lam_N,n_ASC,3.760603093086394,4.958333333333334,1,nonuniform_instability,0.3834265898548953,-0.09999999999999976,-3.0
lam_N_x_n_ASC,lam_N,n_ASC,3.760603093086394,5.166666666666667,1,nonuniform_instability,0.39985255448598916,-0.09999999999999964,-3.0
lam_N_x_n_ASC,lam_N,n_ASC,3.760603093086394,5.375,1,nonuniform_instability,0.4159032192992669,-0.10000000000000031,-3.0
lam_N_x_n_ASC,lam_N,n_ASC,3.760603093086394,5.583333333333334,1,nonuniform_instability,0.4316096919604904,-0.10000000000000009,-3.0
lam_N_x_n_ASC,lam_N,n_ASC,3.760603093086394,5.791666666666667,1,nonuniform_instability,0.4469983304289788,-0.10000000000000009,-3.0
lam_N_x_n_ASC,lam_N,n_ASC,3.760603093086394,6.0,1,nonuniform_instability,0.4620917475974862,-0.10000000000000009,-3.0
lam_N_x_n_ASC,lam_N,n_ASC,4.426372058857599,1.0,1,stable_homogeneous,-0.08868400855717391,-0.09999999999997068,-3.0
lam_N_x_n_ASC,lam_N,n_ASC,4.426372058857599,1.2083333333333333,1,stable_homogeneous,-0.07039116197210521,-0.10000000000002397,-3.0
lam_N_x_n_ASC,lam_N,n_ASC,4.426372058857599,1.4166666666666667,1,stable_homogeneous,-0.05004810877106891,-0.1000000000000018,-3.0
lam_N_x_n_ASC,lam_N,n_ASC,4.426372058857599,1.625,1,stable_homogeneous,-0.04057521323957935,-0.10000000000000062,-3.0
lam_N_x_n_ASC,lam_N,n_ASC,4.426372058857599,1.8333333333333335,1,nonuniform_instability,0.004071753143621381,-0.09999999999999998,-3.0
lam_N_x_n_ASC,lam_N,n_ASC,4.426372058857599,2.041666666666667,1,nonuniform_instability,0.05722198175293012,-0.10000000000000016,-3.0
lam_N_x_n_ASC,lam_N,n_ASC,4.426372058857599,2.25,1,nonuniform_instability,0.10070885652731702,-0.10000000000000021,-3.0
lam_N_x_n_ASC,lam_N,n_ASC,4.426372058857599,2.4583333333333335,1,nonuniform_instability,0.13579428616834838,-0.10000000000000023,-3.0
lam_N_x_n_ASC,lam_N,n_ASC,4.426372058857599,2.666666666666667,1,nonuniform_instability,0.16563001435712138,-0.09999999999999964,-3.0
lam_N_x_n_ASC,lam_N,n_ASC,4.426372058857599,2.875,1,nonuniform_instability,0.19210525094647624,-0.09999999999999987,-3.0
lam_N_x_n_ASC,lam_N,n_ASC,4.426372058857599,3.0833333333333335,0,no_positive_fixed_point,,,
lam_N_x_n_ASC,lam_N,n_ASC,4.426372058857599,3.291666666666667,0,no_positive_fixed_point,,,
lam_N_x_n_ASC,lam_N,n_ASC,4.426372058857599,3.5,1,nonuniform_instability,0.2600546303477817,-0.09999999999999998,-3.0
lam_N_x_n_ASC,lam_N,n_ASC,4.426372058857599,3.7083333333333335,1,nonuniform_instability,0.2802970196269398,-0.09999999999999996,-3.0
lam_N_x_n_ASC,lam_N,n_ASC,4.426372058857599,3.916666666666667,1,nonuniform_instability,0.2997122012399286,-0.09999999999999998,-3.0
lam_N_x_n_ASC,lam_N,n_ASC,4.426372058857599,4.125,1,nonuniform_instability,0.318429855969524,-0.09999999999999987,-3.0
lam_N_x_n_ASC,lam_N,n_ASC,4.426372058857599,4.333333333333334,1,nonuniform_instability,0.3365465001130256,-0.09999999999999987,-3.0
lam_N_x_n_ASC,lam_N,n_ASC,4.426372058857599,4.541666666666667,1,nonuniform_instability,0.35413611335254275,-0.09999999999999987,-3.0
lam_N_x_n_ASC,lam_N,n_ASC,4.426372058857599,4.75,1,nonuniform_instability,0.37125686501863425,-0.10000000000000042,-3.0
lam_N_x_n_ASC,lam_N,n_ASC,4.426372058857599,4.958333333333334,1,nonuniform_instability,0.3879555194955868,-0.09999999999999976,-3.0
lam_N_x_n_ASC,lam_N,n_ASC,4.426372058857599,5.166666666666667,1,nonuniform_instability,0.40427040385871127,-0.10000000000000009,-3.0
lam_N_x_n_ASC,lam_N,n_ASC,4.426372058857599,5.375,1,nonuniform_instability,0.42023346505606185,-0.10000000000000009,-3.0
lam_N_x_n_ASC,lam_N,n_ASC,4.426372058857599,5.583333333333334,1,nonuniform_instability,0.4358717278926208,-0.09999999999999998,-3.0
lam_N_x_n_ASC,lam_N,n_ASC,4.426372058857599,5.791666666666667,1,nonuniform_instability,0.45120835135673276,-0.10000000000000003,-3.0
lam_N_x_n_ASC,lam_N,n_ASC,4.426372058857599,6.0,1,nonuniform_instability,0.4662634089499091,-0.10000000000000003,-3.0
lam_N_x_n_ASC,lam_N,n_ASC,5.2100073095869135,1.0,1,stable_homogeneous,-0.08582855032294752,-0.1000000000000397,-3.0
lam_N_x_n_ASC,lam_N,n_ASC,5.2100073095869135,1.2083333333333333,1,stable_homogeneous,-0.06495788825862799,-0.09999999999997745,-3.0
lam_N_x_n_ASC,lam_N,n_ASC,5.2100073095869135,1.4166666666666667,1,stable_homogeneous,-0.05214742395990746,-0.10000000000000171,-3.0
lam_N_x_n_ASC,lam_N,n_ASC,5.2100073095869135,1.625,1,stable_homogeneous,-0.024190632140756944,-0.0999999999999999,-3.0
lam_N_x_n_ASC,lam_N,n_ASC,5.2100073095869135,1.8333333333333335,1,nonuniform_instability,0.029711029493915336,-0.10000000000000012,-3.0
lam_N_x_n_ASC,lam_N,n_ASC,5.2100073095869135,2.041666666666667,1,nonuniform_instability,0.07767973483828738,-0.09999999999999973,-3.0
lam_N_x_n_ASC,lam_N,n_ASC,5.2100073095869135,2.25,1,nonuniform_instability,0.1155573429991346,-0.09999999999999976,-3.0
lam_N_x_n_ASC,lam_N,n_ASC,5.2100073095869135,2.4583333333333335,0,no_positive_fixed_point,,,
lam_N_x_n_ASC,lam_N,n_ASC,5.2100073095869135,2.666666666666667,0,no_positive_fixed_point,,,
lam_N_x_n_ASC,lam_N,n_ASC,5.2100073095869135,2.875,0,no_positive_fixed_point,,,
lam_N_x_n_ASC,lam_N,n_ASC,5.2100073095869135,3.0833333333333335,1,nonuniform_instability,0.2227569688135976,-0.09999999999999999,-3.0
lam_N_x_n_ASC,lam_N,n_ASC,5.2100073095869135,3.291666666666667,0,no_positive_fixed_point,,,
lam_N_x_n_ASC,lam_N,n_ASC,5.2100073095869135,3.5,0,no_positive_fixed_point,,,
lam_N_x_n_ASC,lam_N,n_ASC,5.2100073095869135,3.7083333333333335,0,no_positive_fixed_point,,,
lam_N_x_n_ASC,lam_N,n_ASC,5.2100073095869135,3.916666666666667,0,no_positive_fixed_point,,,
lam_N_x_n_ASC,lam_N,n_ASC,5.2100073095869135,4.125,0,no_positive_fixed_point,,,
lam_N_x_n_ASC,lam_N,n_ASC,5.2100073095869135,4.333333333333334,1,nonuniform_instability,0.3405342310800055,-0.1000000000000002,-3.0
lam_N_x_n_ASC,lam_N,n_ASC,5.2100073095869135,4.541666666666667,1,nonuniform_instability,0.3579669680758537,-0.10000000000000009,-3.0
lam_N_x_n_ASC,lam_N,n_ASC,5.2100073095869135,4.75,1,nonuniform_instability,0.37496316110962147,-0.1000000000000002,-3.0
lam_N_x_n_ASC,lam_N,n_ASC,5.2100073095869135,4.958333333333334,1,nonuniform_instability,0.39156310166758634,-0.10000000000000009,-3.0
lam_N_x_n_ASC,lam_N,n_ASC,5.2100073095869135,5.166666666666667,1,nonuniform_instability,0.40780024166709367,-0.10000000000000032,-3.0
lam_N_x_n_ASC,lam_N,n_ASC,5.2100073095869135,5.375,1,nonuniform_instability,0.4237027917172507,-0.09999999999999992,-3.0
lam_N_x_n_ASC,lam_N,n_ASC,5.2100073095869135,5.583333333333334,1,nonuniform_instability,0.43929486873020274,-0.10000000000000014,-3.0
lam_N_x_n_ASC,lam_N,n_ASC,5.2100073095869135,5.791666666666667,1,nonuniform_instability,0.4545973370206094,-0.09999999999999998,-3.0
lam_N_x_n_ASC,lam_N,n_ASC,5.2100073095869135,6.0,1,nonuniform_instability,0.4696284368132613,-0.10000000000000026,-3.0
lam_N_x_n_ASC,lam_N,n_ASC,6.132375635173039,1.0,1,stable_homogeneous,-0.08261620409069771,-0.10000000000000864,-3.0
lam_N_x_n_ASC,lam_N,n_ASC,6.132375635173039,1.2083333333333333,1,stable_homogeneous,-0.06159837960250069,-0.09999999999998503,-3.0
lam_N_x_n_ASC,lam_N,n_ASC,6.132375635173039,1.4166666666666667,1,stable_homogeneous,-0.04962132524926924,-0.09999999999999976,-3.0
lam_N_x_n_ASC,lam_N,n_ASC,6.132375635173039,1.625,1,stable_homogeneous,-0.0030464924840743444,-0.10000000000000009,-3.0
lam_N_x_n_ASC,lam_N,n_ASC,6.132375635173039,1.8333333333333335,1,nonuniform_instability,0.05016817101294484,-0.10000000000000032,-3.0
lam_N_x_n_ASC,lam_N,n_ASC,6.132375635173039,2.041666666666667,1,nonuniform_instability,0.09225958894495054,-0.1000000000000001,-3.0
lam_N_x_n_ASC,lam_N,n_ASC,6.132375635173039,2.25,1,nonuniform_instability,0.12621095905799426,-0.10000000000000009,-3.0
lam_N_x_n_ASC,lam_N,n_ASC,6.132375635173039,2.4583333333333335,0,no_positive_fixed_point,,,
lam_N_x_n_ASC,lam_N,n_ASC,6.132375635173039,2.666666666666667,1,nonuniform_instability,0.18135708544533283,-0.10000000000000009,-3.0
lam_N_x_n_ASC,lam_N,n_ASC,6.132375635173039,2.875,0,no_positive_fixed_point,,,
lam_N_x_n_ASC,lam_N,n_ASC,6.132375635173039,3.0833333333333335,0,no_positive_fixed_point,,,
lam_N_x_n_ASC,lam_N,n_ASC,6.132375635173039,3.291666666666667,0,no_positive_fixed_point,,,
lam_N_x_n_ASC,lam_N,n_ASC,6.132375635173039,3.5,0,no_positive_fixed_point,,,
lam_N_x_n_ASC,lam_N,n_ASC,6.132375635173039,3.7083333333333335,0,no_positive_fixed_point,,,
lam_N_x_n_ASC,lam_N,n_ASC,6.132375635173039,3.916666666666667,0,no_positive_fixed_point,,,
lam_N_x_n_ASC,lam_N,n_ASC,6.132375635173039,4.125,0,no_positive_fixed_point,,,
lam_N_x_n_ASC,lam_N,n_ASC,6.132375635173039,4.333333333333334,0,no_positive_fixed_point,,,
lam_N_x_n_ASC,lam_N,n_ASC,6.132375635173039,4.541666666666667,0,no_positive_fixed_point,,,
lam_N_x_n_ASC,lam_N,n_ASC,6.132375635173039,4.75,0,no_positive_fixed_point,,,
lam_N_x_n_ASC,lam_N,n_ASC,6.132375635173039,4.958333333333334,0,no_positive_fixed_point,,,
lam_N_x_n_ASC,lam_N,n_ASC,6.132375635173039,5.166666666666667,0,no_positive_fixed_point,,,
lam_N_x_n_ASC,lam_N,n_ASC,6.132375635173039,5.375,0,no_positive_fixed_point,,,
lam_N_x_n_ASC,lam_N,n_ASC,6.132375635173039,5.583333333333334,0,no_positive_fixed_point,,,
lam_N_x_n_ASC,lam_N,n_ASC,6.132375635173039,5.791666666666667,1,nonuniform_instability,0.457350740942639,-0.09999999999999987,-3.0
lam_N_x_n_ASC,lam_N,n_ASC,6.132375635173039,6.0,1,nonuniform_instability,0.47236695760110775,-0.09999999999999998,-3.0
lam_N_x_n_ASC,lam_N,n_ASC,7.218038036465943,1.0,1,stable_homogeneous,-0.0793405865603911,-0.10000000000000807,-3.0
lam_N_x_n_ASC,lam_N,n_ASC,7.218038036465943,1.2083333333333333,1,stable_homogeneous,-0.062582600965915,-0.09999999999999593,-3.0
lam_N_x_n_ASC,lam_N,n_ASC,7.218038036465943,1.4166666666666667,1,stable_homogeneous,-0.03718228203309144,-0.10000000000000042,-3.0
lam_N_x_n_ASC,lam_N,n_ASC,7.218038036465943,1.625,1,nonuniform_instability,0.01707434430080419,-0.10000000000000009,-3.0
lam_N_x_n_ASC,lam_N,n_ASC,7.218038036465943,1.8333333333333335,1,nonuniform_instability,0.06523038714662745,-0.09999999999999976,-3.0
lam_N_x_n_ASC,lam_N,n_ASC,7.218038036465943,2.041666666666667,1,nonuniform_instability,0.10281771483517547,-0.10000000000000077,-3.0
lam_N_x_n_ASC,lam_N,n_ASC,7.218038036465943,2.25,0,no_positive_fixed_point,,,
lam_N_x_n_ASC,lam_N,n_ASC,7.218038036465943,2.4583333333333335,1,nonuniform_instability,0.16153460317560242,-0.10000000000000009,-3.0
lam_N_x_n_ASC,lam_N,n_ASC,7.218038036465943,2.666666666666667,0,no_positive_fixed_point,,,
lam_N_x_n_ASC,lam_N,n_ASC,7.218038036465943,2.875,0,no_positive_fixed_point,,,
lam_N_x_n_ASC,lam_N,n_ASC,7.218038036465943,3.0833333333333335,1,nonuniform_instability,0.23161154470087572,-0.10000000000000042,-3.0
lam_N_x_n_ASC,lam_N,n_ASC,7.218038036465943,3.291666666666667,0,no_positive_fixed_point,,,
lam_N_x_n_ASC,lam_N,n_ASC,7.218038036465943,3.5,0,no_positive_fixed_point,,,
lam_N_x_n_ASC,lam_N,n_ASC,7.218038036465943,3.7083333333333335,0,no_positive_fixed_point,,,
lam_N_x_n_ASC,lam_N,n_ASC,7.218038036465943,3.916666666666667,0,no_positive_fixed_point,,,
lam_N_x_n_ASC,lam_N,n_ASC,7.218038036465943,4.125,0,no_positive_fixed_point,,,
lam_N_x_n_ASC,lam_N,n_ASC,7.218038036465943,4.333333333333334,0,no_positive_fixed_point,,,
lam_N_x_n_ASC,lam_N,n_ASC,7.218038036465943,4.541666666666667,0,no_positive_fixed_point,,,
lam_N_x_n_ASC,lam_N,n_ASC,7.218038036465943,4.75,0,no_positive_fixed_point,,,
lam_N_x_n_ASC,lam_N,n_ASC,7.218038036465943,4.958333333333334,0,no_positive_fixed_point,,,
lam_N_x_n_ASC,lam_N,n_ASC,7.218038036465943,5.166666666666667,0,no_positive_fixed_point,,,
lam_N_x_n_ASC,lam_N,n_ASC,7.218038036465943,5.375,0,no_positive_fixed_point,,,
lam_N_x_n_ASC,lam_N,n_ASC,7.218038036465943,5.583333333333334,0,no_positive_fixed_point,,,
lam_N_x_n_ASC,lam_N,n_ASC,7.218038036465943,5.791666666666667,0,no_positive_fixed_point,,,
lam_N_x_n_ASC,lam_N,n_ASC,7.218038036465943,6.0,1,nonuniform_instability,0.4746117212535125,-0.09999999999999987,-3.0
lam_N_x_n_ASC,lam_N,n_ASC,8.495903740312706,1.0,1,stable_homogeneous,-0.07659018521033877,-0.09999999999999298,-3.0
lam_N_x_n_ASC,lam_N,n_ASC,8.495903740312706,1.2083333333333333,1,stable_homogeneous,-0.06318629109502392,-0.09999999999999998,-3.0
lam_N_x_n_ASC,lam_N,n_ASC,8.495903740312706,1.4166666666666667,1,stable_homogeneous,-0.021340023773097454,-0.10000000000000048,-3.0
lam_N_x_n_ASC,lam_N,n_ASC,8.495903740312706,1.625,1,nonuniform_instability,0.033190761368458103,-0.1000000000000001,-3.0
lam_N_x_n_ASC,lam_N,n_ASC,8.495903740312706,1.8333333333333335,1,nonuniform_instability,0.0762661504634257,-0.09999999999999962,-3.0
lam_N_x_n_ASC,lam_N,n_ASC,8.495903740312706,2.041666666666667,1,nonuniform_instability,0.11065347973360293,-0.10000000000000053,-3.0
lam_N_x_n_ASC,lam_N,n_ASC,8.495903740312706,2.25,1,nonuniform_instability,0.14003703152679287,-0.1000000000000002,-3.0
lam_N_x_n_ASC,lam_N,n_ASC,8.495903740312706,2.4583333333333335,0,no_positive_fixed_point,,,
lam_N_x_n_ASC,lam_N,n_ASC,8.495903740312706,2.666666666666667,0,no_positive_fixed_point,,,
lam_N_x_n_ASC,lam_N,n_ASC,8.495903740312706,2.875,1,nonuniform_instability,0.21318941759869148,-0.10000000000000009,-3.0
lam_N_x_n_ASC,lam_N,n_ASC,8.495903740312706,3.0833333333333335,1,nonuniform_instability,0.23469656283212945,-0.09999999999999998,-3.0
lam_N_x_n_ASC,lam_N,n_ASC,8.495903740312706,3.291666666666667,0,no_positive_fixed_point,,,
lam_N_x_n_ASC,lam_N,n_ASC,8.495903740312706,3.5,0,no_positive_fixed_point,,,
lam_N_x_n_ASC,lam_N,n_ASC,8.495903740312706,3.7083333333333335,0,no_positive_fixed_point,,,
lam_N_x_n_ASC,lam_N,n_ASC,8.495903740312706,3.916666666666667,0,no_positive_fixed_point,,,
lam_N_x_n_ASC,lam_N,n_ASC,8.495903740312706,4.125,0,no_positive_fixed_point,,,
lam_N_x_n_ASC,lam_N,n_ASC,8.495903740312706,4.333333333333334,0,no_positive_fixed_point,,,
lam_N_x_n_ASC,lam_N,n_ASC,8.495903740312706,4.541666666666667,0,no_positive_fixed_point,,,
lam_N_x_n_ASC,lam_N,n_ASC,8.495903740312706,4.75,0,no_positive_fixed_point,,,
lam_N_x_n_ASC,lam_N,n_ASC,8.495903740312706,4.958333333333334,0,no_positive_fixed_point,,,
lam_N_x_n_ASC,lam_N,n_ASC,8.495903740312706,5.166666666666667,0,no_positive_fixed_point,,,
lam_N_x_n_ASC,lam_N,n_ASC,8.495903740312706,5.375,0,no_positive_fixed_point,,,
lam_N_x_n_ASC,lam_N,n_ASC,8.495903740312706,5.583333333333334,0,no_positive_fixed_point,,,
lam_N_x_n_ASC,lam_N,n_ASC,8.495903740312706,5.791666666666667,0,no_positive_fixed_point,,,
lam_N_x_n_ASC,lam_N,n_ASC,8.495903740312706,6.0,0,no_positive_fixed_point,,,
lam_N_x_n_ASC,lam_N,n_ASC,10.0,1.0,1,stable_homogeneous,-0.0752964255924806,-0.09999999999998485,-3.0
lam_N_x_n_ASC,lam_N,n_ASC,10.0,1.2083333333333333,1,stable_homogeneous,-0.056359764103405215,-0.10000000000000002,-3.0
lam_N_x_n_ASC,lam_N,n_ASC,10.0,1.4166666666666667,1,stable_homogeneous,-0.005401326677141047,-0.09999999999999959,-3.0
lam_N_x_n_ASC,lam_N,n_ASC,10.0,1.625,1,nonuniform_instability,0.045372175846440425,-0.09999999999999998,-3.0
lam_N_x_n_ASC,lam_N,n_ASC,10.0,1.8333333333333335,0,no_positive_fixed_point,,,
lam_N_x_n_ASC,lam_N,n_ASC,10.0,2.041666666666667,1,nonuniform_instability,0.1166044037096097,-0.10000000000000032,-3.0
lam_N_x_n_ASC,lam_N,n_ASC,10.0,2.25,0,no_positive_fixed_point,,,
lam_N_x_n_ASC,lam_N,n_ASC,10.0,2.4583333333333335,1,nonuniform_instability,0.17007497124838183,-0.10000000000000031,-3.0
lam_N_x_n_ASC,lam_N,n_ASC,10.0,2.666666666666667,0,no_positive_fixed_point,,,
lam_N_x_n_ASC,lam_N,n_ASC,10.0,2.875,1,nonuniform_instability,0.21596237565007642,-0.10000000000000009,-3.0
lam_N_x_n_ASC,lam_N,n_ASC,10.0,3.0833333333333335,0,no_positive_fixed_point,,,
lam_N_x_n_ASC,lam_N,n_ASC,10.0,3.291666666666667,1,nonuniform_instability,0.25752483777267116,-0.09999999999999976,-3.0
lam_N_x_n_ASC,lam_N,n_ASC,10.0,3.5,0,no_positive_fixed_point,,,
lam_N_x_n_ASC,lam_N,n_ASC,10.0,3.7083333333333335,0,no_positive_fixed_point,,,
lam_N_x_n_ASC,lam_N,n_ASC,10.0,3.916666666666667,0,no_positive_fixed_point,,,
lam_N_x_n_ASC,lam_N,n_ASC,10.0,4.125,1,nonuniform_instability,0.3325653739648348,-0.09999999999999998,-3.0
lam_N_x_n_ASC,lam_N,n_ASC,10.0,4.333333333333334,1,nonuniform_instability,0.35008650603125396,-0.09999999999999998,-3.0
lam_N_x_n_ASC,lam_N,n_ASC,10.0,4.541666666666667,1,nonuniform_instability,0.3672051424471312,-0.09999999999999998,-3.0
lam_N_x_n_ASC,lam_N,n_ASC,10.0,4.75,1,nonuniform_instability,0.3839539017309075,-0.09999999999999998,-3.0
lam_N_x_n_ASC,lam_N,n_ASC,10.0,4.958333333333334,1,nonuniform_instability,0.4003604547606582,-0.10000000000000009,-3.0
lam_N_x_n_ASC,lam_N,n_ASC,10.0,5.166666666666667,1,nonuniform_instability,0.4164485980054682,-0.09999999999999998,-3.0
lam_N_x_n_ASC,lam_N,n_ASC,10.0,5.375,1,nonuniform_instability,0.43223903847180983,-0.09999999999999987,-3.0
lam_N_x_n_ASC,lam_N,n_ASC,10.0,5.583333333333334,1,nonuniform_instability,0.4477499792073783,-0.09999999999999987,-3.0
lam_N_x_n_ASC,lam_N,n_ASC,10.0,5.791666666666667,1,nonuniform_instability,0.46299756447208246,-0.1000000000000002,-3.0
lam_N_x_n_ASC,lam_N,n_ASC,10.0,6.0,1,nonuniform_instability,0.4779962234692393,-0.10000000000000009,-3.0
